file,Allele,nident,qlen,pident,gaps,sstart,send,Allele,nident,qlen,pident,gaps,sstart,send,,,,,,,
1a6a,DRA*01:03,176,176,1,0,5,180,DRB1*03:01,187,187,1,0,5,191,HLA-DRA*0101_HLA-DRB1*0301,2.75,DRA*01:01,DRB1*03:01,,,
1a6a,DRA*01:01,176,176,1,0,5,180,DRB1*03:132,186,187,0.994652406,0,5,191,,,,,,,
1a6a,DRA*01:02,176,176,1,0,2,177,DRB1*03:07,186,187,0.994652406,0,5,191,,,,,,,
1a6a,DRA*01:05,175,176,0.994318182,0,5,180,DRB1*03:06,186,187,0.994652406,0,5,191,,,,,,,
1a6a,DRA*01:04,175,176,0.994318182,0,5,180,DRB1*03:04,186,187,0.994652406,0,5,191,,,,,,,
1aqd,DRA*01:01,179,179,1,0,3,181,DRB1*01:115,187,187,1,0,4,190,HLA-DRA*0101_HLA-DRB1*0101,2.45,DRA*01:01,DRB1*01:01,,,
1aqd,DRA*01:03,179,179,1,0,3,181,DRB1*01:01,187,187,1,0,4,190,,,,,,,
1aqd,DRA*01:02,178,179,0.994413408,0,1,178,DRB1*01:07,186,187,0.994652406,0,4,190,,,,,,,
1aqd,DRA*01:05,178,179,0.994413408,0,3,181,DRB1*01:112,186,187,0.994652406,0,4,190,,,,,,,
1aqd,DRA*01:04,178,179,0.994413408,0,3,181,DRB1*01:82,186,187,0.994652406,0,4,190,,,,,,,
1bx2,DRA*01:03,180,180,1,0,2,181,DRB1*15:01,191,191,1,0,3,193,HLA-DRA*0101_HLA-DRB1*1501,2.6,DRA*01:01,DRB1*15:01,,,
1bx2,DRA*01:01,180,180,1,0,2,181,DRB1*15:06,190,191,0.994764398,0,3,193,,,,,,,
1bx2,DRA*01:05,179,180,0.994444444,0,2,181,DRB1*15:198,190,191,0.994764398,0,3,193,,,,,,,
1bx2,DRA*01:04,179,180,0.994444444,0,2,181,DRB1*15:07,190,191,0.994764398,0,3,193,,,,,,,
1bx2,DRA*01:02,178,180,0.988888889,0,1,178,DRB1*15:18,190,191,0.994764398,0,3,193,,,,,,,
1d5m,DRA*01:01,178,178,1,0,4,181,DRB1*04:274,180,181,0.994475138,8,2,190,HLA-DRA*0101_HLA-DRB1*0401,2,DRA*01:01,DRB1*04:01,,,
1d5m,DRA*01:03,178,178,1,0,4,181,DRB1*04:01,180,181,0.994475138,8,2,190,,,,,,,
1d5m,DRA*01:02,178,178,1,0,1,178,DRB1*04:334,180,181,0.994475138,8,2,190,,,,,,,
1d5m,DRA*01:05,177,178,0.994382022,0,4,181,DRB1*04:38,179,181,0.988950276,8,2,190,,,,,,,
1d5m,DRA*01:04,177,178,0.994382022,0,4,181,DRB1*04:16,179,181,0.988950276,8,2,190,,,,,,,
1d5x,DRA*01:01,179,179,1,0,3,181,DRB1*04:274,183,183,1,7,1,190,HLA-DRA*0101_HLA-DRB1*0401,2.45,DRA*01:01,DRB1*04:01,,,
1d5x,DRA*01:03,179,179,1,0,3,181,DRB1*04:01,183,183,1,7,1,190,,,,,,,
1d5x,DRA*01:02,178,179,0.994413408,0,1,178,DRB1*04:334,183,183,1,7,1,190,,,,,,,
1d5x,DRA*01:05,178,179,0.994413408,0,3,181,DRB1*04:38,182,183,0.994535519,7,1,190,,,,,,,
1d5x,DRA*01:04,178,179,0.994413408,0,3,181,DRB1*04:16,182,183,0.994535519,7,1,190,,,,,,,
1d5z,DRA*01:01,178,178,1,0,3,180,DRB1*04:274,181,181,1,9,1,190,HLA-DRA*0101_HLA-DRB1*0401,2,DRA*01:01,DRB1*04:01,,,
1d5z,DRA*01:03,178,178,1,0,3,180,DRB1*04:01,181,181,1,9,1,190,,,,,,,
1d5z,DRA*01:02,177,178,0.994382022,0,1,177,DRB1*04:334,181,181,1,9,1,190,,,,,,,
1d5z,DRA*01:05,177,178,0.994382022,0,3,180,DRB1*04:16,180,181,0.994475138,9,1,190,,,,,,,
1d5z,DRA*01:04,177,178,0.994382022,0,3,180,DRB1*04:314,180,181,0.994475138,9,1,190,,,,,,,
1d6e,DRA*01:02,177,177,1,0,1,177,DRB1*04:274,179,179,1,9,3,190,HLA-DRA*0101_HLA-DRB1*0401,2.45,DRA*01:01,DRB1*04:01,,,
1d6e,DRA*01:01,177,177,1,0,4,180,DRB1*04:01,179,179,1,9,3,190,,,,,,,
1d6e,DRA*01:03,177,177,1,0,4,180,DRB1*04:334,179,179,1,9,3,190,,,,,,,
1d6e,DRA*01:05,176,177,0.994350282,0,4,180,DRB1*04:16,178,179,0.994413408,9,3,190,,,,,,,
1d6e,DRA*01:04,176,177,0.994350282,0,4,180,DRB1*04:314,178,179,0.994413408,9,3,190,,,,,,,
1dlh,DRA*01:03,180,180,1,0,3,182,DRB1*01:115,188,188,1,0,3,190,HLA-DRA*0101_HLA-DRB1*0101,2.8,DRA*01:01,DRB1*01:01,,,
1dlh,DRA*01:01,180,180,1,0,3,182,DRB1*01:01,188,188,1,0,3,190,,,,,,,
1dlh,DRA*01:02,179,180,0.994444444,0,1,179,DRB1*01:112,187,188,0.994680851,0,3,190,,,,,,,
1dlh,DRA*01:05,179,180,0.994444444,0,3,182,DRB1*01:07,187,188,0.994680851,0,3,190,,,,,,,
1dlh,DRA*01:04,179,180,0.994444444,0,3,182,DRB1*01:82,187,188,0.994680851,0,3,190,,,,,,,
1fv1,DRA*01:01,179,179,1,0,3,181,DRB5*01:01,190,190,1,0,1,190,HLA-DRA*0101_HLA-DRB5*0101,1.9,DRA*01:01,DRB5*01:01,,,
1fv1,DRA*01:03,179,179,1,0,3,181,DRB5*01:02,187,190,0.984210526,0,1,190,,,,,,,
1fv1,DRA*01:02,178,179,0.994413408,0,1,178,DRB5*01:03,186,190,0.978947368,0,1,190,,,,,,,
1fv1,DRA*01:05,178,179,0.994413408,0,3,181,DRB5*01:40,185,190,0.973684211,0,1,185,,,,,,,
1fv1,DRA*01:04,178,179,0.994413408,0,3,181,DRB5*01:117,185,190,0.973684211,0,1,185,,,,,,,
1fyt,DRA*01:03,180,180,1,0,2,181,DRB1*01:115,179,179,1,9,3,190,HLA-DRA*0101_HLA-DRB1*0101,2.6,DRA*01:01,DRB1*01:01,,,
1fyt,DRA*01:01,180,180,1,0,2,181,DRB1*01:01,179,179,1,9,3,190,,,,,,,
1fyt,DRA*01:05,179,180,0.994444444,0,2,181,DRB1*01:07,178,179,0.994413408,9,3,190,,,,,,,
1fyt,DRA*01:04,179,180,0.994444444,0,2,181,DRB1*01:82,178,179,0.994413408,9,3,190,,,,,,,
1fyt,DRA*01:02,178,180,0.988888889,0,1,178,DRB1*01:112,178,179,0.994413408,9,3,190,,,,,,,
1h15,DRA*01:03,180,180,1,0,3,182,DRB5*01:01,189,189,1,0,2,190,HLA-DRA*0101_HLA-DRB5*0101,3.1,DRA*01:01,DRB5*01:01,,,
1h15,DRA*01:01,180,180,1,0,3,182,DRB5*01:02,186,189,0.984126984,0,2,190,,,,,,,
1h15,DRA*01:02,179,180,0.994444444,0,1,179,DRB5*01:03,185,189,0.978835979,0,2,190,,,,,,,
1h15,DRA*01:05,179,180,0.994444444,0,3,182,DRB5*01:117,185,189,0.978835979,0,1,185,,,,,,,
1h15,DRA*01:04,179,180,0.994444444,0,3,182,DRB5*01:109,185,189,0.978835979,0,1,185,,,,,,,
1hqr,DRA*01:01,178,178,1,1,3,181,DRB5*01:01,180,180,1,9,2,190,HLA-DRA*0101_HLA-DRB5*0101,3.2,DRA*01:01,DRB5*01:01,,,
1hqr,DRA*01:03,178,178,1,1,3,181,DRB5*01:02,177,180,0.983333333,9,2,190,,,,,,,
1hqr,DRA*01:02,177,178,0.994382022,1,1,178,DRB5*01:03,176,180,0.977777778,9,2,190,,,,,,,
1hqr,DRA*01:05,177,178,0.994382022,1,3,181,DRB5*01:40,176,180,0.977777778,9,1,185,,,,,,,
1hqr,DRA*01:04,177,178,0.994382022,1,3,181,DRB5*01:117,176,180,0.977777778,9,1,185,,,,,,,
1hxy,DRA*01:03,180,180,1,0,3,182,DRB1*01:115,180,180,1,8,3,190,HLA-DRA*0101_HLA-DRB1*0101,2.6,DRA*01:01,DRB1*01:01 mising 106-116,,,
1hxy,DRA*01:01,180,180,1,0,3,182,DRB1*01:01,180,180,1,8,3,190,,,,,,,
1hxy,DRA*01:02,179,180,0.994444444,0,1,179,DRB1*01:07,179,180,0.994444444,8,3,190,,,,,,,
1hxy,DRA*01:05,179,180,0.994444444,0,3,182,DRB1*01:112,179,180,0.994444444,8,3,190,,,,,,,
1hxy,DRA*01:04,179,180,0.994444444,0,3,182,DRB1*01:82,179,180,0.994444444,8,3,190,,,,,,,
1j8h,DRA*01:03,180,180,1,0,2,181,DRB1*04:274,179,180,0.994444444,8,3,190,HLA-DRA*0101_HLA-DRB1*0401,2.4,DRA*01:01,DRB1*04:01 L170V,,,
1j8h,DRA*01:01,180,180,1,0,2,181,DRB1*04:01,179,180,0.994444444,8,3,190,,,,,,,
1j8h,DRA*01:05,179,180,0.994444444,0,2,181,DRB1*04:334,179,180,0.994444444,8,3,190,,,,,,,
1j8h,DRA*01:04,179,180,0.994444444,0,2,181,DRB1*04:38,178,180,0.988888889,8,3,190,,,,,,,
1j8h,DRA*01:02,178,180,0.988888889,0,1,178,DRB1*04:16,178,180,0.988888889,8,3,190,,,,,,,
1jk8,DQA1*03:28,181,181,1,0,4,184,DQB1*03:416,190,190,1,0,3,192,HLA-DQA1*0302_HLA-DQB1*0302,2.4,DQA1*03:02,DQB1*03:02,,,
1jk8,DQA1*03:17,181,181,1,0,4,184,DQB1*03:289,190,190,1,0,3,192,,,,,,,
1jk8,DQA1*03:03,181,181,1,0,4,184,DQB1*03:02,190,190,1,0,3,192,,,,,,,
1jk8,DQA1*03:02,181,181,1,0,4,184,DQB1*03:415,190,190,1,0,3,192,,,,,,,
1jk8,DQA1*03:21,181,181,1,0,4,184,DQB1*03:464,190,190,1,0,3,192,,,,,,,
1jwm,DRA*01:03,180,180,1,0,3,182,DRB1*01:115,187,187,1,3,1,190,HLA-DRA*0101_HLA-DRB1*0101,2.7,DRA*01:01,DRB1*01:01,,,
1jwm,DRA*01:01,180,180,1,0,3,182,DRB1*01:01,187,187,1,3,1,190,,,,,,,
1jwm,DRA*01:02,179,180,0.994444444,0,1,179,DRB1*01:07,186,187,0.994652406,3,1,190,,,,,,,
1jwm,DRA*01:05,179,180,0.994444444,0,3,182,DRB1*01:112,186,187,0.994652406,3,1,190,,,,,,,
1jwm,DRA*01:04,179,180,0.994444444,0,3,182,DRB1*01:82,186,187,0.994652406,3,1,190,,,,,,,
1jws,DRA*01:03,180,180,1,0,3,182,DRB1*01:115,187,187,1,3,1,190,HLA-DRA*0101_HLA-DRB1*0101,2.6,DRA*01:01,DRB1*01:01,,,
1jws,DRA*01:01,180,180,1,0,3,182,DRB1*01:01,187,187,1,3,1,190,,,,,,,
1jws,DRA*01:02,179,180,0.994444444,0,1,179,DRB1*01:07,186,187,0.994652406,3,1,190,,,,,,,
1jws,DRA*01:05,179,180,0.994444444,0,3,182,DRB1*01:112,186,187,0.994652406,3,1,190,,,,,,,
1jws,DRA*01:04,179,180,0.994444444,0,3,182,DRB1*01:82,186,187,0.994652406,3,1,190,,,,,,,
1jwu,DRA*01:03,180,180,1,0,3,182,DRB1*01:115,187,187,1,3,1,190,HLA-DRA*0101_HLA-DRB1*0101,2.3,DRA*01:01,DRB1*01:01,,,
1jwu,DRA*01:01,180,180,1,0,3,182,DRB1*01:01,187,187,1,3,1,190,,,,,,,
1jwu,DRA*01:02,179,180,0.994444444,0,1,179,DRB1*01:07,186,187,0.994652406,3,1,190,,,,,,,
1jwu,DRA*01:05,179,180,0.994444444,0,3,182,DRB1*01:112,186,187,0.994652406,3,1,190,,,,,,,
1jwu,DRA*01:04,179,180,0.994444444,0,3,182,DRB1*01:82,186,187,0.994652406,3,1,190,,,,,,,
1kg0,DRA*01:03,180,180,1,0,3,182,DRB1*01:115,188,188,1,0,3,190,HLA-DRA*0101_HLA-DRB1*0101,2.65,DRA*01:01,DRB1*01:01,,,
1kg0,DRA*01:01,180,180,1,0,3,182,DRB1*01:01,188,188,1,0,3,190,,,,,,,
1kg0,DRA*01:02,179,180,0.994444444,0,1,179,DRB1*01:112,187,188,0.994680851,0,3,190,,,,,,,
1kg0,DRA*01:05,179,180,0.994444444,0,3,182,DRB1*01:07,187,188,0.994680851,0,3,190,,,,,,,
1kg0,DRA*01:04,179,180,0.994444444,0,3,182,DRB1*01:82,187,188,0.994680851,0,3,190,,,,,,,
1klg,DRA*01:02,177,177,1,0,1,177,DRB1*01:115,187,187,1,3,1,190,HLA-DRA*0101_HLA-DRB1*0101,2.4,DRA*01:01,DRB1*01:01,,,
1klg,DRA*01:01,177,177,1,0,4,180,DRB1*01:01,187,187,1,3,1,190,,,,,,,
1klg,DRA*01:03,177,177,1,0,4,180,DRB1*01:07,186,187,0.994652406,3,1,190,,,,,,,
1klg,DRA*01:05,176,177,0.994350282,0,4,180,DRB1*01:112,186,187,0.994652406,3,1,190,,,,,,,
1klg,DRA*01:04,176,177,0.994350282,0,4,180,DRB1*01:82,186,187,0.994652406,3,1,190,,,,,,,
1klu,DRA*01:01,179,179,1,0,4,182,DRB1*01:115,190,190,1,0,1,190,HLA-DRA*0101_HLA-DRB1*0101,1.93,DRA*01:01,DRB1*01:01,,,
1klu,DRA*01:03,179,179,1,0,4,182,DRB1*01:01,190,190,1,0,1,190,,,,,,,
1klu,DRA*01:02,179,179,1,0,1,179,DRB1*01:07,189,190,0.994736842,0,1,190,,,,,,,
1klu,DRA*01:05,178,179,0.994413408,0,4,182,DRB1*01:112,189,190,0.994736842,0,1,190,,,,,,,
1klu,DRA*01:04,178,179,0.994413408,0,4,182,DRB1*01:82,189,190,0.994736842,0,1,190,,,,,,,
1lo5,DRA*01:01,179,179,1,0,4,182,DRB1*01:115,188,188,1,0,3,190,HLA-DRA*0101_HLA-DRB1*0101,3.2,DRA*01:01,DRB1*01:01,,,
1lo5,DRA*01:03,179,179,1,0,4,182,DRB1*01:01,188,188,1,0,3,190,,,,,,,
1lo5,DRA*01:02,179,179,1,0,1,179,DRB1*01:112,187,188,0.994680851,0,3,190,,,,,,,
1lo5,DRA*01:05,178,179,0.994413408,0,4,182,DRB1*01:07,187,188,0.994680851,0,3,190,,,,,,,
1lo5,DRA*01:04,178,179,0.994413408,0,4,182,DRB1*01:82,187,188,0.994680851,0,3,190,,,,,,,
1pyw,DRA*01:01,179,179,1,0,4,182,DRB1*01:115,190,190,1,0,1,190,HLA-DRA*0101_HLA-DRB1*0101,2.1,DRA*01:01,DRB1*01:01,,,
1pyw,DRA*01:03,179,179,1,0,4,182,DRB1*01:01,190,190,1,0,1,190,,,,,,,
1pyw,DRA*01:02,179,179,1,0,1,179,DRB1*01:07,189,190,0.994736842,0,1,190,,,,,,,
1pyw,DRA*01:05,178,179,0.994413408,0,4,182,DRB1*01:112,189,190,0.994736842,0,1,190,,,,,,,
1pyw,DRA*01:04,178,179,0.994413408,0,4,182,DRB1*01:82,189,190,0.994736842,0,1,190,,,,,,,
1s9v,DQA1*05:48,179,179,1,0,4,182,DQB1*02:190,181,181,1,7,3,190,HLA-DQA1*0501_HLA-DQB1*0201,2.22,DQA1*05:01,DQB1*02:01,,,
1s9v,DQA1*05:47,179,179,1,0,4,182,DQB1*02:198,181,181,1,7,3,190,,,,,,,
1s9v,DQA1*05:13,179,179,1,0,4,182,DQB1*02:01,181,181,1,7,3,190,,,,,,,
1s9v,DQA1*05:05,179,179,1,0,4,182,DQB1*02:109,181,181,1,7,3,190,,,,,,,
1s9v,DQA1*05:01,179,179,1,0,4,182,DQB1*02:81,180,181,0.994475138,7,3,190,,,,,,,
1seb,DRA*01:01,181,181,1,0,1,181,DRB1*01:115,192,192,1,0,1,192,HLA-DRA*0101_HLA-DRB1*0101,2.7,DRA*01:01,DRB1*01:01,,,
1seb,DRA*01:03,181,181,1,0,1,181,DRB1*01:01,192,192,1,0,1,192,,,,,,,
1seb,DRA*01:05,180,181,0.994475138,0,1,181,DRB1*01:07,191,192,0.994791667,0,1,192,,,,,,,
1seb,DRA*01:04,180,181,0.994475138,0,1,181,DRB1*01:112,191,192,0.994791667,0,1,192,,,,,,,
1seb,DRA*01:02,178,181,0.983425414,0,1,178,DRB1*01:82,191,192,0.994791667,0,1,192,,,,,,,
1sje,DRA*01:03,180,180,1,0,3,182,DRB1*01:115,190,190,1,0,1,190,HLA-DRA*0101_HLA-DRB1*0101,2.45,DRA*01:01,DRB1*01:01,,,
1sje,DRA*01:01,180,180,1,0,3,182,DRB1*01:01,190,190,1,0,1,190,,,,,,,
1sje,DRA*01:02,179,180,0.994444444,0,1,179,DRB1*01:07,189,190,0.994736842,0,1,190,,,,,,,
1sje,DRA*01:05,179,180,0.994444444,0,3,182,DRB1*01:112,189,190,0.994736842,0,1,190,,,,,,,
1sje,DRA*01:04,179,180,0.994444444,0,3,182,DRB1*01:82,189,190,0.994736842,0,1,190,,,,,,,
1sjh,DRA*01:01,179,179,1,0,4,182,DRB1*01:115,190,190,1,0,1,190,HLA-DRA*0101_HLA-DRB1*0101,2.25,DRA*01:01,DRB1*01:01,,,
1sjh,DRA*01:03,179,179,1,0,4,182,DRB1*01:01,190,190,1,0,1,190,,,,,,,
1sjh,DRA*01:02,179,179,1,0,1,179,DRB1*01:07,189,190,0.994736842,0,1,190,,,,,,,
1sjh,DRA*01:05,178,179,0.994413408,0,4,182,DRB1*01:112,189,190,0.994736842,0,1,190,,,,,,,
1sjh,DRA*01:04,178,179,0.994413408,0,4,182,DRB1*01:82,189,190,0.994736842,0,1,190,,,,,,,
1t5w,DRA*01:03,180,180,1,0,2,181,DRB1*01:115,190,190,1,0,1,190,HLA-DRA*0101_HLA-DRB1*0101,2.4,DRA*01:01,DRB1*01:01,,,
1t5w,DRA*01:01,180,180,1,0,2,181,DRB1*01:01,190,190,1,0,1,190,,,,,,,
1t5w,DRA*01:05,179,180,0.994444444,0,2,181,DRB1*01:07,189,190,0.994736842,0,1,190,,,,,,,
1t5w,DRA*01:04,179,180,0.994444444,0,2,181,DRB1*01:112,189,190,0.994736842,0,1,190,,,,,,,
1t5w,DRA*01:02,178,180,0.988888889,0,1,178,DRB1*01:82,189,190,0.994736842,0,1,190,,,,,,,
1t5x,DRA*01:01,179,179,1,0,4,182,DRB1*01:115,190,190,1,0,1,190,HLA-DRA*0101_HLA-DRB1*0101,2.5,DRA*01:01,DRB1*01:01,,,
1t5x,DRA*01:03,179,179,1,0,4,182,DRB1*01:01,190,190,1,0,1,190,,,,,,,
1t5x,DRA*01:02,179,179,1,0,1,179,DRB1*01:07,189,190,0.994736842,0,1,190,,,,,,,
1t5x,DRA*01:05,178,179,0.994413408,0,4,182,DRB1*01:112,189,190,0.994736842,0,1,190,,,,,,,
1t5x,DRA*01:04,178,179,0.994413408,0,4,182,DRB1*01:82,189,190,0.994736842,0,1,190,,,,,,,
1uvq,DQA1*01:11,182,182,1,0,2,183,DQB1*06:380,181,181,1,8,3,191,HLA-DQA1*0102,1.8,DQA1*01:02,DQB1*06:02,,,
1uvq,DQA1*01:63,182,182,1,0,2,183,DQB1*06:116,181,181,1,8,3,191,,,,,,,
1uvq,DQA1*01:51,182,182,1,0,2,183,DQB1*06:127,181,181,1,8,3,191,,,,,,,
1uvq,DQA1*01:39,182,182,1,0,2,183,DQB1*06:293,181,181,1,8,3,191,,,,,,,
1uvq,DQA1*01:23,182,182,1,0,2,183,DQB1*06:286,181,181,1,8,3,191,,,,,,,
1ymm,DRA*01:01,182,182,1,0,2,183,DRB1*15:177,178,178,1,9,3,189,HLA-DRA*0101_HLA-DRB1*1501,3.5,DRA*01:01,DRB1*15:01,,,
1ymm,DRA*01:03,182,182,1,0,2,183,DRB1*15:01,178,178,1,9,3,189,,,,,,,
1ymm,DRA*01:02,180,182,0.989010989,0,1,180,DRB1*15:06,177,178,0.994382022,9,3,189,,,,,,,
1ymm,DRA*01:05,181,182,0.994505495,0,2,183,DRB1*15:198,177,178,0.994382022,9,3,189,,,,,,,
1ymm,DRA*01:04,181,182,0.994505495,0,2,183,DRB1*15:07,177,178,0.994382022,9,3,189,,,,,,,
1zgl,DRA*01:01,178,178,1,0,4,181,DRB5*01:01,173,175,0.988571429,14,1,189,HLA-DRA*0101_HLA-DRB5*0101,2.8,DRA*01:01,DRB5*01:01,,,
1zgl,DRA*01:03,178,178,1,0,4,181,DRB5*01:02,170,175,0.971428571,14,1,189,,,,,,,
1zgl,DRA*01:02,178,178,1,0,1,178,DRB5*01:03,169,175,0.965714286,14,1,189,,,,,,,
1zgl,DRA*01:05,177,178,0.994382022,0,4,181,DRB5*01:117,168,175,0.96,14,1,184,,,,,,,
1zgl,DRA*01:04,177,178,0.994382022,0,4,181,DRB5*01:109,168,175,0.96,14,1,184,,,,,,,
2g9h,DRA*01:01,178,178,1,0,4,181,DRB1*01:115,190,190,1,0,1,190,HLA-DRA*0101_HLA-DRB1*0101,2,DRA*01:01,DRB1*01:01,,,
2g9h,DRA*01:03,178,178,1,0,4,181,DRB1*01:01,190,190,1,0,1,190,,,,,,,
2g9h,DRA*01:02,178,178,1,0,1,178,DRB1*01:07,189,190,0.994736842,0,1,190,,,,,,,
2g9h,DRA*01:05,177,178,0.994382022,0,4,181,DRB1*01:112,189,190,0.994736842,0,1,190,,,,,,,
2g9h,DRA*01:04,177,178,0.994382022,0,4,181,DRB1*01:82,189,190,0.994736842,0,1,190,,,,,,,
2iam,DRA*01:01,179,179,1,0,3,181,DRB1*01:01,182,182,1,8,1,190,HLA-DRA*0101_HLA-DRB1*0101,2.8,DRA*01:01,DRB1*01:01,,,
2iam,DRA*01:03,179,179,1,0,3,181,DRB1*01:115,182,182,1,8,1,190,,,,,,,
2iam,DRA*01:02,178,179,0.994413408,0,1,178,DRB1*01:112,181,182,0.994505495,8,1,190,,,,,,,
2iam,DRA*01:05,178,179,0.994413408,0,3,181,DRB1*01:07,181,182,0.994505495,8,1,190,,,,,,,
2iam,DRA*01:04,178,179,0.994413408,0,3,181,DRB1*01:82,181,182,0.994505495,8,1,190,,,,,,,
2ian,DRA*01:01,178,178,1,0,4,181,DRB1*01:115,181,181,1,7,3,190,HLA-DRA*0101_HLA-DRB1*0101,2.8,DRA*01:01,DRB1*01:01,,,
2ian,DRA*01:03,178,178,1,0,4,181,DRB1*01:01,181,181,1,7,3,190,,,,,,,
2ian,DRA*01:02,178,178,1,0,1,178,DRB1*01:112,180,181,0.994475138,7,3,190,,,,,,,
2ian,DRA*01:05,177,178,0.994382022,0,4,181,DRB1*01:07,180,181,0.994475138,7,3,190,,,,,,,
2ian,DRA*01:04,177,178,0.994382022,0,4,181,DRB1*01:119,180,181,0.994475138,7,3,190,,,,,,,
2ipk,DRA*01:01,179,179,1,0,3,181,DRB1*01:115,190,190,1,0,1,190,DRB1-1,2.3,DRA*01:01,DRB1*01:01,,,
2ipk,DRA*01:03,179,179,1,0,3,181,DRB1*01:01,190,190,1,0,1,190,,,,,,,
2ipk,DRA*01:02,178,179,0.994413408,0,1,178,DRB1*01:07,189,190,0.994736842,0,1,190,,,,,,,
2ipk,DRA*01:05,178,179,0.994413408,0,3,181,DRB1*01:112,189,190,0.994736842,0,1,190,,,,,,,
2ipk,DRA*01:04,178,179,0.994413408,0,3,181,DRB1*01:82,189,190,0.994736842,0,1,190,,,,,,,
2nna,DQA1*03:18,182,182,1,0,2,183,DQB1*03:464,180,182,0.989010989,10,1,190,HLA-DQA1*0301_HLA-DQB1*0302,2.1,DQA1*03:01,DQB1*03:02,,,
2nna,DQA1*03:01,182,182,1,0,2,183,DQB1*03:416,180,182,0.989010989,10,1,190,,,,,,,
2nna,DQA1*03:28,181,182,0.994505495,0,2,183,DQB1*03:289,180,182,0.989010989,10,1,190,,,,,,,
2nna,DQA1*03:21,181,182,0.994505495,0,2,183,DQB1*03:02,180,182,0.989010989,10,1,190,,,,,,,
2nna,DQA1*03:17,181,182,0.994505495,0,2,183,DQB1*03:471,179,182,0.983516484,10,1,190,,,,,,,
2q6w,DRA*01:03,180,180,1,0,3,182,DRB3*01:62,188,188,1,0,3,190,HLA-DRA*0101_HLA-DRB3*0101,2.25,DRA*01:01,DRB3*01:01,,,
2q6w,DRA*01:01,180,180,1,0,3,182,DRB3*01:01,188,188,1,0,3,190,,,,,,,
2q6w,DRA*01:02,179,180,0.994444444,0,1,179,DRB3*01:86,185,188,0.984042553,0,1,185,,,,,,,
2q6w,DRA*01:05,179,180,0.994444444,0,3,182,DRB3*01:99,184,188,0.978723404,0,1,185,,,,,,,
2q6w,DRA*01:04,179,180,0.994444444,0,3,182,DRB3*01:83,184,188,0.978723404,0,1,185,,,,,,,
2seb,DRA*01:01,180,180,1,0,1,180,DRB1*04:274,177,177,1,12,2,190,HLA-DRA*0101_HLA-DRB1*0401,2.5,DRA*01:01,DRB1*04:01,,,
2seb,DRA*01:03,180,180,1,0,1,180,DRB1*04:01,177,177,1,12,2,190,,,,,,,
2seb,DRA*01:05,179,180,0.994444444,0,1,180,DRB1*04:334,177,177,1,12,2,190,,,,,,,
2seb,DRA*01:04,179,180,0.994444444,0,1,180,DRB1*04:38,176,177,0.994350282,12,2,190,,,,,,,
2seb,DRA*01:02,177,180,0.983333333,0,1,177,DRB1*04:314,176,177,0.994350282,12,2,190,,,,,,,
2wbj,DRA*01:01,178,178,1,0,3,180,DRB1*15:01,179,179,1,7,3,188,HLA-DRA1-15,3,DRA*01:01,DRB1*15:01,,,
2wbj,DRA*01:03,178,178,1,0,3,180,DRB1*15:18,178,179,0.994413408,7,3,188,,,,,,,
2wbj,DRA*01:02,177,178,0.994382022,0,1,177,DRB1*15:198,178,179,0.994413408,7,3,188,,,,,,,
2wbj,DRA*01:05,177,178,0.994382022,0,3,180,DRB1*15:07,178,179,0.994413408,7,3,188,,,,,,,
2wbj,DRA*01:04,177,178,0.994382022,0,3,180,DRB1*15:06,178,179,0.994413408,7,3,188,,,,,,,
2xn9,DRA*01:01,178,178,1,0,4,181,DRB1*01:115,188,188,1,0,2,189,HLA-DRA*0101_HLA-DRB1*0101,2.3,DRA*01:01,DRB1*01:01,,,
2xn9,DRA*01:03,178,178,1,0,4,181,DRB1*01:01,188,188,1,0,2,189,,,,,,,
2xn9,DRA*01:02,178,178,1,0,1,178,DRB1*01:112,187,188,0.994680851,0,2,189,,,,,,,
2xn9,DRA*01:05,177,178,0.994382022,0,4,181,DRB1*01:07,187,188,0.994680851,0,2,189,,,,,,,
2xn9,DRA*01:04,177,178,0.994382022,0,4,181,DRB1*01:82,187,188,0.994680851,0,2,189,,,,,,,
3c5j,DRA*01:01,178,178,1,0,3,180,DRB3*03:01,182,182,1,5,4,190,HLA-DRA*0101_HLA-DRB3*0301,1.8,DRA*01:01,DRB3*03:01,,,
3c5j,DRA*01:03,178,178,1,0,3,180,DRB3*03:37,180,182,0.989010989,5,1,185,,,,,,,
3c5j,DRA*01:02,177,178,0.994382022,0,1,177,DRB3*03:49,180,182,0.989010989,5,1,185,,,,,,,
3c5j,DRA*01:05,177,178,0.994382022,0,3,180,DRB3*03:45,179,182,0.983516484,5,1,185,,,,,,,
3c5j,DRA*01:04,177,178,0.994382022,0,3,180,DRB3*03:44,179,182,0.983516484,5,1,185,,,,,,,
3l6f,DRA*01:03,177,178,0.994382022,0,3,180,DRB1*01:115,190,191,0.994764398,0,1,190,HLA-DRA*0101_HLA-DRB1*0101,2.1,DRA*01:01 H175Q,DRB1*01:01,,,
3l6f,DRA*01:01,177,178,0.994382022,0,3,180,DRB1*01:01,190,191,0.994764398,0,1,190,,,,,,,
3l6f,DRA*01:02,176,178,0.988764045,0,1,177,DRB1*01:07,189,191,0.989528796,0,1,190,,,,,,,
3l6f,DRA*01:05,176,178,0.988764045,0,3,180,DRB1*01:112,189,191,0.989528796,0,1,190,,,,,,,
3l6f,DRA*01:04,176,178,0.988764045,0,3,180,DRB1*01:82,189,191,0.989528796,0,1,190,,,,,,,
3lqz,DPA1*01:30,181,181,1,0,1,181,DPB1*1082:01,180,180,1,4,6,189,HLA-DPA1*0103_HLA-DPB1*0201,3.25,DPA1*01:03,DPB1*02:01,,,
3lqz,DPA1*01:91,181,181,1,0,1,181,DPB1*02:01,180,180,1,4,6,189,,,,,,,
3lqz,DPA1*01:59,181,181,1,0,1,181,DPB1*1055:01,180,180,1,4,1,184,,,,,,,
3lqz,DPA1*01:14,181,181,1,0,1,181,DPB1*416:01,179,180,0.994444444,4,6,189,,,,,,,
3lqz,DPA1*01:03,181,181,1,0,1,181,DPB1*1072:01,179,180,0.994444444,4,6,189,,,,,,,
3o6f,DRA*01:01,178,178,1,0,4,181,DRB1*04:274,179,179,1,9,2,189,HLA-DRA*0101_HLA-DRB1*0401,2.8,DRA*01:01,DRB1*04:01,,,
3o6f,DRA*01:03,178,178,1,0,4,181,DRB1*04:01,179,179,1,9,2,189,,,,,,,
3o6f,DRA*01:02,178,178,1,0,1,178,DRB1*04:334,179,179,1,9,2,189,,,,,,,
3o6f,DRA*01:05,177,178,0.994382022,0,4,181,DRB1*04:314,178,179,0.994413408,9,2,189,,,,,,,
3o6f,DRA*01:04,177,178,0.994382022,0,4,181,DRB1*04:38,178,179,0.994413408,9,2,189,,,,,,,
3pdo,DRA*01:03,184,185,0.994594595,0,1,184,DRB1*01:115,190,191,0.994764398,0,1,190,HLA-DRA*0101_HLA-DRB1*0101,1.95,DRA*01:01,DRB1*01:01,,,
3pdo,DRA*01:01,184,185,0.994594595,0,1,184,DRB1*01:01,190,191,0.994764398,0,1,190,,,,,,,
3pdo,DRA*01:05,183,185,0.989189189,0,1,184,DRB1*01:07,189,191,0.989528796,0,1,190,,,,,,,
3pdo,DRA*01:04,183,185,0.989189189,0,1,184,DRB1*01:112,189,191,0.989528796,0,1,190,,,,,,,
3pdo,DRA*01:02,181,185,0.978378378,0,1,181,DRB1*01:82,189,191,0.989528796,0,1,190,,,,,,,
3pgc,DRA*01:02,177,177,1,0,1,177,DRB1*01:115,184,184,1,8,1,192,HLA-DRA*0101_HLA-DRB1*0101,2.66,DRA*01:01,DRB1*01:01,,,
3pgc,DRA*01:01,177,177,1,0,4,180,DRB1*01:01,184,184,1,8,1,192,,,,,,,
3pgc,DRA*01:03,177,177,1,0,4,180,DRB1*01:112,183,184,0.994565217,8,1,192,,,,,,,
3pgc,DRA*01:05,176,177,0.994350282,0,4,180,DRB1*01:07,183,184,0.994565217,8,1,192,,,,,,,
3pgc,DRA*01:04,176,177,0.994350282,0,4,180,DRB1*01:119,183,184,0.994565217,8,1,192,,,,,,,
3pgd,DRA*01:01,178,178,1,0,4,181,DRB1*01:115,184,185,0.994594595,6,1,190,HLA-DRA*0101_HLA-DRB1*0101,2.72,DRA*01:01,DRB1*01:01,,,
3pgd,DRA*01:03,178,178,1,0,4,181,DRB1*01:01,184,185,0.994594595,6,1,190,,,,,,,
3pgd,DRA*01:02,178,178,1,0,1,178,DRB1*01:07,183,185,0.989189189,6,1,190,,,,,,,
3pgd,DRA*01:05,177,178,0.994382022,0,4,181,DRB1*01:112,183,185,0.989189189,6,1,190,,,,,,,
3pgd,DRA*01:04,177,178,0.994382022,0,4,181,DRB1*01:82,183,185,0.989189189,6,1,190,,,,,,,
3pl6,DQA1*01:11,182,182,1,0,2,183,DQB1*05:275,181,181,1,8,3,191,HLA-DQA1*0102_HLA-DQB1*0501,2.55,DQA1*01:02,DQB1*05:01,,,
3pl6,DQA1*01:63,182,182,1,0,2,183,DQB1*05:263,181,181,1,8,3,191,,,,,,,
3pl6,DQA1*01:51,182,182,1,0,2,183,DQB1*05:133,181,181,1,8,3,191,,,,,,,
3pl6,DQA1*01:39,182,182,1,0,2,183,DQB1*05:183,181,181,1,8,3,191,,,,,,,
3pl6,DQA1*01:23,182,182,1,0,2,183,DQB1*05:237,181,181,1,8,3,191,,,,,,,
3qxa,DRA*01:01,179,179,1,0,4,182,DRB1*01:115,190,190,1,0,1,190,DR,2.71,DRA*01:01,DRB1*01:01,,,
3qxa,DRA*01:03,179,179,1,0,4,182,DRB1*01:01,190,190,1,0,1,190,,,,,,,
3qxa,DRA*01:02,179,179,1,0,1,179,DRB1*01:07,189,190,0.994736842,0,1,190,,,,,,,
3qxa,DRA*01:05,178,179,0.994413408,0,4,182,DRB1*01:112,189,190,0.994736842,0,1,190,,,,,,,
3qxa,DRA*01:04,178,179,0.994413408,0,4,182,DRB1*01:82,189,190,0.994736842,0,1,190,,,,,,,
3qxd,DRA*01:01,177,178,0.994382022,0,4,181,DRB1*01:01,189,189,1,0,2,190,"HLA class II histocompatibility antigen, DR",2.3,DRA*01:01 F54C,DRB1*01:01,,,
3qxd,DRA*01:03,177,178,0.994382022,0,4,181,DRB1*01:115,189,189,1,0,2,190,,,,,,,
3qxd,DRA*01:02,177,178,0.994382022,0,1,178,DRB1*01:07,188,189,0.994708995,0,2,190,,,,,,,
3qxd,DRA*01:05,176,178,0.988764045,0,4,181,DRB1*01:112,188,189,0.994708995,0,2,190,,,,,,,
3qxd,DRA*01:04,176,178,0.988764045,0,4,181,DRB1*01:82,188,189,0.994708995,0,2,190,,,,,,,
3s4s,DRA*01:03,177,178,0.994382022,0,3,180,DRB1*01:115,185,186,0.994623656,5,1,190,HLA-DRA*0101_HLA-DRB1*0101,2.4,DRA*01:01 H177Q,DRB1*01:01,,,
3s4s,DRA*01:01,177,178,0.994382022,0,3,180,DRB1*01:01,185,186,0.994623656,5,1,190,,,,,,,
3s4s,DRA*01:02,176,178,0.988764045,0,1,177,DRB1*01:07,184,186,0.989247312,5,1,190,,,,,,,
3s4s,DRA*01:05,176,178,0.988764045,0,3,180,DRB1*01:112,184,186,0.989247312,5,1,190,,,,,,,
3s4s,DRA*01:04,176,178,0.988764045,0,3,180,DRB1*01:82,184,186,0.989247312,5,1,190,,,,,,,
3s5l,DRA*01:03,177,178,0.994382022,0,3,180,DRB1*01:115,190,191,0.994764398,0,1,190,HLA-DRA*0101_HLA-DRB1*0101,2.1,DRA*01:01 H177Q,DRB1*01:01,,,
3s5l,DRA*01:01,177,178,0.994382022,0,3,180,DRB1*01:01,190,191,0.994764398,0,1,190,,,,,,,
3s5l,DRA*01:02,176,178,0.988764045,0,1,177,DRB1*01:07,189,191,0.989528796,0,1,190,,,,,,,
3s5l,DRA*01:05,176,178,0.988764045,0,3,180,DRB1*01:112,189,191,0.989528796,0,1,190,,,,,,,
3s5l,DRA*01:04,176,178,0.988764045,0,3,180,DRB1*01:82,189,191,0.989528796,0,1,190,,,,,,,
3t0e,DRA*01:01,178,178,1,0,4,181,DRB1*04:274,179,179,1,9,2,189,HLA-DRA*0101_HLA-DRB1*0101,4,DRA*01:01,DRB1*04:01,,,
3t0e,DRA*01:03,178,178,1,0,4,181,DRB1*04:01,179,179,1,9,2,189,,,,,,,
3t0e,DRA*01:02,178,178,1,0,1,178,DRB1*04:334,179,179,1,9,2,189,,,,,,,
3t0e,DRA*01:05,177,178,0.994382022,0,4,181,DRB1*04:314,178,179,0.994413408,9,2,189,,,,,,,
3t0e,DRA*01:04,177,178,0.994382022,0,4,181,DRB1*04:38,178,179,0.994413408,9,2,189,,,,,,,
3wex,DPA1*02:33,181,181,1,0,1,181,DPB1*135:01,184,184,1,0,6,189,Major Histocompatibility II (MH2),2.4,DPA1*02:02,DPB1*05:01,,,
3wex,DPA1*02:06,181,181,1,0,1,181,DPB1*1273:01,184,184,1,0,6,189,,,,,,,
3wex,DPA1*02:30,181,181,1,0,1,181,DPB1*05:01,184,184,1,0,6,189,,,,,,,
3wex,DPA1*02:48,181,181,1,0,1,181,DPB1*1118:01,184,184,1,0,1,184,,,,,,,
3wex,DPA1*02:64,181,181,1,0,1,181,DPB1*1199:01,183,184,0.994565217,0,1,184,,,,,,,
4aen,DRA*01:01,178,178,1,0,3,180,DRB1*01:01,181,181,1,7,3,190,HLA-DRA*0101_HLA-DRB*0101,2.2,DRA*01:01,DRB1*01:01,,,
4aen,DRA*01:03,178,178,1,0,3,180,DRB1*01:115,181,181,1,7,3,190,,,,,,,
4aen,DRA*01:02,177,178,0.994382022,0,1,177,DRB1*01:07,180,181,0.994475138,7,3,190,,,,,,,
4aen,DRA*01:05,177,178,0.994382022,0,3,180,DRB1*01:112,180,181,0.994475138,7,3,190,,,,,,,
4aen,DRA*01:04,177,178,0.994382022,0,3,180,DRB1*01:82,180,181,0.994475138,7,3,190,,,,,,,
4ah2,DRA*01:02,177,177,1,0,1,177,DRB1*01:115,183,184,0.994565217,6,1,189,HLA-DRA*0101_HLA-DRB*0101,2.36,DRA*01:01,DRB1*01:01 missing 106-112,,,
4ah2,DRA*01:01,177,177,1,0,4,180,DRB1*01:01,183,184,0.994565217,6,1,189,,,,,,,
4ah2,DRA*01:03,177,177,1,0,4,180,DRB1*01:07,182,184,0.989130435,6,1,189,,,,,,,
4ah2,DRA*01:05,176,177,0.994350282,0,4,180,DRB1*01:112,182,184,0.989130435,6,1,189,,,,,,,
4ah2,DRA*01:04,176,177,0.994350282,0,4,180,DRB1*01:82,182,184,0.989130435,6,1,189,,,,,,,
4c56,DRA*01:01,178,178,1,0,4,181,DRB1*01:115,184,184,1,5,2,190,HLA-DRA*0101_HLA-DRB*0101,2.9,DRA*01:01,DRB1*01:01,,,
4c56,DRA*01:03,178,178,1,0,4,181,DRB1*01:01,184,184,1,5,2,190,,,,,,,
4c56,DRA*01:02,178,178,1,0,1,178,DRB1*01:07,183,184,0.994565217,5,2,190,,,,,,,
4c56,DRA*01:05,177,178,0.994382022,0,4,181,DRB1*01:82,183,184,0.994565217,5,2,190,,,,,,,
4c56,DRA*01:04,177,178,0.994382022,0,4,181,DRB1*01:112,183,184,0.994565217,5,2,190,,,,,,,
4d8p,DQA1*03:18,184,184,1,0,2,185,DQB1*02:109,180,180,1,8,3,190,HLA-DQA1,3.05,DQA1*03:01,DQB1*02:01,,,
4d8p,DQA1*03:01,184,184,1,0,2,185,DQB1*02:198,180,180,1,8,3,190,,,,,,,
4d8p,DQA1*03:28,183,184,0.994565217,0,2,185,DQB1*02:01,180,180,1,8,3,190,,,,,,,
4d8p,DQA1*03:17,183,184,0.994565217,0,2,185,DQB1*02:190,180,180,1,8,3,190,,,,,,,
4d8p,DQA1*03:03,183,184,0.994565217,0,2,185,DQB1*02:81,179,180,0.994444444,8,3,190,,,,,,,
4E41,DRA*01:01,179,179,1,0,3,181,DRB1*01:115,179,179,1,8,4,190,HLA-DRA*0101_HLA-DBR1*0101,2.6,DRA*01:01,DRB1*01:01,,,
4E41,DRA*01:03,179,179,1,0,3,181,DRB1*01:01,179,179,1,8,4,190,,,,,,,
4E41,DRA*01:02,178,179,0.994413408,0,1,178,DRB1*01:07,178,179,0.994413408,8,4,190,,,,,,,
4E41,DRA*01:05,178,179,0.994413408,0,3,181,DRB1*01:112,178,179,0.994413408,8,4,190,,,,,,,
4E41,DRA*01:04,178,179,0.994413408,0,3,181,DRB1*01:82,178,179,0.994413408,8,4,190,,,,,,,
4fqx,DRA*01:03,179,180,0.994444444,0,2,181,DRB1*01:115,180,187,0.962566845,9,1,190,HLA-DRA*0101_HLA-DRB*0101,2.6,DRA*01:01 V65C,DRB1*01:01 C29S,,,
4fqx,DRA*01:01,179,180,0.994444444,0,2,181,DRB1*01:01,180,187,0.962566845,9,1,190,,,,,,,
4fqx,DRA*01:02,177,180,0.983333333,0,1,178,DRB1*01:112,179,187,0.957219251,9,1,190,,,,,,,
4fqx,DRA*01:05,178,180,0.988888889,0,2,181,DRB1*01:07,179,187,0.957219251,9,1,190,,,,,,,
4fqx,DRA*01:04,178,180,0.988888889,0,2,181,DRB1*01:82,179,187,0.957219251,9,1,190,,,,,,,
4gbx,DRA*01:01,179,180,0.994444444,0,3,182,DRB1*01:115,182,189,0.962962963,7,1,190,HLA-DRA*0101_HLA-DRB1*0101,3,DRA*01:01 V65C,DRB1*01:01 C29S,,,
4gbx,DRA*01:03,179,180,0.994444444,0,3,182,DRB1*01:01,182,189,0.962962963,7,1,190,,,,,,,
4gbx,DRA*01:02,178,180,0.988888889,0,1,179,DRB1*01:07,181,189,0.957671958,7,1,190,,,,,,,
4gbx,DRA*01:05,178,180,0.988888889,0,3,182,DRB1*01:112,181,189,0.957671958,7,1,190,,,,,,,
4gbx,DRA*01:04,178,180,0.988888889,0,3,182,DRB1*01:82,181,189,0.957671958,7,1,190,,,,,,,
4gg6,DQA1*03:18,180,180,1,2,2,183,DQB1*03:447,163,163,1,23,3,188,HLA-DQA1*0301_HLA-DBQ1*0302,3.2,DQA1*03:01,DBQ1*03:02,,,
4gg6,DQA1*03:01,180,180,1,2,2,183,DQB1*03:263,163,163,1,23,3,188,,,,,,,
4gg6,DQA1*03:28,179,180,0.994444444,2,2,183,DQB1*03:466,163,163,1,23,3,188,,,,,,,
4gg6,DQA1*03:21,179,180,0.994444444,2,2,183,DQB1*03:429,163,163,1,23,3,188,,,,,,,
4gg6,DQA1*03:17,179,180,0.994444444,2,2,183,DQB1*03:464,163,163,1,23,3,188,,,,,,,
4grl,DQA1*01:11,182,182,1,0,2,183,DQB1*05:275,181,181,1,8,3,191,"DQA1*0102, DQB1*0502",2.86,DQA1*01:02,DQB1*05:02,,,
4grl,DQA1*01:63,182,182,1,0,2,183,DQB1*05:263,181,181,1,8,3,191,,,,,,,
4grl,DQA1*01:51,182,182,1,0,2,183,DQB1*05:133,181,181,1,8,3,191,,,,,,,
4grl,DQA1*01:39,182,182,1,0,2,183,DQB1*05:183,181,181,1,8,3,191,,,,,,,
4grl,DQA1*01:23,182,182,1,0,2,183,DQB1*05:237,181,181,1,8,3,191,,,,,,,
4h1l,DRA*01:01,178,178,1,0,3,180,DRB3*03:01,179,179,1,8,4,190,HLA-DRA*0101_HLA-DRB3*0301,3.3,DRA*01:01,DRB3*03:01,,,
4h1l,DRA*01:03,178,178,1,0,3,180,DRB3*03:37,177,179,0.988826816,8,1,185,,,,,,,
4h1l,DRA*01:02,177,178,0.994382022,0,1,177,DRB3*03:45,176,179,0.983240223,8,1,185,,,,,,,
4h1l,DRA*01:05,177,178,0.994382022,0,3,180,DRB3*03:49,177,179,0.988826816,8,1,185,,,,,,,
4h1l,DRA*01:04,177,178,0.994382022,0,3,180,DRB3*03:44,176,179,0.983240223,8,1,185,,,,,,,
4h25,DRA*01:03,180,180,1,0,3,182,DRB3*03:01,187,188,0.994680851,0,3,190,Major histocompatibility II (MH2),2.2,DRA*01:03,DRB3*03:01 N77T,,,
4h25,DRA*01:01,180,180,1,0,3,182,DRB3*03:37,184,188,0.978723404,0,1,185,,,,,,,
4h25,DRA*01:02,179,180,0.994444444,0,1,179,DRB3*03:45,183,188,0.973404255,0,1,185,,,,,,,
4h25,DRA*01:05,179,180,0.994444444,0,3,182,DRB3*03:49,184,188,0.978723404,0,1,185,,,,,,,
4h25,DRA*01:04,179,180,0.994444444,0,3,182,DRB3*03:54,183,188,0.973404255,0,1,185,,,,,,,
4h26,DRA*01:01,179,179,1,0,3,181,DRB3*03:01,187,188,0.994680851,0,3,190,Major histocompatibility II (MH2),2.5,DRA*01:01,DRB3*03:01 N77T,,,
4h26,DRA*01:03,179,179,1,0,3,181,DRB3*03:37,184,188,0.978723404,0,1,185,,,,,,,
4h26,DRA*01:02,178,179,0.994413408,0,1,178,DRB3*03:45,183,188,0.973404255,0,1,185,,,,,,,
4h26,DRA*01:05,178,179,0.994413408,0,3,181,DRB3*03:49,184,188,0.978723404,0,1,185,,,,,,,
4h26,DRA*01:04,178,179,0.994413408,0,3,181,DRB3*03:54,183,188,0.973404255,0,1,185,,,,,,,
4i5b,DRA*01:03,179,180,0.994444444,0,2,181,DRB1*01:01,191,192,0.994791667,0,2,193,MH2 HLA-DR1,2.12,DRA*01:01 V65C,DRB1*01:01 C29S,,,
4i5b,DRA*01:01,179,180,0.994444444,0,2,181,DRB1*01:115,191,192,0.994791667,0,2,193,,,,,,,
4i5b,DRA*01:02,177,180,0.983333333,0,1,178,DRB1*01:112,190,192,0.989583333,0,2,193,,,,,,,
4i5b,DRA*01:05,178,180,0.988888889,0,2,181,DRB1*01:07,190,192,0.989583333,0,2,193,,,,,,,
4i5b,DRA*01:04,178,180,0.988888889,0,2,181,DRB1*01:82,190,192,0.989583333,0,2,193,,,,,,,
4is6,DRA*01:01,179,179,1,0,3,181,DRB1*04:274,188,188,1,0,2,189,HLA-DRA*0101_HLA-DRB1*0401,2.5,DRA*01:01,DRB1*04:01,,,
4is6,DRA*01:03,179,179,1,0,3,181,DRB1*04:01,188,188,1,0,2,189,,,,,,,
4is6,DRA*01:02,178,179,0.994413408,0,1,178,DRB1*04:334,188,188,1,0,2,189,,,,,,,
4is6,DRA*01:05,178,179,0.994413408,0,3,181,DRB1*04:38,187,188,0.994680851,0,2,189,,,,,,,
4is6,DRA*01:04,178,179,0.994413408,0,3,181,DRB1*04:16,187,188,0.994680851,0,2,189,,,,,,,
4May,DQA1*01:11,181,181,1,0,3,183,DQB1*05:275,181,181,1,8,3,191,"DQA1*0102,Â DQB1*0502",2.2,DQA1*01:02,DQB1*05:02,,,
4May,DQA1*01:63,181,181,1,0,3,183,DQB1*05:263,181,181,1,8,3,191,,,,,,,
4May,DQA1*01:39,181,181,1,0,3,183,DQB1*05:133,181,181,1,8,3,191,,,,,,,
4May,DQA1*01:23,181,181,1,0,3,183,DQB1*05:183,181,181,1,8,3,191,,,,,,,
4May,DQA1*01:02,181,181,1,0,3,183,DQB1*05:237,181,181,1,8,3,191,,,,,,,
4mcy,DRA*01:01,179,179,1,0,3,181,DRB1*04:274,189,189,1,0,2,190,HLA-DRA*0101_HLA-DRB1,2.3,DRA*01:01,DRB1*04:01,,,
4mcy,DRA*01:03,179,179,1,0,3,181,DRB1*04:01,189,189,1,0,2,190,,,,,,,
4mcy,DRA*01:02,178,179,0.994413408,0,1,178,DRB1*04:334,189,189,1,0,2,190,,,,,,,
4mcy,DRA*01:05,178,179,0.994413408,0,3,181,DRB1*04:38,188,189,0.994708995,0,2,190,,,,,,,
4mcy,DRA*01:04,178,179,0.994413408,0,3,181,DRB1*04:16,188,189,0.994708995,0,2,190,,,,,,,
4mcz,DRA*01:01,179,179,1,0,3,181,DRB1*04:274,189,189,1,0,2,190,HLA-DRA*0101_HLA-DRB1,2.41,DRA*01:01,DRB1*04:01,,,
4mcz,DRA*01:03,179,179,1,0,3,181,DRB1*04:01,189,189,1,0,2,190,,,,,,,
4mcz,DRA*01:02,178,179,0.994413408,0,1,178,DRB1*04:334,189,189,1,0,2,190,,,,,,,
4mcz,DRA*01:05,178,179,0.994413408,0,3,181,DRB1*04:38,188,189,0.994708995,0,2,190,,,,,,,
4mcz,DRA*01:04,178,179,0.994413408,0,3,181,DRB1*04:16,188,189,0.994708995,0,2,190,,,,,,,
4md0,DRA*01:01,179,179,1,0,3,181,DRB1*04:274,189,189,1,0,2,190,HLA-DRA*0101_HLA-DRB1,2.19,DRA*01:01,DRB1*04:01,,,
4md0,DRA*01:03,179,179,1,0,3,181,DRB1*04:01,189,189,1,0,2,190,,,,,,,
4md0,DRA*01:02,178,179,0.994413408,0,1,178,DRB1*04:334,189,189,1,0,2,190,,,,,,,
4md0,DRA*01:05,178,179,0.994413408,0,3,181,DRB1*04:38,188,189,0.994708995,0,2,190,,,,,,,
4md0,DRA*01:04,178,179,0.994413408,0,3,181,DRB1*04:16,188,189,0.994708995,0,2,190,,,,,,,
4md4,DRA*01:01,179,182,0.983516484,0,3,182,DRB1*04:274,189,189,1,0,2,190,HLA-DRA*0101_HLA-DRB1,1.95,DRA*01:01,DRB1*04:01,,,
4md4,DRA*01:03,179,182,0.983516484,0,3,182,DRB1*04:01,189,189,1,0,2,190,,,,,,,
4md4,DRA*01:02,178,182,0.978021978,0,1,179,DRB1*04:334,189,189,1,0,2,190,,,,,,,
4md4,DRA*01:05,178,182,0.978021978,0,3,182,DRB1*04:38,188,189,0.994708995,0,2,190,,,,,,,
4md4,DRA*01:04,178,182,0.978021978,0,3,182,DRB1*04:16,188,189,0.994708995,0,2,190,,,,,,,
4md5,DRA*01:03,179,180,0.994444444,0,3,182,DRB1*04:04,189,190,0.994736842,0,2,190,HLA-DRA*0101_HLA-DRB1,1.65,DRA*01:01,DRB1*04:04,,,
4md5,DRA*01:01,179,180,0.994444444,0,3,182,DRB1*04:13,188,190,0.989473684,0,2,190,,,,,,,
4md5,DRA*01:02,178,180,0.988888889,0,1,179,DRB1*04:32,188,190,0.989473684,0,2,190,,,,,,,
4md5,DRA*01:05,178,180,0.988888889,0,3,182,DRB1*04:314,188,190,0.989473684,0,2,190,,,,,,,
4md5,DRA*01:04,178,180,0.988888889,0,3,182,DRB1*04:10,188,190,0.989473684,0,2,190,,,,,,,
4mdi,DRA*01:01,179,179,1,0,3,181,DRB1*04:02,189,189,1,0,2,190,HLA-DRA*0101_HLA-DRB1,2,DRA*01:01,DRB1*04:02,,,
4mdi,DRA*01:03,179,179,1,0,3,181,DRB1*04:14,188,189,0.994708995,0,2,190,,,,,,,
4mdi,DRA*01:02,178,179,0.994413408,0,1,178,DRB1*04:18,187,189,0.989417989,0,2,190,,,,,,,
4mdi,DRA*01:05,178,179,0.994413408,0,3,181,DRB1*04:13,186,189,0.984126984,0,2,190,,,,,,,
4mdi,DRA*01:04,178,179,0.994413408,0,3,181,DRB1*04:04,186,189,0.984126984,0,2,190,,,,,,,
4mdj,DRA*01:01,179,179,1,0,3,181,DRB1*04:02,189,191,0.989528796,0,2,190,HLA-DRA*0101_HLA-DRB1,1.7,DRA*01:01,DRB1*04:02,,,
4mdj,DRA*01:03,179,179,1,0,3,181,DRB1*04:14,188,191,0.984293194,0,2,190,,,,,,,
4mdj,DRA*01:02,178,179,0.994413408,0,1,178,DRB1*04:18,187,191,0.979057592,0,2,190,,,,,,,
4mdj,DRA*01:05,178,179,0.994413408,0,3,181,DRB1*04:13,186,191,0.97382199,0,2,190,,,,,,,
4mdj,DRA*01:04,178,179,0.994413408,0,3,181,DRB1*04:04,186,191,0.97382199,0,2,190,,,,,,,
4ov5,DRA*01:03,180,180,1,0,3,182,DRB1*01:01,189,189,1,0,2,190,HLA-DRA*0101_HLA-DRB1*0101,2.2,DRA*01:01,DRB1*01:01,,,
4ov5,DRA*01:01,180,180,1,0,3,182,DRB1*01:115,189,189,1,0,2,190,,,,,,,
4ov5,DRA*01:02,179,180,0.994444444,0,1,179,DRB1*01:07,188,189,0.994708995,0,2,190,,,,,,,
4ov5,DRA*01:05,179,180,0.994444444,0,3,182,DRB1*01:112,188,189,0.994708995,0,2,190,,,,,,,
4ov5,DRA*01:04,179,180,0.994444444,0,3,182,DRB1*01:82,188,189,0.994708995,0,2,190,,,,,,,
4ozf,DQA1*05:09,181,181,1,0,3,183,DQB1*02:190,181,181,1,7,3,190,HLA-DQA1*0508_HLA-DQB1*0201,2.7,DQA1*05:08,DQB1*02:01,,,
4ozf,DQA1*05:48,181,181,1,0,3,183,DQB1*02:198,181,181,1,7,3,190,,,,,,,
4ozf,DQA1*05:47,181,181,1,0,3,183,DQB1*02:01,181,181,1,7,3,190,,,,,,,
4ozf,DQA1*05:13,181,181,1,0,3,183,DQB1*02:109,181,181,1,7,3,190,,,,,,,
4ozf,DQA1*05:05,181,181,1,0,3,183,DQB1*02:81,180,181,0.994475138,7,3,190,,,,,,,
4ozg,DQA1*05:09,181,181,1,0,3,183,DQB1*02:190,181,181,1,7,3,190,HLA-DQA1*0501_HLA-QB1*0201,3,DQA1*05:01,DQB1*02:01,,,
4ozg,DQA1*05:48,181,181,1,0,3,183,DQB1*02:198,181,181,1,7,3,190,,,,,,,
4ozg,DQA1*05:47,181,181,1,0,3,183,DQB1*02:01,181,181,1,7,3,190,,,,,,,
4ozg,DQA1*05:13,181,181,1,0,3,183,DQB1*02:109,181,181,1,7,3,190,,,,,,,
4ozg,DQA1*05:05,181,181,1,0,3,183,DQB1*02:81,180,181,0.994475138,7,3,190,,,,,,,
4ozh,DQA1*05:09,181,181,1,0,3,183,DQB1*02:190,181,181,1,7,3,190,HLA-DQA1*0501_HLA-QB1*0201,2.8,DQA1*05:01,DQB1*02:01,,,
4ozh,DQA1*05:48,181,181,1,0,3,183,DQB1*02:198,181,181,1,7,3,190,,,,,,,
4ozh,DQA1*05:47,181,181,1,0,3,183,DQB1*02:01,181,181,1,7,3,190,,,,,,,
4ozh,DQA1*05:13,181,181,1,0,3,183,DQB1*02:109,181,181,1,7,3,190,,,,,,,
4ozh,DQA1*05:05,181,181,1,0,3,183,DQB1*02:81,180,181,0.994475138,7,3,190,,,,,,,
4ozi,DQA1*05:09,181,181,1,0,3,183,DQB1*02:190,180,180,1,8,3,190,HLA-DQA1*0501_HLA-QB1*0201,3.2,DQA1*05:01,DQB1*02:01,,,
4ozi,DQA1*05:48,181,181,1,0,3,183,DQB1*02:198,180,180,1,8,3,190,,,,,,,
4ozi,DQA1*05:47,181,181,1,0,3,183,DQB1*02:01,180,180,1,8,3,190,,,,,,,
4ozi,DQA1*05:13,181,181,1,0,3,183,DQB1*02:109,180,180,1,8,3,190,,,,,,,
4ozi,DQA1*05:05,181,181,1,0,3,183,DQB1*02:81,179,180,0.994444444,8,3,190,,,,,,,
4p4k,DPA1*01:14,178,178,1,0,2,179,DPB1*02:01,186,186,1,0,4,189,HLA-DPA1*0103_HLA-DPB1,2.8,DPA1*01:03,DPB1*02:01,,,
4p4k,DPA1*01:59,178,178,1,0,2,179,DPB1*1082:01,186,186,1,0,4,189,,,,,,,
4p4k,DPA1*01:03,178,178,1,0,2,179,DPB1*416:01,185,186,0.994623656,0,4,189,,,,,,,
4p4k,DPA1*01:91,178,178,1,0,2,179,DPB1*1072:01,185,186,0.994623656,0,4,189,,,,,,,
4p4k,DPA1*01:30,178,178,1,0,2,179,DPB1*665:01,185,186,0.994623656,0,4,189,,,,,,,
4p4r,DPA1*01:14,178,178,1,0,2,179,DPB1*02:01,186,186,1,0,4,189,HLA-DPA1*0103_HLA-DPB1,3,DPA1*01:03,DPB1*02:01,,,
4p4r,DPA1*01:59,178,178,1,0,2,179,DPB1*1082:01,186,186,1,0,4,189,,,,,,,
4p4r,DPA1*01:03,178,178,1,0,2,179,DPB1*416:01,185,186,0.994623656,0,4,189,,,,,,,
4p4r,DPA1*01:91,178,178,1,0,2,179,DPB1*1072:01,185,186,0.994623656,0,4,189,,,,,,,
4p4r,DPA1*01:30,178,178,1,0,2,179,DPB1*665:01,185,186,0.994623656,0,4,189,,,,,,,
4p57,DPA1*01:14,178,178,1,0,2,179,DPB1*1072:01,178,178,1,6,6,189,HLA-DPA1*0103_HLA-DPB1,2.6,DPA1*01:03,DPB1*04:02 missing 105-111,,,
4p57,DPA1*01:59,178,178,1,0,2,179,DPB1*665:01,178,178,1,6,6,189,,,,,,,
4p57,DPA1*01:03,178,178,1,0,2,179,DPB1*105:01,178,178,1,6,6,189,,,,,,,
4p57,DPA1*01:91,178,178,1,0,2,179,DPB1*1171:01,178,178,1,6,1,184,,,,,,,
4p57,DPA1*01:30,178,178,1,0,2,179,DPB1*1194:01,177,178,0.994382022,6,1,184,,,,,,,
4p5k,DPA1*01:30,181,181,1,0,1,181,DPB1*02:01,182,183,0.994535519,4,3,189,HLA-DPA1*0103_HLA-DPB1*2602,2.59,DPA1*01:03,DPB1*02:01 missing 107-111,,,
4p5k,DPA1*01:91,181,181,1,0,1,181,DPB1*1082:01,182,183,0.994535519,4,3,189,,,,,,,
4p5k,DPA1*01:59,181,181,1,0,1,181,DPB1*416:01,181,183,0.989071038,4,3,189,,,,,,,
4p5k,DPA1*01:14,181,181,1,0,1,181,DPB1*1072:01,181,183,0.989071038,4,3,189,,,,,,,
4p5k,DPA1*01:03,181,181,1,0,1,181,DPB1*665:01,181,183,0.989071038,4,3,189,,,,,,,
4p5m,DPA1*01:14,180,180,1,0,1,180,DPB1*1055:01,184,184,1,0,1,184,HLA-DPA1*0103_HLA-DPB1,1.7,DPA1*01:03,DPB1*02:01,,,
4p5m,DPA1*01:91,180,180,1,0,1,180,DPB1*02:01,184,184,1,0,6,189,,,,,,,
4p5m,DPA1*01:30,180,180,1,0,1,180,DPB1*1082:01,184,184,1,0,6,189,,,,,,,
4p5m,DPA1*01:59,180,180,1,0,1,180,DPB1*416:01,183,184,0.994565217,0,6,189,,,,,,,
4p5m,DPA1*01:03,180,180,1,0,1,180,DPB1*1290:01,183,184,0.994565217,0,1,184,,,,,,,
4x5w,DRA*01:01,180,181,0.994475138,0,1,180,DRB1*01:115,188,188,1,9,2,198,HLA-DRA*0101_HLA-DRB1*0101,1.34,DRA*01:01,DRB1*01:01,,,
4x5w,DRA*01:03,180,181,0.994475138,0,1,180,DRB1*01:01,188,188,1,9,2,198,,,,,,,
4x5w,DRA*01:05,179,181,0.988950276,0,1,180,DRB1*01:07,187,188,0.994680851,9,2,198,,,,,,,
4x5w,DRA*01:04,179,181,0.988950276,0,1,180,DRB1*01:112,187,188,0.994680851,9,2,198,,,,,,,
4x5w,DRA*01:02,177,181,0.977900552,0,1,177,DRB1*01:82,187,188,0.994680851,9,2,198,,,,,,,
4x5x,DRA*01:03,179,179,1,0,2,180,DRB1*01:115,178,179,0.994413408,8,2,188,HLA-DRA*0101_HLA-DRB1*0101,3.2,DRA*01:01,DRB1*01:01 missing 106-114,,,
4x5x,DRA*01:01,179,179,1,0,2,180,DRB1*01:01,178,179,0.994413408,8,2,188,,,,,,,
4x5x,DRA*01:05,178,179,0.994413408,0,2,180,DRB1*01:07,177,179,0.988826816,8,2,188,,,,,,,
4x5x,DRA*01:04,178,179,0.994413408,0,2,180,DRB1*01:108,177,179,0.988826816,8,2,188,,,,,,,
4x5x,DRA*01:02,177,179,0.988826816,0,1,177,DRB1*01:112,177,179,0.988826816,8,2,188,,,,,,,
4y19,DRA*01:01,179,179,1,0,3,181,DRB1*04:274,182,184,0.989130435,8,1,190,"FS18_alpha TR; MH2, DRB1-4",2.5,DRA*01:01,DRB1*04:01,,,
4y19,DRA*01:03,179,179,1,0,3,181,DRB1*04:01,182,184,0.989130435,8,1,190,,,,,,,
4y19,DRA*01:02,178,179,0.994413408,0,1,178,DRB1*04:334,182,184,0.989130435,8,1,190,,,,,,,
4y19,DRA*01:05,178,179,0.994413408,0,3,181,DRB1*04:38,181,184,0.983695652,8,1,190,,,,,,,
4y19,DRA*01:04,178,179,0.994413408,0,3,181,DRB1*04:16,181,184,0.983695652,8,1,190,,,,,,,
4y1a,DRA*01:01,178,178,1,0,4,181,DRB1*04:274,182,184,0.989130435,8,1,190,"FS17_alpha TR; MH2, DRB1-4",4,DRA*01:01,DRB1*04:01,,,
4y1a,DRA*01:03,178,178,1,0,4,181,DRB1*04:01,182,184,0.989130435,8,1,190,,,,,,,
4y1a,DRA*01:02,178,178,1,0,1,178,DRB1*04:334,182,184,0.989130435,8,1,190,,,,,,,
4y1a,DRA*01:05,177,178,0.994382022,0,4,181,DRB1*04:38,181,184,0.983695652,8,1,190,,,,,,,
4y1a,DRA*01:04,177,178,0.994382022,0,4,181,DRB1*04:16,181,184,0.983695652,8,1,190,,,,,,,
4z7u,DQA1*03:18,182,182,1,0,2,183,DQB1*03:466,169,169,1,19,2,189,HLA-DQA1*0301_HLA-DQB1*0302,2.7,DQA1*03:01,DQB1*03:02,,,
4z7u,DQA1*03:01,182,182,1,0,2,183,DQB1*03:263,169,169,1,19,2,189,,,,,,,
4z7u,DQA1*03:28,181,182,0.994505495,0,2,183,DQB1*03:464,169,169,1,19,2,189,,,,,,,
4z7u,DQA1*03:21,181,182,0.994505495,0,2,183,DQB1*03:416,169,169,1,19,2,189,,,,,,,
4z7u,DQA1*03:17,181,182,0.994505495,0,2,183,DQB1*03:289,169,169,1,19,2,189,,,,,,,
4z7v,DQA1*03:18,180,180,1,0,4,183,DQB1*03:466,172,172,1,15,3,189,HLA-DQA1*0301_HLA-DQB1*0302,2.65,DQA1*03:01,DQB1*03:02,,,
4z7v,DQA1*03:01,180,180,1,0,4,183,DQB1*03:416,172,172,1,15,3,189,,,,,,,
4z7v,DQA1*03:28,179,180,0.994444444,0,4,183,DQB1*03:289,172,172,1,15,3,189,,,,,,,
4z7v,DQA1*03:17,179,180,0.994444444,0,4,183,DQB1*03:02,172,172,1,15,3,189,,,,,,,
4z7v,DQA1*03:03,179,180,0.994444444,0,4,183,DQB1*03:464,172,172,1,15,3,189,,,,,,,
4z7w,DQA1*03:18,181,181,1,0,3,183,DQB1*03:464,180,180,1,7,3,189,HLA-DQA1*0301_HLA-DQB1*0302,2.89,DQA1*03:01,DQB1*03:02,,,
4z7w,DQA1*03:01,181,181,1,0,3,183,DQB1*03:416,180,180,1,7,3,189,,,,,,,
4z7w,DQA1*03:28,180,181,0.994475138,0,3,183,DQB1*03:289,180,180,1,7,3,189,,,,,,,
4z7w,DQA1*03:17,180,181,0.994475138,0,3,183,DQB1*03:02,180,180,1,7,3,189,,,,,,,
4z7w,DQA1*03:03,180,181,0.994475138,0,3,183,DQB1*03:415,180,180,1,7,3,189,,,,,,,
5jlz,DRA*01:03,180,180,1,0,2,181,DRB1*04:274,191,193,0.989637306,0,1,192,HLA-DRA*0101,1.99,DRA*01:01,DRB1*04:01,,,
5jlz,DRA*01:01,180,180,1,0,2,181,DRB1*04:01,191,193,0.989637306,0,1,192,,,,,,,
5jlz,DRA*01:05,179,180,0.994444444,0,2,181,DRB1*04:334,191,193,0.989637306,0,1,192,,,,,,,
5jlz,DRA*01:04,179,180,0.994444444,0,2,181,DRB1*04:38,190,193,0.984455959,0,1,192,,,,,,,
5jlz,DRA*01:02,178,180,0.988888889,0,1,178,DRB1*04:16,190,193,0.984455959,0,1,192,,,,,,,
5ks9,DQA1*03:18,182,182,1,0,2,183,DQB1*03:464,181,181,1,10,2,192,HLA-DQA1*0301_HLA-DQB1*0302,2.55,DQA1*03:01,DQB1*03:02,,,
5ks9,DQA1*03:01,182,182,1,0,2,183,DQB1*03:416,181,181,1,10,2,192,,,,,,,
5ks9,DQA1*03:28,181,182,0.994505495,0,2,183,DQB1*03:289,181,181,1,10,2,192,,,,,,,
5ks9,DQA1*03:21,181,182,0.994505495,0,2,183,DQB1*03:02,181,181,1,10,2,192,,,,,,,
5ks9,DQA1*03:17,181,182,0.994505495,0,2,183,DQB1*03:415,181,181,1,10,2,192,,,,,,,
5ksa,DQA1*05:48,181,182,0.994505495,0,2,183,DQB1*03:416,190,190,1,0,2,191,HLA-DQA1*0501_HLA-DQB1*0302,2,DQA1*05:01 C47S,DQB1*03:02,,,
5ksa,DQA1*05:47,181,182,0.994505495,0,2,183,DQB1*03:289,190,190,1,0,2,191,,,,,,,
5ksa,DQA1*05:13,181,182,0.994505495,0,2,183,DQB1*03:02,190,190,1,0,2,191,,,,,,,
5ksa,DQA1*05:05,181,182,0.994505495,0,2,183,DQB1*03:471,189,190,0.994736842,0,2,191,,,,,,,
5ksa,DQA1*05:01,181,182,0.994505495,0,2,183,DQB1*03:447,189,190,0.994736842,0,2,191,,,,,,,
5ksb,DQA1*05:09,180,181,0.994475138,0,2,182,DQB1*03:415,179,179,1,10,2,190,HLA-DQA1*0501_HLA-DQB1*0302,2.9,DQA1*05:01 C47S,DQB1*03:02,,,
5ksb,DQA1*05:11,180,181,0.994475138,0,2,182,DQB1*03:464,179,179,1,10,2,190,,,,,,,
5ksb,DQA1*05:48,180,181,0.994475138,0,2,182,DQB1*03:416,179,179,1,10,2,190,,,,,,,
5ksb,DQA1*05:47,180,181,0.994475138,0,2,182,DQB1*03:289,179,179,1,10,2,190,,,,,,,
5ksb,DQA1*05:13,180,181,0.994475138,0,2,182,DQB1*03:02,179,179,1,10,2,190,,,,,,,
5ksu,DQA1*05:09,182,182,1,0,2,183,DQB1*02:109,180,180,1,8,3,190,HLA-DQA1*0501_HLA-DQB1*0201,2.73,DQA1*05:01,DQB1*02:01,,,
5ksu,DQA1*05:11,182,182,1,0,2,183,DQB1*02:198,180,180,1,8,3,190,,,,,,,
5ksu,DQA1*05:48,182,182,1,0,2,183,DQB1*02:01,180,180,1,8,3,190,,,,,,,
5ksu,DQA1*05:47,182,182,1,0,2,183,DQB1*02:190,180,180,1,8,3,190,,,,,,,
5ksu,DQA1*05:13,182,182,1,0,2,183,DQB1*02:81,179,180,0.994444444,8,3,190,,,,,,,
5ksv,DQA1*05:11,180,180,1,0,3,182,DQB1*02:109,180,180,1,8,3,190,HLA-DQA1*0501_HLA-DQB1*0201,2.2,DQA1*05:01,DQB1*02:01,,,
5ksv,DQA1*05:09,180,180,1,0,3,182,DQB1*02:198,180,180,1,8,3,190,,,,,,,
5ksv,DQA1*05:48,180,180,1,0,3,182,DQB1*02:01,180,180,1,8,3,190,,,,,,,
5ksv,DQA1*05:47,180,180,1,0,3,182,DQB1*02:190,180,180,1,8,3,190,,,,,,,
5ksv,DQA1*05:13,180,180,1,0,3,182,DQB1*02:81,179,180,0.994444444,8,3,190,,,,,,,
5lax,DRA*01:01,180,181,0.994475138,0,2,182,DRB1*04:274,191,193,0.989637306,0,1,192,HLA-DRA*0101,2.6,DRA*01:01,DRB1*04:01,,,
5lax,DRA*01:03,180,181,0.994475138,0,2,182,DRB1*04:01,191,193,0.989637306,0,1,192,,,,,,,
5lax,DRA*01:02,178,181,0.983425414,0,1,179,DRB1*04:334,191,193,0.989637306,0,1,192,,,,,,,
5lax,DRA*01:05,179,181,0.988950276,0,2,182,DRB1*04:38,190,193,0.984455959,0,1,192,,,,,,,
5lax,DRA*01:04,179,181,0.988950276,0,2,182,DRB1*04:16,190,193,0.984455959,0,1,192,,,,,,,
5ni9,DRA*01:03,179,179,1,0,2,180,DRB1*04:274,190,193,0.984455959,0,2,192,HLA-DRB1*04:01,1.33,DRA*01:01,DRB1*04:01,,,
5ni9,DRA*01:01,179,179,1,0,2,180,DRB1*04:01,190,193,0.984455959,0,2,192,,,,,,,
5ni9,DRA*01:05,178,179,0.994413408,0,2,180,DRB1*04:334,190,193,0.984455959,0,2,192,,,,,,,
5ni9,DRA*01:04,178,179,0.994413408,0,2,180,DRB1*04:16,189,193,0.979274611,0,2,192,,,,,,,
5ni9,DRA*01:02,177,179,0.988826816,0,1,177,DRB1*04:38,189,193,0.979274611,0,2,192,,,,,,,
5nig,DRA*01:03,180,180,1,0,2,181,DRB1*04:274,191,197,0.969543147,0,1,192,HLA-DRB1*04:01,1.35,DRA*01:01,DRB1*04:01,,,
5nig,DRA*01:01,180,180,1,0,2,181,DRB1*04:01,191,197,0.969543147,0,1,192,,,,,,,
5nig,DRA*01:05,179,180,0.994444444,0,2,181,DRB1*04:334,191,197,0.969543147,0,1,192,,,,,,,
5nig,DRA*01:04,179,180,0.994444444,0,2,181,DRB1*04:38,190,197,0.964467005,0,1,192,,,,,,,
5nig,DRA*01:02,178,180,0.988888889,0,1,178,DRB1*04:314,190,197,0.964467005,0,1,192,,,,,,,
5ujt,DQA1*03:28,182,183,0.994535519,0,2,184,DQB1*03:464,188,188,1,1,3,191,HLA-DQA1*0301,1.94,DQA1*03:01 I75C,DQB1*03:02,,,
5ujt,DQA1*03:21,182,183,0.994535519,0,2,184,DQB1*03:416,188,188,1,1,3,191,,,,,,,
5ujt,DQA1*03:17,182,183,0.994535519,0,2,184,DQB1*03:289,188,188,1,1,3,191,,,,,,,
5ujt,DQA1*03:03,182,183,0.994535519,0,2,184,DQB1*03:02,188,188,1,1,3,191,,,,,,,
5ujt,DQA1*03:02,182,183,0.994535519,0,2,184,DQB1*03:415,188,188,1,1,3,191,,,,,,,
5v4m,DRA*01:01,178,178,1,0,4,181,DRB1*15:01,189,189,1,0,2,190,HLA-DRA1-15,2.1,DRA*01:01,DRB1*15:01,,,
5v4m,DRA*01:03,178,178,1,0,4,181,DRB1*15:198,188,189,0.994708995,0,2,190,,,,,,,
5v4m,DRA*01:02,178,178,1,0,1,178,DRB1*15:07,188,189,0.994708995,0,2,190,,,,,,,
5v4m,DRA*01:05,177,178,0.994382022,0,4,181,DRB1*15:18,188,189,0.994708995,0,2,190,,,,,,,
5v4m,DRA*01:04,177,178,0.994382022,0,4,181,DRB1*15:06,188,189,0.994708995,0,2,190,,,,,,,
5v4n,DRA*01:01,178,179,0.994413408,0,4,182,DRB1*01:115,188,188,1,0,3,190,HLA-DRA1-15,3.41,DRA*01:01 A182T,DRB1*01:01,,,
5v4n,DRA*01:03,178,179,0.994413408,0,4,182,DRB1*01:01,188,188,1,0,3,190,,,,,,,
5v4n,DRA*01:02,178,179,0.994413408,0,1,179,DRB1*01:112,187,188,0.994680851,0,3,190,,,,,,,
5v4n,DRA*01:05,177,179,0.988826816,0,4,182,DRB1*01:07,187,188,0.994680851,0,3,190,,,,,,,
5v4n,DRA*01:04,177,179,0.988826816,0,4,182,DRB1*01:82,187,188,0.994680851,0,3,190,,,,,,,
6atf,DRA*01:03,179,180,0.994444444,0,3,182,DRB1*14:02,189,189,1,0,2,190,HLA-DRA*0101_HLA-DRA*0102,1.9,DRA*01:01,DRB1*14:02,,,
6atf,DRA*01:01,179,180,0.994444444,0,3,182,DRB1*14:19,188,189,0.994708995,0,2,190,,,,,,,
6atf,DRA*01:02,178,180,0.988888889,0,1,179,DRB1*14:09,188,189,0.994708995,0,2,190,,,,,,,
6atf,DRA*01:05,178,180,0.988888889,0,3,182,DRB1*14:24,187,189,0.989417989,0,2,190,,,,,,,
6atf,DRA*01:04,178,180,0.988888889,0,3,182,DRB1*14:06,188,189,0.994708995,0,2,190,,,,,,,
6ati,DRA*01:03,179,180,0.994444444,0,3,182,DRB1*14:02,189,190,0.994736842,0,2,190,MH2 HLA-DRA*0101_HLA-DRA*0102,1.98,DRA*01:01,DRB1*14:02,,,
6ati,DRA*01:01,179,180,0.994444444,0,3,182,DRB1*14:19,188,190,0.989473684,0,2,190,,,,,,,
6ati,DRA*01:02,178,180,0.988888889,0,1,179,DRB1*14:09,188,190,0.989473684,0,2,190,,,,,,,
6ati,DRA*01:05,178,180,0.988888889,0,3,182,DRB1*14:24,187,190,0.984210526,0,2,190,,,,,,,
6ati,DRA*01:04,178,180,0.988888889,0,3,182,DRB1*14:06,188,190,0.989473684,0,2,190,,,,,,,
6atz,DRA*01:02,177,177,1,0,1,177,DRB1*14:02,188,188,1,0,3,190,HLA-DRA*0101_HLA-DRB1*1402,2.7,DRA*01:01,DRB1*14:02,,,
6atz,DRA*01:01,177,177,1,0,4,180,DRB1*14:19,187,188,0.994680851,0,3,190,,,,,,,
6atz,DRA*01:03,177,177,1,0,4,180,DRB1*14:09,187,188,0.994680851,0,3,190,,,,,,,
6atz,DRA*01:05,176,177,0.994350282,0,4,180,DRB1*14:24,186,188,0.989361702,0,3,190,,,,,,,
6atz,DRA*01:04,176,177,0.994350282,0,4,180,DRB1*14:06,187,188,0.994680851,0,3,190,,,,,,,
6bij,DRA*01:02,177,177,1,0,1,177,DRB1*04:274,189,189,1,0,2,190,HLA-DRB1,2.1,DRA*01:01,DRB1*04:01,,,
6bij,DRA*01:01,177,177,1,0,4,180,DRB1*04:01,189,189,1,0,2,190,,,,,,,
6bij,DRA*01:03,177,177,1,0,4,180,DRB1*04:334,189,189,1,0,2,190,,,,,,,
6bij,DRA*01:05,176,177,0.994350282,0,4,180,DRB1*04:38,188,189,0.994708995,0,2,190,,,,,,,
6bij,DRA*01:04,176,177,0.994350282,0,4,180,DRB1*04:16,188,189,0.994708995,0,2,190,,,,,,,
6bil,DRA*01:02,177,177,1,0,1,177,DRB1*04:274,189,189,1,0,2,190,HLA-DRB1,2.4,DRA*01:01,DRB1*04:01,,,
6bil,DRA*01:01,177,177,1,0,4,180,DRB1*04:01,189,189,1,0,2,190,,,,,,,
6bil,DRA*01:03,177,177,1,0,4,180,DRB1*04:334,189,189,1,0,2,190,,,,,,,
6bil,DRA*01:05,176,177,0.994350282,0,4,180,DRB1*04:38,188,189,0.994708995,0,2,190,,,,,,,
6bil,DRA*01:04,176,177,0.994350282,0,4,180,DRB1*04:16,188,189,0.994708995,0,2,190,,,,,,,
6bir,DRA*01:02,177,177,1,0,1,177,DRB1*04:05,186,186,1,3,2,190,HLA-DRB1_HLA-DRB1*0405,2.3,DRA*01:01,DRB1*04:05,,,
6bir,DRA*01:01,177,177,1,0,4,180,DRB1*04:09,185,186,0.994623656,3,2,190,,,,,,,
6bir,DRA*01:03,177,177,1,0,4,180,DRB1*04:314,185,186,0.994623656,3,2,190,,,,,,,
6bir,DRA*01:05,176,177,0.994350282,0,4,180,DRB1*04:08,185,186,0.994623656,3,2,190,,,,,,,
6bir,DRA*01:04,176,177,0.994350282,0,4,180,DRB1*04:01,184,186,0.989247312,3,2,190,,,,,,,
6biv,DRA*01:01,178,178,1,0,3,180,DRB1*04:274,189,189,1,0,2,190,HLA-DRA*0101_HLA-DRB1*0401,2.9,DRA*01:01,DRB1*04:01,,,
6biv,DRA*01:03,178,178,1,0,3,180,DRB1*04:01,189,189,1,0,2,190,,,,,,,
6biv,DRA*01:02,177,178,0.994382022,0,1,177,DRB1*04:334,189,189,1,0,2,190,,,,,,,
6biv,DRA*01:05,177,178,0.994382022,0,3,180,DRB1*04:38,188,189,0.994708995,0,2,190,,,,,,,
6biv,DRA*01:04,177,178,0.994382022,0,3,180,DRB1*04:16,188,189,0.994708995,0,2,190,,,,,,,
6bix,DRA*01:01,178,178,1,0,4,181,DRB1*04:04,189,189,1,0,2,190,HLA-DRA*0101_HLA-DRB1*0401,2.2,DRA*01:01,DRB1*04:04,,,
6bix,DRA*01:03,178,178,1,0,4,181,DRB1*04:13,188,189,0.994708995,0,2,190,,,,,,,
6bix,DRA*01:02,178,178,1,0,1,178,DRB1*04:32,188,189,0.994708995,0,2,190,,,,,,,
6bix,DRA*01:05,177,178,0.994382022,0,4,181,DRB1*04:10,188,189,0.994708995,0,2,190,,,,,,,
6bix,DRA*01:04,177,178,0.994382022,0,4,181,DRB1*04:314,188,189,0.994708995,0,2,190,,,,,,,
6biy,DRA*01:01,178,178,1,0,4,181,DRB1*04:04,189,189,1,0,2,190,HLA-DRB1*0405,2.05,DRA*01:01,DRB1*04:04,,,
6biy,DRA*01:03,178,178,1,0,4,181,DRB1*04:13,188,189,0.994708995,0,2,190,,,,,,,
6biy,DRA*01:02,178,178,1,0,1,178,DRB1*04:32,188,189,0.994708995,0,2,190,,,,,,,
6biy,DRA*01:05,177,178,0.994382022,0,4,181,DRB1*04:10,188,189,0.994708995,0,2,190,,,,,,,
6biy,DRA*01:04,177,178,0.994382022,0,4,181,DRB1*04:314,188,189,0.994708995,0,2,190,,,,,,,
6biz,DRA*01:01,179,179,1,0,3,181,DRB1*04:04,189,189,1,0,2,190,HLA-DRB1_HLA-DRB1*0405,2.1,DRA*01:01,DRB1*04:04,,,
6biz,DRA*01:03,179,179,1,0,3,181,DRB1*04:13,188,189,0.994708995,0,2,190,,,,,,,
6biz,DRA*01:02,178,179,0.994413408,0,1,178,DRB1*04:32,188,189,0.994708995,0,2,190,,,,,,,
6biz,DRA*01:05,178,179,0.994413408,0,3,181,DRB1*04:10,188,189,0.994708995,0,2,190,,,,,,,
6biz,DRA*01:04,178,179,0.994413408,0,3,181,DRB1*04:314,188,189,0.994708995,0,2,190,,,,,,,
6cpl,DRA*01:03,180,180,1,0,2,181,DRB1*11:01,189,189,1,0,2,190,HLA-DRA*0101,2.45,DRA*01:01,DRB1*11:01,,,
6cpl,DRA*01:01,180,180,1,0,2,181,DRB1*11:12,188,189,0.994708995,0,2,190,,,,,,,
6cpl,DRA*01:05,179,180,0.994444444,0,2,181,DRB1*11:37,188,189,0.994708995,0,2,190,,,,,,,
6cpl,DRA*01:04,179,180,0.994444444,0,2,181,DRB1*13:14,188,189,0.994708995,0,2,190,,,,,,,
6cpl,DRA*01:02,178,180,0.988888889,0,1,178,DRB1*11:05,188,189,0.994708995,0,2,190,,,,,,,
6cpn,DRA*01:01,181,182,0.994505495,0,1,182,DRB1*11:01,189,189,1,0,2,190,HLA-DRA*0101,2,DRA*01:01,DRB1*11:01,,,
6cpn,DRA*01:03,181,182,0.994505495,0,1,182,DRB1*11:12,188,189,0.994708995,0,2,190,,,,,,,
6cpn,DRA*01:05,180,182,0.989010989,0,1,182,DRB1*11:37,188,189,0.994708995,0,2,190,,,,,,,
6cpn,DRA*01:04,180,182,0.989010989,0,1,182,DRB1*13:14,188,189,0.994708995,0,2,190,,,,,,,
6cpn,DRA*01:02,178,182,0.978021978,0,1,179,DRB1*11:05,188,189,0.994708995,0,2,190,,,,,,,
6cpo,DRA*01:01,178,178,1,0,4,181,DRB1*15:02,189,189,1,0,2,190,HLA-DR15,2.4,DRA*01:01,DRB1*15:02,,,
6cpo,DRA*01:03,178,178,1,0,4,181,DRB1*15:01,188,189,0.994708995,0,2,190,,,,,,,
6cpo,DRA*01:02,178,178,1,0,1,178,DRB1*15:149,187,189,0.989417989,0,2,188,,,,,,,
6cpo,DRA*01:05,177,178,0.994382022,0,4,181,DRB1*15:198,187,189,0.989417989,0,2,190,,,,,,,
6cpo,DRA*01:04,177,178,0.994382022,0,4,181,DRB1*15:07,187,189,0.989417989,0,2,190,,,,,,,
6cqj,DRA*01:03,179,180,0.994444444,0,3,182,DRB1*01:115,182,182,1,7,2,190,HLA-DR1,2.75,DRA*01:01,DRB1*01:01,,,
6cqj,DRA*01:01,179,180,0.994444444,0,3,182,DRB1*01:01,182,182,1,7,2,190,,,,,,,
6cqj,DRA*01:02,178,180,0.988888889,0,1,179,DRB1*01:112,181,182,0.994505495,7,2,190,,,,,,,
6cqj,DRA*01:05,178,180,0.988888889,0,3,182,DRB1*01:07,181,182,0.994505495,7,2,190,,,,,,,
6cqj,DRA*01:04,178,180,0.988888889,0,3,182,DRB1*01:82,181,182,0.994505495,7,2,190,,,,,,,
6cql,DRA*01:01,178,178,1,0,4,181,DRB1*11:01,190,190,1,0,1,190,HLA-DR11,2.4,DRA*01:01,DRB1*11:01,,,
6cql,DRA*01:03,178,178,1,0,4,181,DRB1*11:12,189,190,0.994736842,0,1,190,,,,,,,
6cql,DRA*01:02,178,178,1,0,1,178,DRB1*11:37,189,190,0.994736842,0,1,190,,,,,,,
6cql,DRA*01:05,177,178,0.994382022,0,4,181,DRB1*13:14,189,190,0.994736842,0,1,190,,,,,,,
6cql,DRA*01:04,177,178,0.994382022,0,4,181,DRB1*11:296,189,190,0.994736842,0,1,190,,,,,,,
6cqn,DRA*01:01,178,178,1,0,4,181,DRB1*11:01,190,190,1,0,1,190,HLA-DR11,2.5,DRA*01:01,DRB1*11:01,,,
6cqn,DRA*01:03,178,178,1,0,4,181,DRB1*11:12,189,190,0.994736842,0,1,190,,,,,,,
6cqn,DRA*01:02,178,178,1,0,1,178,DRB1*11:37,189,190,0.994736842,0,1,190,,,,,,,
6cqn,DRA*01:05,177,178,0.994382022,0,4,181,DRB1*13:14,189,190,0.994736842,0,1,190,,,,,,,
6cqn,DRA*01:04,177,178,0.994382022,0,4,181,DRB1*11:296,189,190,0.994736842,0,1,190,,,,,,,
6cqq,DRA*01:01,178,178,1,0,4,181,DRB1*15:02,188,188,1,1,2,190,HLA-DR15,2.8,DRA*01:01,DRB1*15:02,,,
6cqq,DRA*01:03,178,178,1,0,4,181,DRB1*15:01,187,188,0.994680851,1,2,190,,,,,,,
6cqq,DRA*01:02,178,178,1,0,1,178,DRB1*15:149,186,188,0.989361702,1,2,188,,,,,,,
6cqq,DRA*01:05,177,178,0.994382022,0,4,181,DRB1*15:198,186,188,0.989361702,1,2,190,,,,,,,
6cqq,DRA*01:04,177,178,0.994382022,0,4,181,DRB1*15:07,186,188,0.989361702,1,2,190,,,,,,,
6cqr,DRA*01:01,179,179,1,0,3,181,DRB1*01:115,190,190,1,0,1,190,HLA-DR1,3.04,DRA*01:01,DRB1*01:01,,,
6cqr,DRA*01:03,179,179,1,0,3,181,DRB1*01:01,190,190,1,0,1,190,,,,,,,
6cqr,DRA*01:02,178,179,0.994413408,0,1,178,DRB1*01:07,189,190,0.994736842,0,1,190,,,,,,,
6cqr,DRA*01:05,178,179,0.994413408,0,3,181,DRB1*01:112,189,190,0.994736842,0,1,190,,,,,,,
6cqr,DRA*01:04,178,179,0.994413408,0,3,181,DRB1*01:82,189,190,0.994736842,0,1,190,,,,,,,
6dfx,DQA1*03:18,179,180,0.994444444,0,3,182,DQB1*03:464,180,200,0.9,8,3,190,HLA-DQA1*0301,2.03,DQA1*03:01 I75C,DQB1*03:01,,,
6dfx,DQA1*03:01,179,180,0.994444444,0,3,182,DQB1*03:416,180,200,0.9,8,3,190,,,,,,,
6dfx,DQA1*03:28,178,180,0.988888889,0,3,182,DQB1*03:289,180,200,0.9,8,3,190,,,,,,,
6dfx,DQA1*03:17,178,180,0.988888889,0,3,182,DQB1*03:02,180,200,0.9,8,3,190,,,,,,,
6dfx,DQA1*03:03,178,180,0.988888889,0,3,182,DQB1*03:415,180,200,0.9,8,3,190,,,,,,,
6dig,DQA1*01:11,182,182,1,0,2,183,DQB1*06:116,180,180,1,8,3,190,DQA1*01:02/DQB1*06:02,2,DQA1*01:02,DQB1*06:02,,,
6dig,DQA1*01:63,182,182,1,0,2,183,DQB1*06:127,180,180,1,8,3,190,,,,,,,
6dig,DQA1*01:51,182,182,1,0,2,183,DQB1*06:380,180,180,1,8,3,190,,,,,,,
6dig,DQA1*01:39,182,182,1,0,2,183,DQB1*06:02,180,180,1,8,3,190,,,,,,,
6dig,DQA1*01:23,182,182,1,0,2,183,DQB1*06:293,180,180,1,8,3,190,,,,,,,
6hby,DRA*01:01,178,178,1,0,3,180,DRB1*01:115,190,191,0.994764398,0,1,190,HLA-DRA*0101,1.95,DRA*01:01,DRB1*01:01,,,
6hby,DRA*01:03,178,178,1,0,3,180,DRB1*01:01,190,191,0.994764398,0,1,190,,,,,,,
6hby,DRA*01:02,177,178,0.994382022,0,1,177,DRB1*01:07,189,191,0.989528796,0,1,190,,,,,,,
6hby,DRA*01:05,177,178,0.994382022,0,3,180,DRB1*01:112,189,191,0.989528796,0,1,190,,,,,,,
6hby,DRA*01:04,177,178,0.994382022,0,3,180,DRB1*01:82,189,191,0.989528796,0,1,190,,,,,,,
6mff,DQA1*05:11,180,180,1,0,3,182,DQB1*02:190,181,181,1,7,3,190,HLA-DQ2,2.6,DQA1*05:01,DQB1*02:01,,,
6mff,DQA1*05:09,180,180,1,0,3,182,DQB1*02:198,181,181,1,7,3,190,,,,,,,
6mff,DQA1*05:48,180,180,1,0,3,182,DQB1*02:01,181,181,1,7,3,190,,,,,,,
6mff,DQA1*05:47,180,180,1,0,3,182,DQB1*02:109,181,181,1,7,3,190,,,,,,,
6mff,DQA1*05:13,180,180,1,0,3,182,DQB1*02:81,180,181,0.994475138,7,3,190,,,,,,,
6mfg,DQA1*05:09,181,181,1,0,3,183,DQB1*02:109,180,180,1,8,3,190,HLA-DQ2,2,DQA1*05:01,DQB1*02:01,,,
6mfg,DQA1*05:48,181,181,1,0,3,183,DQB1*02:198,180,180,1,8,3,190,,,,,,,
6mfg,DQA1*05:47,181,181,1,0,3,183,DQB1*02:01,180,180,1,8,3,190,,,,,,,
6mfg,DQA1*05:13,181,181,1,0,3,183,DQB1*02:190,180,180,1,8,3,190,,,,,,,
6mfg,DQA1*05:05,181,181,1,0,3,183,DQB1*02:81,179,180,0.994444444,8,3,190,,,,,,,
6nix,DRA*01:01,178,178,1,0,4,181,DRB1*04:274,189,189,1,0,2,190,HLA-DRA*0101,2.1,DRA*01:01,DRB1*04:01,,,
6nix,DRA*01:03,178,178,1,0,4,181,DRB1*04:01,189,189,1,0,2,190,,,,,,,
6nix,DRA*01:02,178,178,1,0,1,178,DRB1*04:334,189,189,1,0,2,190,,,,,,,
6nix,DRA*01:05,177,178,0.994382022,0,4,181,DRB1*04:38,188,189,0.994708995,0,2,190,,,,,,,
6nix,DRA*01:04,177,178,0.994382022,0,4,181,DRB1*04:16,188,189,0.994708995,0,2,190,,,,,,,
6px6,DQA1*02:14,179,179,1,0,4,182,DQB1*02:156,178,178,1,9,3,189,HLA-DQA1,3,DQA1*02:01,DQB1*02:02,,,
6px6,DQA1*02:01,179,179,1,0,4,182,DQB1*02:02,178,178,1,9,3,189,,,,,,,
6px6,DQA1*02:03,178,179,0.994413408,0,4,182,DQB1*02:175,178,178,1,9,3,189,,,,,,,
6px6,DQA1*02:11,178,179,0.994413408,0,4,182,DQB1*02:10,177,178,0.994382022,9,3,189,,,,,,,
6px6,DQA1*02:17,178,179,0.994413408,0,4,182,DQB1*02:84,177,178,0.994382022,9,3,189,,,,,,,
6py2,DQA1*02:14,182,182,1,0,3,184,DQB1*02:156,178,178,1,9,3,189,HLA-DQA1*0201,2.83,DQA1*02:01,DQB1*02:02,,,
6py2,DQA1*02:01,182,182,1,0,3,184,DQB1*02:02,178,178,1,9,3,189,,,,,,,
6py2,DQA1*02:03,181,182,0.994505495,0,3,184,DQB1*02:175,178,178,1,9,3,189,,,,,,,
6py2,DQA1*02:11,181,182,0.994505495,0,3,184,DQB1*02:10,177,178,0.994382022,9,3,189,,,,,,,
6py2,DQA1*02:17,181,182,0.994505495,0,3,184,DQB1*02:84,177,178,0.994382022,9,3,189,,,,,,,
6u3m,DQA1*05:48,180,181,0.994475138,0,3,183,DQB1*02:190,181,181,1,7,3,190,HLA-DQA1*0501,1.9,DQA1*05:01 C47S,DQB1*02:01,,,
6u3m,DQA1*05:47,180,181,0.994475138,0,3,183,DQB1*02:198,181,181,1,7,3,190,,,,,,,
6u3m,DQA1*05:13,180,181,0.994475138,0,3,183,DQB1*02:01,181,181,1,7,3,190,,,,,,,
6u3m,DQA1*05:05,180,181,0.994475138,0,3,183,DQB1*02:109,181,181,1,7,3,190,,,,,,,
6u3m,DQA1*05:01,180,181,0.994475138,0,3,183,DQB1*02:81,180,181,0.994475138,7,3,190,,,,,,,
6u3n,DQA1*05:48,180,181,0.994475138,0,3,183,DQB1*02:190,181,181,1,7,3,190,HLA-DQA1*0501_HLA-QB1*0201,2.8,DQA1*05:01 C47S,DQB1*02:01,,,
6u3n,DQA1*05:47,180,181,0.994475138,0,3,183,DQB1*02:198,181,181,1,7,3,190,,,,,,,
6u3n,DQA1*05:13,180,181,0.994475138,0,3,183,DQB1*02:01,181,181,1,7,3,190,,,,,,,
6u3n,DQA1*05:05,180,181,0.994475138,0,3,183,DQB1*02:109,181,181,1,7,3,190,,,,,,,
6u3n,DQA1*05:01,180,181,0.994475138,0,3,183,DQB1*02:81,180,181,0.994475138,7,3,190,,,,,,,
6u3o,DQA1*05:48,180,181,0.994475138,0,3,183,DQB1*02:190,181,181,1,7,3,190,HLA-DQA1*0501_HLA-QB1*0201,2.74,DQA1*05:01 C48S,DQB1*02:01,,,
6u3o,DQA1*05:47,180,181,0.994475138,0,3,183,DQB1*02:198,181,181,1,7,3,190,,,,,,,
6u3o,DQA1*05:13,180,181,0.994475138,0,3,183,DQB1*02:01,181,181,1,7,3,190,,,,,,,
6u3o,DQA1*05:05,180,181,0.994475138,0,3,183,DQB1*02:109,181,181,1,7,3,190,,,,,,,
6u3o,DQA1*05:01,180,181,0.994475138,0,3,183,DQB1*02:81,180,181,0.994475138,7,3,190,,,,,,,
6v0y,DRA*01:02,175,175,1,2,1,177,DRB1*04:274,179,179,1,8,2,188,HLA-DRA*0101,2.7,DRA*01:01,DRB1*04:01,,,
6v0y,DRA*01:03,175,175,1,2,4,180,DRB1*04:01,179,179,1,8,2,188,,,,,,,
6v0y,DRA*01:01,175,175,1,2,4,180,DRB1*04:334,179,179,1,8,2,188,,,,,,,
6v0y,DRA*01:05,174,175,0.994285714,2,4,180,DRB1*04:314,178,179,0.994413408,8,2,188,,,,,,,
6v0y,DRA*01:04,174,175,0.994285714,2,4,180,DRB1*04:38,178,179,0.994413408,8,2,188,,,,,,,
6v13,DRA*01:01,178,178,1,0,3,180,DRB1*04:274,180,180,1,7,2,188,HLA-DRA*0101,2.75,DRA*01:01,DRB1*04:01,,,
6v13,DRA*01:03,178,178,1,0,3,180,DRB1*04:01,180,180,1,7,2,188,,,,,,,
6v13,DRA*01:02,177,178,0.994382022,0,1,177,DRB1*04:334,180,180,1,7,2,188,,,,,,,
6v13,DRA*01:05,177,178,0.994382022,0,3,180,DRB1*04:314,179,180,0.994444444,7,2,188,,,,,,,
6v13,DRA*01:04,177,178,0.994382022,0,3,180,DRB1*04:38,179,180,0.994444444,7,2,188,,,,,,,
6v15,DRA*01:02,177,177,1,0,1,177,DRB1*04:274,180,180,1,7,2,188,HLA-DRA*0101,2.8,DRA*01:01,DRB1*04:01,,,
6v15,DRA*01:01,177,177,1,0,4,180,DRB1*04:01,180,180,1,7,2,188,,,,,,,
6v15,DRA*01:03,177,177,1,0,4,180,DRB1*04:334,180,180,1,7,2,188,,,,,,,
6v15,DRA*01:05,176,177,0.994350282,0,4,180,DRB1*04:314,179,180,0.994444444,7,2,188,,,,,,,
6v15,DRA*01:04,176,177,0.994350282,0,4,180,DRB1*04:38,179,180,0.994444444,7,2,188,,,,,,,
6v18,DRA*01:03,179,179,1,0,2,180,DRB1*04:274,178,178,1,9,2,188,HLA-DRA*0101,2.35,DRA*01:01,DRB1*04:01,,,
6v18,DRA*01:01,179,179,1,0,2,180,DRB1*04:01,178,178,1,9,2,188,,,,,,,
6v18,DRA*01:05,178,179,0.994413408,0,2,180,DRB1*04:334,178,178,1,9,2,188,,,,,,,
6v18,DRA*01:04,178,179,0.994413408,0,2,180,DRB1*04:314,177,178,0.994382022,9,2,188,,,,,,,
6v18,DRA*01:02,177,179,0.988826816,0,1,177,DRB1*04:16,177,178,0.994382022,9,2,188,,,,,,,
6v19,DRA*01:02,177,177,1,0,1,177,DRB1*04:274,178,178,1,9,2,188,HLA-DRA*0101,2.6,DRA*01:01,DRB1*04:01,,,
6v19,DRA*01:01,177,177,1,0,4,180,DRB1*04:01,178,178,1,9,2,188,,,,,,,
6v19,DRA*01:03,177,177,1,0,4,180,DRB1*04:334,178,178,1,9,2,188,,,,,,,
6v19,DRA*01:05,176,177,0.994350282,0,4,180,DRB1*04:38,177,178,0.994382022,9,2,188,,,,,,,
6v19,DRA*01:04,176,177,0.994350282,0,4,180,DRB1*04:314,177,178,0.994382022,9,2,188,,,,,,,
6v1a,DRA*01:03,180,180,1,0,2,181,DRB1*04:274,173,173,1,14,2,188,HLA-DRA*0101,2.29,DRA*01:01,DRB1*04:01,,,
6v1a,DRA*01:01,180,180,1,0,2,181,DRB1*04:01,173,173,1,14,2,188,,,,,,,
6v1a,DRA*01:05,179,180,0.994444444,0,2,181,DRB1*04:334,173,173,1,14,2,188,,,,,,,
6v1a,DRA*01:04,179,180,0.994444444,0,2,181,DRB1*04:257,173,173,1,14,2,188,,,,,,,
6v1a,DRA*01:02,178,180,0.988888889,0,1,178,DRB1*04:38,172,173,0.994219653,14,2,188,,,,,,,
6xc9,DQA1*03:18,182,184,0.989130435,0,2,184,DQB1*03:464,181,181,1,9,1,190,HLA-DQA1*0301,2.4,DQA1*03:01 I75C,DQB1*03:02,,,
6xc9,DQA1*03:01,182,184,0.989130435,0,2,184,DQB1*03:416,181,181,1,9,1,190,,,,,,,
6xc9,DQA1*03:28,181,184,0.983695652,0,2,184,DQB1*03:289,181,181,1,9,1,190,,,,,,,
6xc9,DQA1*03:17,181,184,0.983695652,0,2,184,DQB1*03:02,181,181,1,9,1,190,,,,,,,
6xc9,DQA1*03:03,181,184,0.983695652,0,2,184,DQB1*03:415,181,181,1,9,1,190,,,,,,,
6xco,DQA1*03:18,181,182,0.994505495,0,2,183,DQB1*03:464,180,180,1,9,1,189,HLA-DQ,2.9,DQA1*03:01 I76C,DQB1*03:02 missing 106-115,,,
6xco,DQA1*03:01,181,182,0.994505495,0,2,183,DQB1*03:416,180,180,1,9,1,189,,,,,,,
6xco,DQA1*03:28,180,182,0.989010989,0,2,183,DQB1*03:289,180,180,1,9,1,189,,,,,,,
6xco,DQA1*03:21,180,182,0.989010989,0,2,183,DQB1*03:02,180,180,1,9,1,189,,,,,,,
6xco,DQA1*03:17,180,182,0.989010989,0,2,183,DQB1*03:415,180,180,1,9,1,189,,,,,,,
6xcp,DQA1*03:18,181,182,0.994505495,0,2,183,DQB1*03:416,183,183,1,7,3,192,0,3.3,DQA1*03:01 C75I,DQB1*03:02 missing 107-114,,,
6xcp,DQA1*03:01,181,182,0.994505495,0,2,183,DQB1*03:289,183,183,1,7,3,192,,,,,,,
6xcp,DQA1*03:28,180,182,0.989010989,0,2,183,DQB1*03:02,183,183,1,7,3,192,,,,,,,
6xcp,DQA1*03:21,180,182,0.989010989,0,2,183,DQB1*03:415,183,183,1,7,3,192,,,,,,,
6xcp,DQA1*03:17,180,182,0.989010989,0,2,183,DQB1*03:464,183,183,1,7,3,192,,,,,,,
6xp6,DQA1*05:09,181,181,1,0,3,183,DQB1*02:109,181,181,1,8,2,190,0,2.4,DQA1*05:01,DQB1*02:01,,,
6xp6,DQA1*05:48,181,181,1,0,3,183,DQB1*02:190,181,181,1,8,2,190,,,,,,,
6xp6,DQA1*05:47,181,181,1,0,3,183,DQB1*02:198,181,181,1,8,2,190,,,,,,,
6xp6,DQA1*05:13,181,181,1,0,3,183,DQB1*02:01,181,181,1,8,2,190,,,,,,,
6xp6,DQA1*05:05,181,181,1,0,3,183,DQB1*02:81,180,181,0.994475138,8,2,190,,,,,,,
7kei,DQA1*01:11,182,182,1,0,2,183,DQB1*06:116,179,180,0.994444444,8,3,189,0,1.75,DQA1*01:11,DQB1*06:02,,,
7kei,DQA1*01:63,182,182,1,0,2,183,DQB1*06:127,179,180,0.994444444,8,3,189,,,,,,,
7kei,DQA1*01:51,182,182,1,0,2,183,DQB1*06:02,179,180,0.994444444,8,3,189,,,,,,,
7kei,DQA1*01:39,182,182,1,0,2,183,DQB1*06:293,179,180,0.994444444,8,3,189,,,,,,,
7kei,DQA1*01:23,182,182,1,0,2,183,DQB1*06:380,179,180,0.994444444,8,3,189,,,,,,,
7n19,DRA*01:03,179,179,1,0,2,180,DRB1*03:01,187,187,1,0,4,190,HLA-A*0201,2.38,DRA*01:01,DRB1*03:01,,,
7n19,DRA*01:01,179,179,1,0,2,180,DRB1*03:132,186,187,0.994652406,0,4,190,,,,,,,
7n19,DRA*01:05,178,179,0.994413408,0,2,180,DRB1*03:07,186,187,0.994652406,0,4,190,,,,,,,
7n19,DRA*01:04,178,179,0.994413408,0,2,180,DRB1*03:06,186,187,0.994652406,0,4,190,,,,,,,
7n19,DRA*01:02,177,179,0.988826816,0,1,177,DRB1*03:04,186,187,0.994652406,0,4,190,,,,,,,
