Residue,Chain,ResNum,Atom,AtomNum,X,Y,Z,Charge,Hydrophobicity,Accept
SER,A,2,N,1,-18.262,-12.644,-6.833,-0.4157,-0.0062,1
SER,A,2,CA,2,-17.332,-12.106,-5.827,-0.0249,-0.1217,1
SER,A,2,C,3,-17.172,-10.592,-5.963,0.5973,-0.2645,1
SER,A,2,O,4,-17.499,-10.007,-6.996,-0.5679,0.4881,1
SER,A,2,CB,5,-15.978,-12.775,-5.956,0.2117,-0.1217,1
SER,A,2,OG,6,-15.23,-12.2,-6.993,-0.6546,0.4881,1
HIS,A,3,N,7,-16.621,-9.979,-4.917,-0.4157,-0.0062,1
HIS,A,3,CA,8,-16.41,-8.536,-4.826,0.0188,-0.1217,1
HIS,A,3,C,9,-15.092,-8.273,-4.13,0.5973,-0.2645,1
HIS,A,3,O,10,-14.63,-9.124,-3.376,-0.5679,0.4881,1
HIS,A,3,CB,11,-17.553,-7.867,-4.077,-0.0462,0.2169,1
HIS,A,3,CG,12,-18.877,-7.988,-4.75,-0.0266,-0.1217,1
HIS,A,3,CD2,13,-19.929,-8.802,-4.497,0.1292,-0.1217,1
HIS,A,3,ND1,14,-19.245,-7.207,-5.824,-0.3811,0.3544,1
HIS,A,3,CE1,15,-20.47,-7.543,-6.202,0.2057,-0.1217,1
HIS,A,3,NE2,16,-20.902,-8.505,-5.412,-0.5727,0.3544,1
SER,A,4,N,17,-14.474,-7.122,-4.376,-0.4157,-0.0062,1
SER,A,4,CA,18,-13.249,-6.851,-3.645,-0.0249,-0.1217,1
SER,A,4,C,19,-13.087,-5.404,-3.221,0.5973,-0.2645,1
SER,A,4,O,20,-13.479,-4.47,-3.912,-0.5679,0.4881,1
SER,A,4,CB,21,-12.058,-7.256,-4.492,0.2117,-0.1217,1
SER,A,4,OG,22,-11.986,-6.481,-5.658,-0.6546,0.4881,1
MET,A,5,N,23,-12.43,-5.241,-2.085,-0.4157,-0.0062,1
MET,A,5,CA,24,-12.009,-3.945,-1.576,-0.0237,-0.1217,1
MET,A,5,C,25,-10.58,-3.682,-1.983,0.5973,-0.2645,1
MET,A,5,O,26,-9.729,-4.536,-1.772,-0.5679,0.4881,1
MET,A,5,CB,27,-12.157,-3.883,-0.057,0.0342,0.2169,1
MET,A,5,CG,28,-11.719,-2.564,0.565,0.0018,-0.1217,1
MET,A,5,SD,29,-12.811,-1.194,0.13,-0.2737,0.4989,1
MET,A,5,CE,30,-14.297,-1.652,1.015,-0.0536,-0.1217,1
ARG,A,6,N,31,-10.259,-2.46,-2.393,-0.3479,-0.0062,1
ARG,A,6,CA,32,-8.878,-2.174,-2.75,-0.2637,-0.1217,1
ARG,A,6,C,33,-8.433,-0.785,-2.303,0.7341,-0.2645,1
ARG,A,6,O,34,-9.171,0.185,-2.419,-0.5894,0.4881,1
ARG,A,6,CB,35,-8.656,-2.287,-4.246,-0.0007,0.2169,1
ARG,A,6,CG,36,-8.775,-3.694,-4.816,0.039,0.2169,1
ARG,A,6,CD,37,-8.447,-3.727,-6.259,0.0486,-0.1217,1
ARG,A,6,NE,38,-9.463,-3.076,-7.085,-0.5295,-0.0062,1
ARG,A,6,CZ,39,-9.323,-2.835,-8.405,0.8076,-0.2645,1
TYR,A,7,N,40,-7.18,-0.662,-1.881,-0.4157,-0.0062,1
TYR,A,7,CA,41,-6.684,0.653,-1.495,-0.0014,-0.1217,1
TYR,A,7,C,42,-5.358,0.924,-2.164,0.5973,-0.2645,1
TYR,A,7,O,43,-4.473,0.076,-2.177,-0.5679,0.4881,1
TYR,A,7,CB,44,-6.545,0.763,0.025,-0.0152,0.2169,1
TYR,A,7,CG,45,-7.867,0.75,0.761,-0.0011,-0.2607,1
TYR,A,7,CD1,46,-8.36,-0.438,1.28,-0.1906,-0.2607,1
TYR,A,7,CD2,47,-8.584,1.927,0.917,-0.1906,-0.2607,1
TYR,A,7,CE1,48,-9.567,-0.449,1.952,-0.2341,-0.2607,1
TYR,A,7,CE2,49,-9.79,1.915,1.589,-0.2341,-0.2607,1
TYR,A,7,CZ,50,-10.283,0.734,2.106,0.3226,-0.1217,1
PHE,A,8,N,51,-5.225,2.097,-2.757,-0.4157,-0.0062,1
PHE,A,8,CA,52,-4.001,2.427,-3.457,-0.0024,-0.1217,1
PHE,A,8,C,53,-3.366,3.662,-2.861,0.5973,-0.2645,1
PHE,A,8,O,54,-4.018,4.689,-2.695,-0.5679,0.4881,1
PHE,A,8,CB,55,-4.274,2.65,-4.945,-0.0343,0.2169,1
PHE,A,8,CG,56,-4.82,1.441,-5.65,0.0118,-0.2607,1
PHE,A,8,CD1,57,-6.179,1.169,-5.641,-0.1256,-0.2607,1
PHE,A,8,CD2,58,-3.974,0.572,-6.322,-0.1256,-0.2607,1
PHE,A,8,CE1,59,-6.682,0.057,-6.288,-0.1704,-0.2607,1
PHE,A,8,CE2,60,-4.473,-0.541,-6.972,-0.1704,-0.2607,1
PHE,A,8,CZ,61,-5.83,-0.798,-6.953,-0.1072,-0.2607,1
TYR,A,9,N,62,-2.079,3.576,-2.576,-0.4157,-0.0062,1
TYR,A,9,CA,63,-1.398,4.691,-1.957,-0.0014,-0.1217,1
TYR,A,9,C,64,-0.207,5.103,-2.787,0.5973,-0.2645,1
TYR,A,9,O,65,0.618,4.273,-3.164,-0.5679,0.4881,1
TYR,A,9,CB,66,-0.963,4.337,-0.533,-0.0152,0.2169,1
TYR,A,9,CG,67,-2.103,3.922,0.369,-0.0011,-0.2607,1
TYR,A,9,CD1,68,-2.487,2.59,0.435,-0.1906,-0.2607,1
TYR,A,9,CD2,69,-2.766,4.873,1.131,-0.1906,-0.2607,1
TYR,A,9,CE1,70,-3.529,2.212,1.259,-0.2341,-0.2607,1
TYR,A,9,CE2,71,-3.808,4.494,1.955,-0.2341,-0.2607,1
TYR,A,9,CZ,72,-4.19,3.169,2.02,0.3226,-0.1217,1
THR,A,10,N,73,-0.022,6.405,-2.942,-0.4157,-0.0062,1
THR,A,10,CA,74,1.13,6.898,-3.666,-0.0389,-0.1217,1
THR,A,10,C,75,1.873,8.008,-2.93,0.5973,-0.2645,1
THR,A,10,O,76,1.28,8.979,-2.468,-0.5679,0.4881,1
THR,A,10,CB,77,0.719,7.403,-5.061,0.3654,-0.1217,1
THR,A,10,CG2,78,1.934,7.876,-5.802,-0.2438,0.2169,1
THR,A,10,OG1,79,0.088,6.346,-5.796,-0.6761,0.4881,1
ALA,A,11,N,80,3.15,7.779,-2.636,-0.4157,-0.0062,1
ALA,A,11,CA,81,3.906,8.771,-1.888,0.0337,-0.1217,1
ALA,A,11,C,82,5.024,9.245,-2.795,0.5973,-0.2645,1
ALA,A,11,O,83,5.823,8.453,-3.283,-0.5679,0.4881,1
ALA,A,11,CB,84,4.456,8.235,-0.586,-0.1825,0.2169,1
MET,A,12,N,85,5.158,10.554,-2.942,-0.4157,-0.0062,1
MET,A,12,CA,86,6.156,11.063,-3.872,-0.0237,-0.1217,1
MET,A,12,C,87,7.072,12.11,-3.286,0.5973,-0.2645,1
MET,A,12,O,88,6.625,13.089,-2.693,-0.5679,0.4881,1
MET,A,12,CB,89,5.447,11.612,-5.104,0.0342,0.2169,1
MET,A,12,CG,90,4.671,10.581,-5.88,0.0018,-0.1217,1
MET,A,12,SD,91,3.436,11.309,-6.945,-0.2737,0.4989,1
MET,A,12,CE,92,2.24,11.813,-5.696,-0.0536,-0.1217,1
SER,A,13,N,93,8.374,11.898,-3.427,-0.4157,-0.0062,1
SER,A,13,CA,94,9.31,12.858,-2.886,-0.0249,-0.1217,1
SER,A,13,C,95,9.345,14.077,-3.782,0.5973,-0.2645,1
SER,A,13,O,96,9.171,13.985,-4.996,-0.5679,0.4881,1
SER,A,13,CB,97,10.694,12.251,-2.769,0.2117,-0.1217,1
SER,A,13,OG,98,11.614,13.188,-2.28,-0.6546,0.4881,1
ARG,A,14,N,99,9.614,15.214,-3.185,-0.3479,-0.0062,1
ARG,A,14,CA,100,9.739,16.45,-3.935,-0.2637,-0.1217,1
ARG,A,14,C,101,10.658,17.422,-3.204,0.7341,-0.2645,1
ARG,A,14,O,102,10.2,18.431,-2.671,-0.5894,0.4881,1
ARG,A,14,CB,103,8.36,17.061,-4.11,-0.0007,0.2169,1
ARG,A,14,CG,104,7.628,17.342,-2.806,0.039,0.2169,1
ARG,A,14,CD,105,6.257,17.852,-3.029,0.0486,-0.1217,1
ARG,A,14,NE,106,5.516,17.917,-1.787,-0.5295,-0.0062,1
ARG,A,14,CZ,107,4.27,18.396,-1.634,0.8076,-0.2645,1
PRO,A,15,N,108,11.984,17.222,-3.3,-0.2548,-0.0062,1
PRO,A,15,CA,109,13.024,18.05,-2.718,-0.0266,-0.1217,1
PRO,A,15,C,110,12.921,19.502,-3.155,0.5896,-0.2645,1
PRO,A,15,O,111,12.765,19.797,-4.34,-0.5748,0.4881,1
PRO,A,15,CB,112,14.306,17.396,-3.243,-0.007,0.2169,1
PRO,A,15,CG,113,13.917,15.978,-3.491,0.0189,0.2169,1
PRO,A,15,CD,114,12.519,16.065,-4.041,0.0192,-0.1217,1
GLY,A,16,N,115,13.017,20.402,-2.183,-0.4157,-0.0062,1
GLY,A,16,CA,116,12.94,21.839,-2.425,-0.0252,-0.1217,1
GLY,A,16,C,117,11.506,22.34,-2.585,0.5973,-0.2645,1
GLY,A,16,O,118,11.281,23.541,-2.73,-0.5679,0.4881,1
GLY,A,16,1HA,119,13.462,22.04,-3.361,0.0698,nan,1
GLY,A,16,2HA,120,13.399,22.359,-1.585,0.0698,nan,1
ARG,A,17,N,121,10.534,21.429,-2.528,-0.3479,-0.0062,1
ARG,A,17,CA,122,9.133,21.79,-2.708,-0.2637,-0.1217,1
ARG,A,17,C,123,8.277,21.389,-1.51,0.7341,-0.2645,1
ARG,A,17,O,124,7.049,21.386,-1.595,-0.5894,0.4881,1
ARG,A,17,CB,125,8.575,21.133,-3.961,-0.0007,0.2169,1
ARG,A,17,CG,126,9.185,21.621,-5.266,0.039,0.2169,1
ARG,A,17,CD,127,8.831,20.735,-6.404,0.0486,-0.1217,1
ARG,A,17,NE,128,9.301,21.268,-7.673,-0.5295,-0.0062,1
ARG,A,17,CZ,129,10.569,21.178,-8.117,0.8076,-0.2645,1
GLY,A,18,N,130,8.927,21.054,-0.398,-0.4157,-0.0062,1
GLY,A,18,CA,131,8.209,20.644,0.805,-0.0252,-0.1217,1
GLY,A,18,C,132,8.267,19.14,1.017,0.5973,-0.2645,1
GLY,A,18,O,133,8.891,18.417,0.243,-0.5679,0.4881,1
GLY,A,18,1HA,134,8.654,21.139,1.668,0.0698,nan,1
GLY,A,18,2HA,135,7.163,20.927,0.686,0.0698,nan,1
GLU,A,19,N,136,7.63,18.68,2.091,-0.5163,-0.0062,1
GLU,A,19,CA,137,7.653,17.27,2.445,0.0397,-0.1217,1
GLU,A,19,C,138,6.905,16.471,1.371,0.5366,-0.2645,1
GLU,A,19,O,139,6.037,17.03,0.705,-0.5819,0.4881,1
GLU,A,19,CB,140,7.021,17.045,3.82,0.056,0.2169,1
GLU,A,19,CG,141,7.804,17.65,4.978,0.0136,0.2169,1
GLU,A,19,CD,142,9.094,16.928,5.254,0.8054,-0.2645,1
GLU,A,19,OE1,143,9.059,15.732,5.421,-0.8188,0.7653,1
GLU,A,19,OE2,144,10.114,17.573,5.295,-0.8188,0.7653,1
PRO,A,20,N,145,7.209,15.174,1.172,-0.2548,-0.0062,1
PRO,A,20,CA,146,6.569,14.287,0.207,-0.0266,-0.1217,1
PRO,A,20,C,147,5.04,14.273,0.278,0.5896,-0.2645,1
PRO,A,20,O,148,4.43,14.457,1.334,-0.5748,0.4881,1
PRO,A,20,CB,149,7.151,12.924,0.591,-0.007,0.2169,1
PRO,A,20,CG,150,8.494,13.245,1.153,0.0189,0.2169,1
PRO,A,20,CD,151,8.281,14.52,1.925,0.0192,-0.1217,1
ARG,A,21,N,152,4.441,14.178,-0.905,-0.3479,-0.0062,1
ARG,A,21,CA,153,2.994,14.156,-1.087,-0.2637,-0.1217,1
ARG,A,21,C,154,2.449,12.759,-0.835,0.7341,-0.2645,1
ARG,A,21,O,155,2.987,11.786,-1.329,-0.5894,0.4881,1
ARG,A,21,CB,156,2.649,14.605,-2.498,-0.0007,0.2169,1
ARG,A,21,CG,157,1.17,14.758,-2.805,0.039,0.2169,1
ARG,A,21,CD,158,0.986,15.376,-4.14,0.0486,-0.1217,1
ARG,A,21,NE,159,-0.404,15.647,-4.453,-0.5295,-0.0062,1
ARG,A,21,CZ,160,-0.829,16.027,-5.676,0.8076,-0.2645,1
PHE,A,22,N,161,1.274,12.677,-0.219,-0.4157,-0.0062,1
PHE,A,22,CA,162,0.592,11.408,0.023,-0.0024,-0.1217,1
PHE,A,22,C,163,-0.851,11.359,-0.482,0.5973,-0.2645,1
PHE,A,22,O,164,-1.674,12.225,-0.19,-0.5679,0.4881,1
PHE,A,22,CB,165,0.604,11.101,1.522,-0.0343,0.2169,1
PHE,A,22,CG,166,-0.202,9.89,1.898,0.0118,-0.2607,1
PHE,A,22,CD1,167,0.327,8.615,1.753,-0.1256,-0.2607,1
PHE,A,22,CD2,168,-1.488,10.022,2.397,-0.1256,-0.2607,1
PHE,A,22,CE1,169,-0.413,7.5,2.099,-0.1704,-0.2607,1
PHE,A,22,CE2,170,-2.23,8.909,2.745,-0.1704,-0.2607,1
PHE,A,22,CZ,171,-1.691,7.646,2.596,-0.1072,-0.2607,1
ILE,A,23,N,172,-1.115,10.409,-1.374,-0.4157,-0.0062,1
ILE,A,23,CA,173,-2.421,10.282,-2.002,-0.0597,-0.1217,1
ILE,A,23,C,174,-3.003,8.903,-1.717,0.5973,-0.2645,1
ILE,A,23,O,175,-2.349,7.891,-1.933,-0.5679,0.4881,1
ILE,A,23,CB,176,-2.364,10.521,-3.522,0.1303,0.2169,1
ILE,A,23,CG1,177,-1.835,11.925,-3.819,-0.043,0.2169,1
ILE,A,23,CG2,178,-3.764,10.313,-4.136,-0.3204,-0.9227,1
ILE,A,23,CD1,179,-1.548,12.15,-5.276,-0.066,0.2169,1
ALA,A,24,N,180,-4.254,8.848,-1.286,-0.4157,-0.0062,1
ALA,A,24,CA,181,-4.859,7.558,-0.999,0.0337,-0.1217,1
ALA,A,24,C,182,-6.239,7.422,-1.611,0.5973,-0.2645,1
ALA,A,24,O,183,-7.091,8.275,-1.409,-0.5679,0.4881,1
ALA,A,24,CB,184,-4.908,7.355,0.485,-0.1825,0.2169,1
VAL,A,25,N,185,-6.508,6.29,-2.272,-0.4157,-0.0062,1
VAL,A,25,CA,186,-7.829,6.125,-2.872,-0.0875,-0.1217,1
VAL,A,25,C,187,-8.422,4.735,-2.599,0.5973,-0.2645,1
VAL,A,25,O,188,-7.737,3.719,-2.688,-0.5679,0.4881,1
VAL,A,25,CB,189,-7.744,6.35,-4.394,0.2985,1.5299,1
VAL,A,25,CG1,190,-9.138,6.424,-4.999,-0.3192,-0.9227,1
VAL,A,25,CG2,191,-6.96,7.62,-4.687,-0.3192,-0.9227,1
GLY,A,26,N,192,-9.684,4.698,-2.174,-0.4157,-0.0062,1
GLY,A,26,CA,193,-10.336,3.426,-1.861,-0.0252,-0.1217,1
GLY,A,26,C,194,-11.324,3.054,-2.957,0.5973,-0.2645,1
GLY,A,26,O,195,-12.121,3.895,-3.368,-0.5679,0.4881,1
GLY,A,26,1HA,196,-9.581,2.645,-1.777,0.0698,nan,1
GLY,A,26,2HA,197,-10.875,3.527,-0.918,0.0698,nan,1
TYR,A,27,N,198,-11.42,1.743,-3.237,-0.4157,-0.0062,1
TYR,A,27,CA,199,-12.297,1.172,-4.259,-0.0014,-0.1217,1
TYR,A,27,C,200,-13.095,-0.06,-3.806,0.5973,-0.2645,1
TYR,A,27,O,201,-12.637,-0.857,-2.997,-0.5679,0.4881,1
TYR,A,27,CB,202,-11.469,0.818,-5.496,-0.0152,0.2169,1
TYR,A,27,CG,203,-10.824,2.014,-6.163,-0.0011,-0.2607,1
TYR,A,27,CD1,204,-9.587,2.467,-5.727,-0.1906,-0.2607,1
TYR,A,27,CD2,205,-11.469,2.656,-7.208,-0.1906,-0.2607,1
TYR,A,27,CE1,206,-8.999,3.559,-6.336,-0.2341,-0.2607,1
TYR,A,27,CE2,207,-10.881,3.747,-7.817,-0.2341,-0.2607,1
TYR,A,27,CZ,208,-9.651,4.198,-7.384,0.3226,-0.1217,1
VAL,A,28,N,209,-14.263,-0.248,-4.402,-0.4157,-0.0062,1
VAL,A,28,CA,210,-14.953,-1.541,-4.363,-0.0875,-0.1217,1
VAL,A,28,C,211,-15.209,-1.898,-5.809,0.5973,-0.2645,1
VAL,A,28,O,212,-15.831,-1.121,-6.529,-0.5679,0.4881,1
VAL,A,28,CB,213,-16.278,-1.47,-3.58,0.2985,1.5299,1
VAL,A,28,CG1,214,-16.988,-2.816,-3.613,-0.3192,-0.9227,1
VAL,A,28,CG2,215,-16.01,-1.036,-2.148,-0.3192,-0.9227,1
ASP,A,29,N,216,-14.634,-3.017,-6.246,-0.5163,-0.0062,1
ASP,A,29,CA,217,-14.672,-3.386,-7.653,0.0381,-0.1217,1
ASP,A,29,C,218,-14.106,-2.213,-8.461,0.5366,-0.2645,1
ASP,A,29,O,219,-13.0,-1.747,-8.178,-0.5819,0.4881,1
ASP,A,29,CB,220,-16.097,-3.716,-8.103,-0.0303,0.2169,1
ASP,A,29,CG,221,-16.716,-4.864,-7.316,0.7994,-0.2645,1
ASP,A,29,OD1,222,-16.006,-5.501,-6.575,-0.8014,0.7653,1
ASP,A,29,OD2,223,-17.893,-5.091,-7.465,-0.8014,0.7653,1
ASP,A,30,N,224,-14.847,-1.737,-9.466,-0.5163,-0.0062,1
ASP,A,30,CA,225,-14.38,-0.644,-10.314,0.0381,-0.1217,1
ASP,A,30,C,226,-14.942,0.727,-9.91,0.5366,-0.2645,1
ASP,A,30,O,227,-14.831,1.688,-10.671,-0.5819,0.4881,1
ASP,A,30,CB,228,-14.746,-0.93,-11.773,-0.0303,0.2169,1
ASP,A,30,CG,229,-14.009,-2.135,-12.342,0.7994,-0.2645,1
ASP,A,30,OD1,230,-13.025,-2.532,-11.766,-0.8014,0.7653,1
ASP,A,30,OD2,231,-14.439,-2.646,-13.349,-0.8014,0.7653,1
THR,A,31,N,232,-15.599,0.797,-8.751,-0.4157,-0.0062,1
THR,A,31,CA,233,-16.161,2.052,-8.244,-0.0389,-0.1217,1
THR,A,31,C,234,-15.311,2.71,-7.171,0.5973,-0.2645,1
THR,A,31,O,235,-14.786,2.048,-6.283,-0.5679,0.4881,1
THR,A,31,CB,236,-17.588,1.866,-7.68,0.3654,-0.1217,1
THR,A,31,CG2,237,-18.101,3.18,-7.078,-0.2438,0.2169,1
THR,A,31,OG1,238,-18.475,1.448,-8.724,-0.6761,0.4881,1
GLN,A,32,N,239,-14.997,3.99,-7.384,-0.4157,-0.0062,1
GLN,A,32,CA,240,-14.188,4.755,-6.443,-0.0031,-0.1217,1
GLN,A,32,C,241,-15.076,5.312,-5.324,0.5973,-0.2645,1
GLN,A,32,O,242,-16.119,5.907,-5.586,-0.5679,0.4881,1
GLN,A,32,CB,243,-13.454,5.892,-7.16,-0.0036,0.2169,1
GLN,A,32,CG,244,-12.446,6.627,-6.291,-0.0645,0.2169,1
GLN,A,32,CD,245,-11.843,7.827,-6.996,0.6951,-0.2645,1
GLN,A,32,NE2,246,-10.78,7.593,-7.757,-0.9407,-0.0062,1
GLN,A,32,OE1,247,-12.328,8.954,-6.857,-0.6086,0.4881,1
PHE,A,33,N,248,-14.632,5.127,-4.091,-0.4157,-0.0062,1
PHE,A,33,CA,249,-15.299,5.558,-2.857,-0.0024,-0.1217,1
PHE,A,33,C,250,-14.699,6.719,-2.128,0.5973,-0.2645,1
PHE,A,33,O,251,-15.409,7.644,-1.752,-0.5679,0.4881,1
PHE,A,33,CB,252,-15.365,4.382,-1.879,-0.0343,0.2169,1
PHE,A,33,CG,253,-16.341,3.314,-2.281,0.0118,-0.2607,1
PHE,A,33,CD1,254,-16.226,2.674,-3.507,-0.1256,-0.2607,1
PHE,A,33,CD2,255,-17.378,2.947,-1.437,-0.1256,-0.2607,1
PHE,A,33,CE1,256,-17.123,1.69,-3.878,-0.1704,-0.2607,1
PHE,A,33,CE2,257,-18.276,1.964,-1.805,-0.1704,-0.2607,1
PHE,A,33,CZ,258,-18.147,1.336,-3.027,-0.1072,-0.2607,1
VAL,A,34,N,259,-13.417,6.652,-1.834,-0.4157,-0.0062,1
VAL,A,34,CA,260,-12.868,7.731,-1.026,-0.0875,-0.1217,1
VAL,A,34,C,261,-11.526,8.231,-1.505,0.5973,-0.2645,1
VAL,A,34,O,262,-10.736,7.478,-2.056,-0.5679,0.4881,1
VAL,A,34,CB,263,-12.71,7.31,0.452,0.2985,1.5299,1
VAL,A,34,CG1,264,-14.081,6.966,1.073,-0.3192,-0.9227,1
VAL,A,34,CG2,265,-11.762,6.124,0.525,-0.3192,-0.9227,1
ARG,A,35,N,266,-11.218,9.489,-1.192,-0.3479,-0.0062,1
ARG,A,35,CA,267,-9.909,10.011,-1.552,-0.2637,-0.1217,1
ARG,A,35,C,268,-9.335,11.011,-0.544,0.7341,-0.2645,1
ARG,A,35,O,269,-10.033,11.849,0.021,-0.5894,0.4881,1
ARG,A,35,CB,270,-9.929,10.684,-2.912,-0.0007,0.2169,1
ARG,A,35,CG,271,-8.552,11.185,-3.36,0.039,0.2169,1
ARG,A,35,CD,272,-8.503,11.504,-4.798,0.0486,-0.1217,1
ARG,A,35,NE,273,-7.183,11.986,-5.184,-0.5295,-0.0062,1
ARG,A,35,CZ,274,-6.822,12.328,-6.432,0.8076,-0.2645,1
PHE,A,36,N,275,-8.037,10.868,-0.292,-0.4157,-0.0062,1
PHE,A,36,CA,276,-7.291,11.703,0.639,-0.0024,-0.1217,1
PHE,A,36,C,277,-6.059,12.254,-0.066,0.5973,-0.2645,1
PHE,A,36,O,278,-5.271,11.509,-0.637,-0.5679,0.4881,1
PHE,A,36,CB,279,-6.88,10.909,1.88,-0.0343,0.2169,1
PHE,A,36,CG,280,-6.108,11.714,2.886,0.0118,-0.2607,1
PHE,A,36,CD1,281,-6.761,12.381,3.912,-0.1256,-0.2607,1
PHE,A,36,CD2,282,-4.727,11.809,2.808,-0.1256,-0.2607,1
PHE,A,36,CE1,283,-6.052,13.122,4.838,-0.1704,-0.2607,1
PHE,A,36,CE2,284,-4.014,12.548,3.733,-0.1704,-0.2607,1
PHE,A,36,CZ,285,-4.679,13.206,4.749,-0.1072,-0.2607,1
ASP,A,37,N,286,-5.811,13.549,0.082,-0.5163,-0.0062,1
ASP,A,37,CA,287,-4.646,14.157,-0.555,0.0381,-0.1217,1
ASP,A,37,C,288,-3.989,15.18,0.364,0.5366,-0.2645,1
ASP,A,37,O,289,-4.512,16.279,0.552,-0.5819,0.4881,1
ASP,A,37,CB,290,-5.065,14.834,-1.863,-0.0303,0.2169,1
ASP,A,37,CG,291,-3.897,15.38,-2.695,0.7994,-0.2645,1
ASP,A,37,OD1,292,-2.81,15.539,-2.183,-0.8014,0.7653,1
ASP,A,37,OD2,293,-4.124,15.633,-3.852,-0.8014,0.7653,1
SER,A,38,N,294,-2.787,14.844,0.849,-0.4157,-0.0062,1
SER,A,38,CA,295,-2.038,15.659,1.803,-0.0249,-0.1217,1
SER,A,38,C,296,-1.709,17.067,1.303,0.5973,-0.2645,1
SER,A,38,O,297,-1.398,17.95,2.104,-0.5679,0.4881,1
SER,A,38,CB,298,-0.747,14.976,2.179,0.2117,-0.1217,1
SER,A,38,OG,299,0.14,15.009,1.098,-0.6546,0.4881,1
ASP,A,39,N,300,-1.765,17.283,-0.016,-0.5163,-0.0062,1
ASP,A,39,CA,301,-1.44,18.586,-0.597,0.0381,-0.1217,1
ASP,A,39,C,302,-2.47,19.659,-0.241,0.5366,-0.2645,1
ASP,A,39,O,303,-2.21,20.853,-0.395,-0.5819,0.4881,1
ASP,A,39,CB,304,-1.334,18.493,-2.118,-0.0303,0.2169,1
ASP,A,39,CG,305,-0.407,19.56,-2.717,0.7994,-0.2645,1
ASP,A,39,OD1,306,0.735,19.626,-2.323,-0.8014,0.7653,1
ASP,A,39,OD2,307,-0.857,20.298,-3.562,-0.8014,0.7653,1
ALA,A,40,N,308,-3.616,19.232,0.274,-0.4157,-0.0062,1
ALA,A,40,CA,309,-4.704,20.13,0.625,0.0337,-0.1217,1
ALA,A,40,C,310,-4.315,21.074,1.751,0.5973,-0.2645,1
ALA,A,40,O,311,-3.467,20.747,2.58,-0.5679,0.4881,1
ALA,A,40,CB,312,-5.942,19.332,0.985,-0.1825,0.2169,1
ALA,A,41,N,313,-4.948,22.247,1.779,-0.4157,-0.0062,1
ALA,A,41,CA,314,-4.736,23.205,2.863,0.0337,-0.1217,1
ALA,A,41,C,315,-5.159,22.566,4.184,0.5973,-0.2645,1
ALA,A,41,O,316,-4.579,22.83,5.238,-0.5679,0.4881,1
ALA,A,41,CB,317,-5.51,24.486,2.603,-0.1825,0.2169,1
SER,A,42,N,318,-6.187,21.726,4.104,-0.4157,-0.0062,1
SER,A,42,CA,319,-6.747,21.013,5.242,-0.0249,-0.1217,1
SER,A,42,C,320,-7.189,19.618,4.799,0.5973,-0.2645,1
SER,A,42,O,321,-8.363,19.419,4.484,-0.5679,0.4881,1
SER,A,42,CB,322,-7.918,21.785,5.814,0.2117,-0.1217,1
SER,A,42,OG,323,-8.411,21.167,6.972,-0.6546,0.4881,1
PRO,A,43,N,324,-6.266,18.641,4.757,-0.2548,-0.0062,1
PRO,A,43,CA,325,-6.476,17.273,4.318,-0.0266,-0.1217,1
PRO,A,43,C,326,-7.578,16.569,5.088,0.5896,-0.2645,1
PRO,A,43,O,327,-7.639,16.629,6.316,-0.5748,0.4881,1
PRO,A,43,CB,328,-5.113,16.626,4.581,-0.007,0.2169,1
PRO,A,43,CG,329,-4.149,17.76,4.506,0.0189,0.2169,1
PRO,A,43,CD,330,-4.879,18.914,5.142,0.0192,-0.1217,1
ARG,A,44,N,331,-8.434,15.89,4.344,-0.3479,-0.0062,1
ARG,A,44,CA,332,-9.546,15.147,4.908,-0.2637,-0.1217,1
ARG,A,44,C,333,-9.997,14.077,3.934,0.7341,-0.2645,1
ARG,A,44,O,334,-9.849,14.236,2.723,-0.5894,0.4881,1
ARG,A,44,CB,335,-10.701,16.08,5.22,-0.0007,0.2169,1
ARG,A,44,CG,336,-11.323,16.711,3.992,0.039,0.2169,1
ARG,A,44,CD,337,-12.405,17.654,4.334,0.0486,-0.1217,1
ARG,A,44,NE,338,-13.03,18.217,3.141,-0.5295,-0.0062,1
ARG,A,44,CZ,339,-14.04,19.109,3.158,0.8076,-0.2645,1
THR,A,45,N,340,-10.584,13.006,4.453,-0.4157,-0.0062,1
THR,A,45,CA,341,-11.153,11.978,3.593,-0.0389,-0.1217,1
THR,A,45,C,342,-12.419,12.498,2.916,0.5973,-0.2645,1
THR,A,45,O,343,-13.364,12.89,3.602,-0.5679,0.4881,1
THR,A,45,CB,344,-11.466,10.709,4.392,0.3654,-0.1217,1
THR,A,45,CG2,345,-11.886,9.598,3.446,-0.2438,0.2169,1
THR,A,45,OG1,346,-10.319,10.321,5.107,-0.6761,0.4881,1
GLU,A,46,N,347,-12.494,12.403,1.593,-0.5163,-0.0062,1
GLU,A,46,CA,348,-13.661,12.91,0.886,0.0397,-0.1217,1
GLU,A,46,C,349,-14.366,11.823,0.071,0.5366,-0.2645,1
GLU,A,46,O,350,-13.736,10.876,-0.386,-0.5819,0.4881,1
GLU,A,46,CB,351,-13.27,14.059,-0.043,0.056,0.2169,1
GLU,A,46,CG,352,-12.787,15.294,0.645,0.0136,0.2169,1
GLU,A,46,CD,353,-12.542,16.429,-0.312,0.8054,-0.2645,1
GLU,A,46,OE1,354,-12.622,16.22,-1.509,-0.8188,0.7653,1
GLU,A,46,OE2,355,-12.276,17.515,0.154,-0.8188,0.7653,1
PRO,A,47,N,356,-15.713,11.819,0.042,-0.2548,-0.0062,1
PRO,A,47,CA,357,-16.542,10.86,-0.671,-0.0266,-0.1217,1
PRO,A,47,C,358,-16.383,11.009,-2.17,0.5896,-0.2645,1
PRO,A,47,O,359,-16.249,12.118,-2.687,-0.5748,0.4881,1
PRO,A,47,CB,360,-17.96,11.221,-0.216,-0.007,0.2169,1
PRO,A,47,CG,361,-17.869,12.662,0.154,0.0189,0.2169,1
PRO,A,47,CD,362,-16.49,12.813,0.739,0.0192,-0.1217,1
ARG,A,48,N,363,-16.372,9.88,-2.86,-0.3479,-0.0062,1
ARG,A,48,CA,364,-16.289,9.831,-4.304,-0.2637,-0.1217,1
ARG,A,48,C,365,-17.371,8.927,-4.884,0.7341,-0.2645,1
ARG,A,48,O,366,-17.387,8.657,-6.085,-0.5894,0.4881,1
ARG,A,48,CB,367,-14.917,9.344,-4.739,-0.0007,0.2169,1
ARG,A,48,CG,368,-13.754,10.286,-4.4,0.039,0.2169,1
ARG,A,48,CD,369,-13.832,11.533,-5.202,0.0486,-0.1217,1
ARG,A,48,NE,370,-12.734,12.449,-4.928,-0.5295,-0.0062,1
ARG,A,48,CZ,371,-12.756,13.438,-4.008,0.8076,-0.2645,1
ALA,A,49,N,372,-18.284,8.466,-4.029,-0.4157,-0.0062,1
ALA,A,49,CA,373,-19.372,7.594,-4.458,0.0337,-0.1217,1
ALA,A,49,C,374,-20.668,8.195,-3.908,0.5973,-0.2645,1
ALA,A,49,O,375,-20.643,8.839,-2.865,-0.5679,0.4881,1
ALA,A,49,CB,376,-19.182,6.16,-3.943,-0.1825,0.2169,1
PRO,A,50,N,377,-21.816,8.009,-4.567,-0.2548,-0.0062,1
PRO,A,50,CA,378,-23.127,8.443,-4.112,-0.0266,-0.1217,1
PRO,A,50,C,379,-23.445,7.97,-2.689,0.5896,-0.2645,1
PRO,A,50,O,380,-23.231,8.693,-1.717,-0.5748,0.4881,1
PRO,A,50,CB,381,-24.067,7.792,-5.146,-0.007,0.2169,1
PRO,A,50,CG,382,-23.238,7.694,-6.39,0.0189,0.2169,1
PRO,A,50,CD,383,-21.847,7.358,-5.894,0.0192,-0.1217,1
TRP,A,51,N,384,-23.646,6.663,-2.546,-0.4157,-0.0062,1
TRP,A,51,CA,385,-24.02,6.031,-1.282,-0.0275,-0.1217,1
TRP,A,51,C,386,-22.995,6.08,-0.143,0.5973,-0.2645,1
TRP,A,51,O,387,-23.382,5.926,1.013,-0.5679,0.4881,1
TRP,A,51,CB,388,-24.364,4.566,-1.554,-0.005,0.2169,1
TRP,A,51,CG,389,-23.233,3.787,-2.155,-0.1415,-0.2607,1
TRP,A,51,CD1,390,-22.277,3.085,-1.483,-0.1638,-0.1217,1
TRP,A,51,CD2,391,-22.933,3.626,-3.563,0.1243,-0.2607,1
TRP,A,51,CE2,392,-21.793,2.822,-3.648,0.138,-0.1217,1
TRP,A,51,CE3,393,-23.531,4.093,-4.74,-0.2387,-0.2607,1
TRP,A,51,NE1,394,-21.407,2.502,-2.371,-0.3418,-0.0062,1
TRP,A,51,CZ2,395,-21.232,2.471,-4.865,-0.2601,-0.2607,1
TRP,A,51,CZ3,396,-22.969,3.74,-5.961,-0.1972,-0.2607,1
ILE,A,52,N,397,-21.702,6.28,-0.421,-0.4157,-0.0062,1
ILE,A,52,CA,398,-20.744,6.314,0.695,-0.0597,-0.1217,1
ILE,A,52,C,399,-20.969,7.543,1.571,0.5973,-0.2645,1
ILE,A,52,O,400,-20.611,7.544,2.746,-0.5679,0.4881,1
ILE,A,52,CB,401,-19.293,6.311,0.179,0.1303,0.2169,1
ILE,A,52,CG1,402,-18.329,5.922,1.303,-0.043,0.2169,1
ILE,A,52,CG2,403,-18.929,7.672,-0.391,-0.3204,-0.9227,1
ILE,A,52,CD1,404,-18.635,4.584,1.935,-0.066,0.2169,1
GLU,A,53,N,405,-21.61,8.574,1.006,-0.5163,-0.0062,1
GLU,A,53,CA,406,-21.904,9.819,1.708,0.0397,-0.1217,1
GLU,A,53,C,407,-22.823,9.612,2.906,0.5366,-0.2645,1
GLU,A,53,O,408,-22.872,10.446,3.809,-0.5819,0.4881,1
GLU,A,53,CB,409,-22.544,10.832,0.76,0.056,0.2169,1
GLU,A,53,CG,410,-21.6,11.412,-0.278,0.0136,0.2169,1
GLU,A,53,CD,411,-22.242,12.484,-1.121,0.8054,-0.2645,1
GLU,A,53,OE1,412,-23.419,12.71,-0.966,-0.8188,0.7653,1
GLU,A,53,OE2,413,-21.555,13.075,-1.92,-0.8188,0.7653,1
GLN,A,54,N,414,-23.555,8.5,2.914,-0.4157,-0.0062,1
GLN,A,54,CA,415,-24.501,8.187,3.971,-0.0031,-0.1217,1
GLN,A,54,C,416,-23.805,7.855,5.29,0.5973,-0.2645,1
GLN,A,54,O,417,-24.449,7.807,6.338,-0.5679,0.4881,1
GLN,A,54,CB,418,-25.395,7.019,3.547,-0.0036,0.2169,1
GLN,A,54,CG,419,-26.34,7.342,2.401,-0.0645,0.2169,1
GLN,A,54,CD,420,-27.216,6.164,2.023,0.6951,-0.2645,1
GLN,A,54,NE2,421,-27.599,6.095,0.753,-0.9407,-0.0062,1
GLN,A,54,OE1,422,-27.546,5.323,2.864,-0.6086,0.4881,1
GLU,A,55,N,423,-22.5,7.575,5.235,-0.5163,-0.0062,1
GLU,A,55,CA,424,-21.759,7.202,6.433,0.0397,-0.1217,1
GLU,A,55,C,425,-21.655,8.372,7.407,0.5366,-0.2645,1
GLU,A,55,O,426,-21.504,9.529,7.008,-0.5819,0.4881,1
GLU,A,55,CB,427,-20.359,6.709,6.061,0.056,0.2169,1
GLU,A,55,CG,428,-20.341,5.417,5.256,0.0136,0.2169,1
GLU,A,55,CD,429,-20.787,4.224,6.055,0.8054,-0.2645,1
GLU,A,55,OE1,430,-20.253,4.011,7.116,-0.8188,0.7653,1
GLU,A,55,OE2,431,-21.663,3.526,5.602,-0.8188,0.7653,1
GLY,A,56,N,432,-21.751,8.045,8.694,-0.4157,-0.0062,1
GLY,A,56,CA,433,-21.671,9.018,9.78,-0.0252,-0.1217,1
GLY,A,56,C,434,-20.285,9.652,9.877,0.5973,-0.2645,1
GLY,A,56,O,435,-19.308,9.063,9.419,-0.5679,0.4881,1
GLY,A,56,1HA,436,-22.407,9.803,9.605,0.0698,nan,1
GLY,A,56,2HA,437,-21.869,8.496,10.716,0.0698,nan,1
PRO,A,57,N,438,-20.166,10.833,10.517,-0.2548,-0.0062,1
PRO,A,57,CA,439,-18.939,11.561,10.801,-0.0266,-0.1217,1
PRO,A,57,C,440,-17.862,10.695,11.431,0.5896,-0.2645,1
PRO,A,57,O,441,-16.681,10.906,11.179,-0.5748,0.4881,1
PRO,A,57,CB,442,-19.416,12.647,11.77,-0.007,0.2169,1
PRO,A,57,CG,443,-20.825,12.909,11.363,0.0189,0.2169,1
PRO,A,57,CD,444,-21.369,11.551,11.001,0.0192,-0.1217,1
GLU,A,58,N,445,-18.263,9.661,12.175,-0.5163,-0.0062,1
GLU,A,58,CA,446,-17.304,8.778,12.831,0.0397,-0.1217,1
GLU,A,58,C,447,-16.46,8.045,11.803,0.5366,-0.2645,1
GLU,A,58,O,448,-15.248,7.91,11.963,-0.5819,0.4881,1
GLU,A,58,CB,449,-18.027,7.77,13.727,0.056,0.2169,1
GLU,A,58,CG,450,-18.681,8.379,14.959,0.0136,0.2169,1
GLU,A,58,CD,451,-19.435,7.37,15.781,0.8054,-0.2645,1
GLU,A,58,OE1,452,-19.568,6.253,15.34,-0.8188,0.7653,1
GLU,A,58,OE2,453,-19.88,7.717,16.849,-0.8188,0.7653,1
TYR,A,59,N,454,-17.103,7.651,10.705,-0.4157,-0.0062,1
TYR,A,59,CA,455,-16.467,6.951,9.598,-0.0014,-0.1217,1
TYR,A,59,C,456,-15.389,7.8,8.984,0.5973,-0.2645,1
TYR,A,59,O,457,-14.224,7.413,8.906,-0.5679,0.4881,1
TYR,A,59,CB,458,-17.513,6.561,8.547,-0.0152,0.2169,1
TYR,A,59,CG,459,-16.962,5.941,7.271,-0.0011,-0.2607,1
TYR,A,59,CD1,460,-16.593,4.613,7.229,-0.1906,-0.2607,1
TYR,A,59,CD2,461,-16.833,6.729,6.137,-0.1906,-0.2607,1
TYR,A,59,CE1,462,-16.093,4.07,6.053,-0.2341,-0.2607,1
TYR,A,59,CE2,463,-16.339,6.198,4.968,-0.2341,-0.2607,1
TYR,A,59,CZ,464,-15.968,4.877,4.917,0.3226,-0.1217,1
TRP,A,60,N,465,-15.782,9.034,8.699,-0.4157,-0.0062,1
TRP,A,60,CA,466,-14.936,9.977,8.002,-0.0275,-0.1217,1
TRP,A,60,C,467,-13.761,10.425,8.861,0.5973,-0.2645,1
TRP,A,60,O,468,-12.627,10.447,8.385,-0.5679,0.4881,1
TRP,A,60,CB,469,-15.807,11.162,7.605,-0.005,0.2169,1
TRP,A,60,CG,470,-16.857,10.742,6.637,-0.1415,-0.2607,1
TRP,A,60,CD1,471,-18.197,10.712,6.874,-0.1638,-0.1217,1
TRP,A,60,CD2,472,-16.679,10.292,5.278,0.1243,-0.2607,1
TRP,A,60,CE2,473,-17.949,10.013,4.771,0.138,-0.1217,1
TRP,A,60,CE3,474,-15.561,10.108,4.461,-0.2387,-0.2607,1
TRP,A,60,NE1,475,-18.867,10.275,5.765,-0.3418,-0.0062,1
TRP,A,60,CZ2,476,-18.13,9.557,3.485,-0.2601,-0.2607,1
TRP,A,60,CZ3,477,-15.755,9.65,3.175,-0.1972,-0.2607,1
ASP,A,61,N,478,-14.009,10.612,10.161,-0.5163,-0.0062,1
ASP,A,61,CA,479,-12.966,11.089,11.057,0.0381,-0.1217,1
ASP,A,61,C,480,-11.917,10.008,11.241,0.5366,-0.2645,1
ASP,A,61,O,481,-10.72,10.27,11.12,-0.5819,0.4881,1
ASP,A,61,CB,482,-13.541,11.491,12.419,-0.0303,0.2169,1
ASP,A,61,CG,483,-14.315,12.812,12.379,0.7994,-0.2645,1
ASP,A,61,OD1,484,-14.213,13.513,11.399,-0.8014,0.7653,1
ASP,A,61,OD2,485,-15.0,13.104,13.332,-0.8014,0.7653,1
ARG,A,62,N,486,-12.392,8.76,11.324,-0.3479,-0.0062,1
ARG,A,62,CA,487,-11.523,7.616,11.523,-0.2637,-0.1217,1
ARG,A,62,C,488,-10.555,7.493,10.374,0.7341,-0.2645,1
ARG,A,62,O,489,-9.339,7.521,10.568,-0.5894,0.4881,1
ARG,A,62,CB,490,-12.329,6.332,11.647,-0.0007,0.2169,1
ARG,A,62,CG,491,-11.501,5.071,11.831,0.039,0.2169,1
ARG,A,62,CD,492,-12.27,3.85,11.477,0.0486,-0.1217,1
ARG,A,62,NE,493,-12.549,3.779,10.052,-0.5295,-0.0062,1
ARG,A,62,CZ,494,-13.493,2.995,9.495,0.8076,-0.2645,1
ASN,A,63,N,495,-11.109,7.582,9.165,-0.4157,-0.0062,1
ASN,A,63,CA,496,-10.338,7.42,7.951,0.0143,-0.1217,1
ASN,A,63,C,497,-9.289,8.492,7.802,0.5973,-0.2645,1
ASN,A,63,O,498,-8.133,8.191,7.518,-0.5679,0.4881,1
ASN,A,63,CB,499,-11.254,7.405,6.741,-0.2041,0.2169,1
ASN,A,63,CG,500,-12.088,6.157,6.662,0.713,-0.2645,1
ASN,A,63,ND2,501,-13.11,6.188,5.846,-0.9191,-0.0062,1
ASN,A,63,OD1,502,-11.807,5.163,7.343,-0.5931,0.4881,1
THR,A,64,N,503,-9.633,9.708,8.212,-0.4157,-0.0062,1
THR,A,64,CA,504,-8.734,10.829,8.055,-0.0389,-0.1217,1
THR,A,64,C,505,-7.531,10.674,8.96,0.5973,-0.2645,1
THR,A,64,O,506,-6.395,10.817,8.508,-0.5679,0.4881,1
THR,A,64,CB,507,-9.447,12.16,8.356,0.3654,-0.1217,1
THR,A,64,CG2,508,-8.483,13.327,8.202,-0.2438,0.2169,1
THR,A,64,OG1,509,-10.546,12.332,7.452,-0.6761,0.4881,1
GLN,A,65,N,510,-7.774,10.229,10.198,-0.4157,-0.0062,1
GLN,A,65,CA,511,-6.7,10.087,11.172,-0.0031,-0.1217,1
GLN,A,65,C,512,-5.723,9.028,10.691,0.5973,-0.2645,1
GLN,A,65,O,513,-4.51,9.248,10.685,-0.5679,0.4881,1
GLN,A,65,CB,514,-7.253,9.717,12.55,-0.0036,0.2169,1
GLN,A,65,CG,515,-8.046,10.826,13.221,-0.0645,0.2169,1
GLN,A,65,CD,516,-8.703,10.37,14.51,0.6951,-0.2645,1
GLN,A,65,NE2,517,-8.992,11.32,15.393,-0.9407,-0.0062,1
GLN,A,65,OE1,518,-8.947,9.178,14.71,-0.6086,0.4881,1
ILE,A,66,N,519,-6.276,7.993,10.054,-0.4157,-0.0062,1
ILE,A,66,CA,520,-5.49,6.885,9.54,-0.0597,-0.1217,1
ILE,A,66,C,521,-4.593,7.341,8.412,0.5973,-0.2645,1
ILE,A,66,O,522,-3.399,7.051,8.412,-0.5679,0.4881,1
ILE,A,66,CB,523,-6.397,5.744,9.047,0.1303,0.2169,1
ILE,A,66,CG1,524,-7.114,5.083,10.228,-0.043,0.2169,1
ILE,A,66,CG2,525,-5.587,4.718,8.269,-0.3204,-0.9227,1
ILE,A,66,CD1,526,-8.236,4.155,9.819,-0.066,0.2169,1
PHE,A,67,N,527,-5.146,8.145,7.508,-0.4157,-0.0062,1
PHE,A,67,CA,528,-4.392,8.595,6.357,-0.0024,-0.1217,1
PHE,A,67,C,529,-3.254,9.507,6.767,0.5973,-0.2645,1
PHE,A,67,O,530,-2.128,9.316,6.321,-0.5679,0.4881,1
PHE,A,67,CB,531,-5.308,9.324,5.372,-0.0343,0.2169,1
PHE,A,67,CG,532,-6.268,8.419,4.653,0.0118,-0.2607,1
PHE,A,67,CD1,533,-7.605,8.765,4.525,-0.1256,-0.2607,1
PHE,A,67,CD2,534,-5.836,7.221,4.106,-0.1256,-0.2607,1
PHE,A,67,CE1,535,-8.489,7.933,3.863,-0.1704,-0.2607,1
PHE,A,67,CE2,536,-6.717,6.388,3.443,-0.1704,-0.2607,1
PHE,A,67,CZ,537,-8.045,6.745,3.323,-0.1072,-0.2607,1
LYS,A,68,N,538,-3.473,10.307,7.813,-0.3479,-0.0062,1
LYS,A,68,CA,539,-2.43,11.213,8.277,-0.24,-0.1217,1
LYS,A,68,C,540,-1.277,10.406,8.864,0.7341,-0.2645,1
LYS,A,68,O,541,-0.107,10.729,8.649,-0.5894,0.4881,1
LYS,A,68,CB,542,-2.98,12.196,9.312,-0.0094,0.2169,1
LYS,A,68,CG,543,-3.9,13.266,8.739,0.0187,0.2169,1
LYS,A,68,CD,544,-4.418,14.192,9.828,-0.0479,0.2169,1
LYS,A,68,CE,545,-5.25,15.324,9.244,-0.0143,-0.1217,1
LYS,A,68,NZ,546,-5.82,16.199,10.304,-0.3854,-0.1231,1
THR,A,69,N,547,-1.61,9.296,9.524,-0.4157,-0.0062,1
THR,A,69,CA,548,-0.589,8.447,10.115,-0.0389,-0.1217,1
THR,A,69,C,549,0.263,7.868,8.998,0.5973,-0.2645,1
THR,A,69,O,550,1.491,7.957,9.033,-0.5679,0.4881,1
THR,A,69,CB,551,-1.202,7.315,10.959,0.3654,-0.1217,1
THR,A,69,CG2,552,-0.111,6.418,11.523,-0.2438,0.2169,1
THR,A,69,OG1,553,-1.958,7.878,12.04,-0.6761,0.4881,1
ASN,A,70,N,554,-0.423,7.442,7.926,-0.4157,-0.0062,1
ASN,A,70,CA,555,0.214,6.818,6.774,0.0143,-0.1217,1
ASN,A,70,C,556,1.088,7.829,6.048,0.5973,-0.2645,1
ASN,A,70,O,557,2.166,7.489,5.578,-0.5679,0.4881,1
ASN,A,70,CB,558,-0.822,6.226,5.836,-0.2041,0.2169,1
ASN,A,70,CG,559,-1.417,4.95,6.364,0.713,-0.2645,1
ASN,A,70,ND2,560,-2.588,4.611,5.887,-0.9191,-0.0062,1
ASN,A,70,OD1,561,-0.815,4.27,7.203,-0.5931,0.4881,1
THR,A,71,N,562,0.719,9.11,6.136,-0.4157,-0.0062,1
THR,A,71,CA,563,1.467,10.128,5.417,-0.0389,-0.1217,1
THR,A,71,C,564,2.879,10.173,5.943,0.5973,-0.2645,1
THR,A,71,O,565,3.834,9.995,5.192,-0.5679,0.4881,1
THR,A,71,CB,566,0.813,11.516,5.547,0.3654,-0.1217,1
THR,A,71,CG2,567,1.656,12.57,4.845,-0.2438,0.2169,1
THR,A,71,OG1,568,-0.495,11.487,4.961,-0.6761,0.4881,1
GLN,A,72,N,569,2.986,10.25,7.269,-0.4157,-0.0062,1
GLN,A,72,CA,570,4.283,10.335,7.918,-0.0031,-0.1217,1
GLN,A,72,C,571,5.063,9.044,7.751,0.5973,-0.2645,1
GLN,A,72,O,572,6.251,9.07,7.439,-0.5679,0.4881,1
GLN,A,72,CB,573,4.12,10.659,9.405,-0.0036,0.2169,1
GLN,A,72,CG,574,5.42,10.989,10.118,-0.0645,0.2169,1
GLN,A,72,CD,575,6.076,12.244,9.573,0.6951,-0.2645,1
GLN,A,72,NE2,576,7.361,12.147,9.253,-0.9407,-0.0062,1
GLN,A,72,OE1,577,5.434,13.29,9.443,-0.6086,0.4881,1
THR,A,73,N,578,4.35,7.918,7.79,-0.4157,-0.0062,1
THR,A,73,CA,579,4.99,6.618,7.684,-0.0389,-0.1217,1
THR,A,73,C,580,5.695,6.474,6.348,0.5973,-0.2645,1
THR,A,73,O,581,6.877,6.137,6.297,-0.5679,0.4881,1
THR,A,73,CB,582,3.969,5.479,7.858,0.3654,-0.1217,1
THR,A,73,CG2,583,4.642,4.127,7.675,-0.2438,0.2169,1
THR,A,73,OG1,584,3.392,5.547,9.17,-0.6761,0.4881,1
TYR,A,74,N,585,4.995,6.853,5.277,-0.4157,-0.0062,1
TYR,A,74,CA,586,5.539,6.716,3.941,-0.0014,-0.1217,1
TYR,A,74,C,587,6.693,7.684,3.736,0.5973,-0.2645,1
TYR,A,74,O,588,7.694,7.316,3.131,-0.5679,0.4881,1
TYR,A,74,CB,589,4.45,6.947,2.891,-0.0152,0.2169,1
TYR,A,74,CG,590,3.407,5.853,2.842,-0.0011,-0.2607,1
TYR,A,74,CD1,591,3.02,5.212,4.011,-0.1906,-0.2607,1
TYR,A,74,CD2,592,2.836,5.491,1.631,-0.1906,-0.2607,1
TYR,A,74,CE1,593,2.067,4.212,3.966,-0.2341,-0.2607,1
TYR,A,74,CE2,594,1.885,4.492,1.587,-0.2341,-0.2607,1
TYR,A,74,CZ,595,1.499,3.854,2.748,0.3226,-0.1217,1
ARG,A,75,N,596,6.647,8.846,4.403,-0.3479,-0.0062,1
ARG,A,75,CA,597,7.731,9.807,4.241,-0.2637,-0.1217,1
ARG,A,75,C,598,9.017,9.204,4.782,0.7341,-0.2645,1
ARG,A,75,O,599,10.084,9.361,4.188,-0.5894,0.4881,1
ARG,A,75,CB,600,7.427,11.11,4.975,-0.0007,0.2169,1
ARG,A,75,CG,601,6.38,11.957,4.3,0.039,0.2169,1
ARG,A,75,CD,602,6.001,13.151,5.072,0.0486,-0.1217,1
ARG,A,75,NE,603,5.103,14.014,4.308,-0.5295,-0.0062,1
ARG,A,75,CZ,604,4.302,14.953,4.827,0.8076,-0.2645,1
GLU,A,76,N,605,8.899,8.445,5.876,-0.5163,-0.0062,1
GLU,A,76,CA,606,10.061,7.825,6.486,0.0397,-0.1217,1
GLU,A,76,C,607,10.601,6.749,5.562,0.5366,-0.2645,1
GLU,A,76,O,608,11.798,6.705,5.301,-0.5819,0.4881,1
GLU,A,76,CB,609,9.708,7.227,7.849,0.056,0.2169,1
GLU,A,76,CG,610,9.267,8.248,8.889,0.0136,0.2169,1
GLU,A,76,CD,611,10.291,9.323,9.123,0.8054,-0.2645,1
GLU,A,76,OE1,612,11.448,9.001,9.237,-0.8188,0.7653,1
GLU,A,76,OE2,613,9.914,10.47,9.188,-0.8188,0.7653,1
ASN,A,77,N,614,9.685,6.04,4.889,-0.4157,-0.0062,1
ASN,A,77,CA,615,10.059,4.936,4.012,0.0143,-0.1217,1
ASN,A,77,C,616,10.825,5.437,2.794,0.5973,-0.2645,1
ASN,A,77,O,617,11.775,4.796,2.356,-0.5679,0.4881,1
ASN,A,77,CB,618,8.832,4.153,3.585,-0.2041,0.2169,1
ASN,A,77,CG,619,8.291,3.283,4.686,0.713,-0.2645,1
ASN,A,77,ND2,620,7.041,2.91,4.574,-0.9191,-0.0062,1
ASN,A,77,OD1,621,9.005,2.948,5.638,-0.5931,0.4881,1
LEU,A,78,N,622,10.515,6.658,2.355,-0.4157,-0.0062,1
LEU,A,78,CA,623,11.17,7.23,1.185,-0.0518,-0.1217,1
LEU,A,78,C,624,12.632,7.5,1.53,0.5973,-0.2645,1
LEU,A,78,O,625,13.53,7.169,0.755,-0.5679,0.4881,1
LEU,A,78,CB,626,10.451,8.529,0.769,-0.1102,0.2169,1
LEU,A,78,CG,627,9.034,8.345,0.119,0.3531,1.5299,1
LEU,A,78,CD1,628,8.354,9.682,-0.039,-0.4121,-0.9227,1
LEU,A,78,CD2,629,9.186,7.651,-1.23,-0.4121,-0.9227,1
ARG,A,79,N,630,12.87,7.948,2.768,-0.3479,-0.0062,1
ARG,A,79,CA,631,14.22,8.254,3.229,-0.2637,-0.1217,1
ARG,A,79,C,632,15.017,6.97,3.431,0.7341,-0.2645,1
ARG,A,79,O,633,16.164,6.863,2.994,-0.5894,0.4881,1
ARG,A,79,CB,634,14.182,9.04,4.531,-0.0007,0.2169,1
ARG,A,79,CG,635,13.662,10.463,4.404,0.039,0.2169,1
ARG,A,79,CD,636,13.797,11.214,5.679,0.0486,-0.1217,1
ARG,A,79,NE,637,13.358,12.592,5.546,-0.5295,-0.0062,1
ARG,A,79,CZ,638,12.1,13.019,5.767,0.8076,-0.2645,1
ILE,A,80,N,639,14.333,5.937,3.915,-0.4157,-0.0062,1
ILE,A,80,CA,640,14.958,4.655,4.186,-0.0597,-0.1217,1
ILE,A,80,C,641,15.42,4.026,2.892,0.5973,-0.2645,1
ILE,A,80,O,642,16.552,3.556,2.787,-0.5679,0.4881,1
ILE,A,80,CB,643,13.996,3.706,4.911,0.1303,0.2169,1
ILE,A,80,CG1,644,13.741,4.228,6.33,-0.043,0.2169,1
ILE,A,80,CG2,645,14.57,2.311,4.928,-0.3204,-0.9227,1
ILE,A,80,CD1,646,12.592,3.548,7.039,-0.066,0.2169,1
ALA,A,81,N,647,14.572,4.134,1.867,-0.4157,-0.0062,1
ALA,A,81,CA,648,14.849,3.557,0.568,0.0337,-0.1217,1
ALA,A,81,C,649,16.122,4.155,0.003,0.5973,-0.2645,1
ALA,A,81,O,650,16.996,3.424,-0.453,-0.5679,0.4881,1
ALA,A,81,CB,651,13.693,3.791,-0.368,-0.1825,0.2169,1
LEU,A,82,N,652,16.354,5.45,0.263,-0.4157,-0.0062,1
LEU,A,82,CA,653,17.551,6.088,-0.267,-0.0518,-0.1217,1
LEU,A,82,C,654,18.785,5.413,0.295,0.5973,-0.2645,1
LEU,A,82,O,655,19.808,5.292,-0.372,-0.5679,0.4881,1
LEU,A,82,CB,656,17.567,7.581,0.081,-0.1102,0.2169,1
LEU,A,82,CG,657,16.478,8.433,-0.586,0.3531,1.5299,1
LEU,A,82,CD1,658,16.528,9.849,-0.03,-0.4121,-0.9227,1
LEU,A,82,CD2,659,16.683,8.429,-2.093,-0.4121,-0.9227,1
ARG,A,83,N,660,18.695,4.988,1.559,-0.3479,-0.0062,1
ARG,A,83,CA,661,19.843,4.419,2.249,-0.2637,-0.1217,1
ARG,A,83,C,662,20.173,3.011,1.759,0.7341,-0.2645,1
ARG,A,83,O,663,21.134,2.773,1.031,-0.5894,0.4881,1
ARG,A,83,CB,664,19.588,4.375,3.748,-0.0007,0.2169,1
ARG,A,83,CG,665,19.521,5.73,4.418,0.039,0.2169,1
ARG,A,83,CD,666,19.204,5.612,5.863,0.0486,-0.1217,1
ARG,A,83,NE,667,19.132,6.914,6.509,-0.5295,-0.0062,1
ARG,A,83,CZ,668,18.746,7.113,7.784,0.8076,-0.2645,1
TYR,A,84,N,669,19.07,2.332,1.411,-0.4157,-0.0062,1
TYR,A,84,CA,670,19.137,0.989,0.826,-0.0014,-0.1217,1
TYR,A,84,C,671,19.796,0.976,-0.541,0.5973,-0.2645,1
TYR,A,84,O,672,20.625,0.114,-0.838,-0.5679,0.4881,1
TYR,A,84,CB,673,17.743,0.367,0.721,-0.0152,0.2169,1
TYR,A,84,CG,674,17.135,-0.049,2.032,-0.0011,-0.2607,1
TYR,A,84,CD1,675,17.904,-0.102,3.186,-0.1906,-0.2607,1
TYR,A,84,CD2,676,15.799,-0.378,2.083,-0.1906,-0.2607,1
TYR,A,84,CE1,677,17.32,-0.487,4.383,-0.2341,-0.2607,1
TYR,A,84,CE2,678,15.225,-0.76,3.269,-0.2341,-0.2607,1
TYR,A,84,CZ,679,15.97,-0.818,4.415,0.3226,-0.1217,1
TYR,A,85,N,680,19.514,2.008,-1.323,-0.4157,-0.0062,1
TYR,A,85,CA,681,19.962,2.086,-2.7,-0.0014,-0.1217,1
TYR,A,85,C,682,21.129,3.046,-2.879,0.5973,-0.2645,1
TYR,A,85,O,683,21.651,3.184,-3.985,-0.5679,0.4881,1
TYR,A,85,CB,684,18.8,2.498,-3.606,-0.0152,0.2169,1
TYR,A,85,CG,685,17.665,1.498,-3.634,-0.0011,-0.2607,1
TYR,A,85,CD1,686,16.424,1.843,-3.118,-0.1906,-0.2607,1
TYR,A,85,CD2,687,17.865,0.237,-4.176,-0.1906,-0.2607,1
TYR,A,85,CE1,688,15.387,0.929,-3.144,-0.2341,-0.2607,1
TYR,A,85,CE2,689,16.827,-0.676,-4.203,-0.2341,-0.2607,1
TYR,A,85,CZ,690,15.593,-0.333,-3.689,0.3226,-0.1217,1
ASN,A,86,N,691,21.498,3.747,-1.805,-0.4157,-0.0062,1
ASN,A,86,CA,692,22.573,4.731,-1.841,0.0143,-0.1217,1
ASN,A,86,C,693,22.297,5.82,-2.869,0.5973,-0.2645,1
ASN,A,86,O,694,23.152,6.133,-3.7,-0.5679,0.4881,1
ASN,A,86,CB,695,23.903,4.055,-2.125,-0.2041,0.2169,1
ASN,A,86,CG,696,25.079,4.92,-1.763,0.713,-0.2645,1
ASN,A,86,ND2,697,26.149,4.789,-2.504,-0.9191,-0.0062,1
ASN,A,86,OD1,698,25.017,5.708,-0.812,-0.5931,0.4881,1
GLN,A,87,N,699,21.08,6.363,-2.842,-0.4157,-0.0062,1
GLN,A,87,CA,700,20.686,7.428,-3.752,-0.0031,-0.1217,1
GLN,A,87,C,701,20.651,8.785,-3.067,0.5973,-0.2645,1
GLN,A,87,O,702,20.383,8.887,-1.871,-0.5679,0.4881,1
GLN,A,87,CB,703,19.321,7.12,-4.36,-0.0036,0.2169,1
GLN,A,87,CG,704,19.275,5.825,-5.123,-0.0645,0.2169,1
GLN,A,87,CD,705,20.136,5.839,-6.353,0.6951,-0.2645,1
GLN,A,87,NE2,706,21.09,4.915,-6.414,-0.9407,-0.0062,1
GLN,A,87,OE1,707,19.954,6.669,-7.249,-0.6086,0.4881,1
SER,A,88,N,708,20.931,9.823,-3.844,-0.4157,-0.0062,1
SER,A,88,CA,709,20.899,11.2,-3.369,-0.0249,-0.1217,1
SER,A,88,C,710,19.496,11.672,-3.03,0.5973,-0.2645,1
SER,A,88,O,711,18.565,11.508,-3.82,-0.5679,0.4881,1
SER,A,88,CB,712,21.501,12.118,-4.415,0.2117,-0.1217,1
SER,A,88,OG,713,21.382,13.461,-4.033,-0.6546,0.4881,1
GLU,A,89,N,714,19.409,12.456,-1.958,-0.5163,-0.0062,1
GLU,A,89,CA,715,18.155,13.057,-1.514,0.0397,-0.1217,1
GLU,A,89,C,716,17.612,14.049,-2.532,0.5366,-0.2645,1
GLU,A,89,O,717,16.417,14.331,-2.553,-0.5819,0.4881,1
GLU,A,89,CB,718,18.35,13.756,-0.167,0.056,0.2169,1
GLU,A,89,CG,719,18.605,12.812,1.0,0.0136,0.2169,1
GLU,A,89,CD,720,18.845,13.536,2.295,0.8054,-0.2645,1
GLU,A,89,OE1,721,18.917,14.741,2.277,-0.8188,0.7653,1
GLU,A,89,OE2,722,18.957,12.883,3.306,-0.8188,0.7653,1
ALA,A,90,N,723,18.499,14.571,-3.38,-0.4157,-0.0062,1
ALA,A,90,CA,724,18.158,15.56,-4.395,0.0337,-0.1217,1
ALA,A,90,C,725,17.1,15.05,-5.376,0.5973,-0.2645,1
ALA,A,90,O,726,16.35,15.845,-5.945,-0.5679,0.4881,1
ALA,A,90,CB,727,19.409,15.973,-5.15,-0.1825,0.2169,1
GLY,A,91,N,728,17.052,13.738,-5.602,-0.4157,-0.0062,1
GLY,A,91,CA,729,16.123,13.173,-6.575,-0.0252,-0.1217,1
GLY,A,91,C,730,14.749,12.847,-5.998,0.5973,-0.2645,1
GLY,A,91,O,731,14.601,12.626,-4.796,-0.5679,0.4881,1
GLY,A,91,1HA,732,15.995,13.89,-7.386,0.0698,nan,1
GLY,A,91,2HA,733,16.555,12.232,-6.917,0.0698,nan,1
SER,A,92,N,734,13.755,12.796,-6.885,-0.4157,-0.0062,1
SER,A,92,CA,735,12.389,12.417,-6.532,-0.0249,-0.1217,1
SER,A,92,C,736,12.206,10.909,-6.693,0.5973,-0.2645,1
SER,A,92,O,737,12.749,10.315,-7.625,-0.5679,0.4881,1
SER,A,92,CB,738,11.389,13.16,-7.391,0.2117,-0.1217,1
SER,A,92,OG,739,10.081,12.693,-7.161,-0.6546,0.4881,1
HIS,A,93,N,740,11.439,10.298,-5.791,-0.4157,-0.0062,1
HIS,A,93,CA,741,11.165,8.86,-5.834,0.0188,-0.1217,1
HIS,A,93,C,742,9.693,8.565,-5.536,0.5973,-0.2645,1
HIS,A,93,O,743,9.007,9.351,-4.884,-0.5679,0.4881,1
HIS,A,93,CB,744,12.063,8.133,-4.838,-0.0462,0.2169,1
HIS,A,93,CG,745,13.524,8.22,-5.208,-0.0266,-0.1217,1
HIS,A,93,CD2,746,14.472,9.111,-4.854,0.1292,-0.1217,1
HIS,A,93,ND1,747,14.148,7.305,-6.044,-0.3811,0.3544,1
HIS,A,93,CE1,748,15.419,7.639,-6.182,0.2057,-0.1217,1
HIS,A,93,NE2,749,15.641,8.728,-5.472,-0.5727,0.3544,1
THR,A,94,N,750,9.228,7.374,-5.924,-0.4157,-0.0062,1
THR,A,94,CA,751,7.834,7.009,-5.669,-0.0389,-0.1217,1
THR,A,94,C,752,7.662,5.711,-4.876,0.5973,-0.2645,1
THR,A,94,O,753,8.158,4.653,-5.234,-0.5679,0.4881,1
THR,A,94,CB,754,7.064,6.889,-6.997,0.3654,-0.1217,1
THR,A,94,CG2,755,5.612,6.516,-6.74,-0.2438,0.2169,1
THR,A,94,OG1,756,7.116,8.138,-7.698,-0.6761,0.4881,1
LEU,A,95,N,757,6.736,5.743,-3.935,-0.4157,-0.0062,1
LEU,A,95,CA,758,6.401,4.582,-3.127,-0.0518,-0.1217,1
LEU,A,95,C,759,4.957,4.166,-3.349,0.5973,-0.2645,1
LEU,A,95,O,760,4.041,4.981,-3.258,-0.5679,0.4881,1
LEU,A,95,CB,761,6.632,4.884,-1.641,-0.1102,0.2169,1
LEU,A,95,CG,762,6.415,3.706,-0.682,0.3531,1.5299,1
LEU,A,95,CD1,763,7.131,3.985,0.634,-0.4121,-0.9227,1
LEU,A,95,CD2,764,4.925,3.5,-0.459,-0.4121,-0.9227,1
GLN,A,96,N,765,4.751,2.935,-3.789,-0.4157,-0.0062,1
GLN,A,96,CA,766,3.403,2.489,-4.078,-0.0031,-0.1217,1
GLN,A,96,C,767,2.993,1.405,-3.102,0.5973,-0.2645,1
GLN,A,96,O,768,3.769,0.506,-2.79,-0.5679,0.4881,1
GLN,A,96,CB,769,3.296,1.974,-5.517,-0.0036,0.2169,1
GLN,A,96,CG,770,3.697,2.991,-6.572,-0.0645,0.2169,1
GLN,A,96,CD,771,3.617,2.428,-7.978,0.6951,-0.2645,1
GLN,A,96,NE2,772,2.944,3.149,-8.867,-0.9407,-0.0062,1
GLN,A,96,OE1,773,4.156,1.353,-8.262,-0.6086,0.4881,1
ARG,A,97,N,774,1.736,1.438,-2.698,-0.3479,-0.0062,1
ARG,A,97,CA,775,1.221,0.425,-1.79,-0.2637,-0.1217,1
ARG,A,97,C,776,-0.169,0.003,-2.229,0.7341,-0.2645,1
ARG,A,97,O,777,-1.03,0.829,-2.512,-0.5894,0.4881,1
ARG,A,97,CB,778,1.171,0.946,-0.362,-0.0007,0.2169,1
ARG,A,97,CG,779,1.294,-0.122,0.714,0.039,0.2169,1
ARG,A,97,CD,780,2.702,-0.557,0.898,0.0486,-0.1217,1
ARG,A,97,NE,781,3.526,0.499,1.465,-0.5295,-0.0062,1
ARG,A,97,CZ,782,3.54,0.841,2.768,0.8076,-0.2645,1
MET,A,98,N,783,-0.41,-1.293,-2.261,-0.4157,-0.0062,1
MET,A,98,CA,784,-1.719,-1.77,-2.65,-0.0237,-0.1217,1
MET,A,98,C,785,-2.238,-2.769,-1.65,0.5973,-0.2645,1
MET,A,98,O,786,-1.577,-3.755,-1.356,-0.5679,0.4881,1
MET,A,98,CB,787,-1.67,-2.387,-4.046,0.0342,0.2169,1
MET,A,98,CG,788,-3.012,-2.888,-4.561,0.0018,-0.1217,1
MET,A,98,SD,789,-3.368,-4.58,-4.048,-0.2737,0.4989,1
MET,A,98,CE,790,-5.074,-4.739,-4.564,-0.0536,-0.1217,1
TYR,A,99,N,791,-3.491,-2.608,-1.252,-0.4157,-0.0062,1
TYR,A,99,CA,792,-4.127,-3.536,-0.329,-0.0014,-0.1217,1
TYR,A,99,C,793,-5.36,-4.109,-0.948,0.5973,-0.2645,1
TYR,A,99,O,794,-6.058,-3.415,-1.676,-0.5679,0.4881,1
TYR,A,99,CB,795,-4.47,-2.849,0.996,-0.0152,0.2169,1
TYR,A,99,CG,796,-3.26,-2.363,1.762,-0.0011,-0.2607,1
TYR,A,99,CD1,797,-2.667,-1.154,1.426,-0.1906,-0.2607,1
TYR,A,99,CD2,798,-2.745,-3.123,2.802,-0.1906,-0.2607,1
TYR,A,99,CE1,799,-1.562,-0.709,2.126,-0.2341,-0.2607,1
TYR,A,99,CE2,800,-1.641,-2.678,3.501,-0.2341,-0.2607,1
TYR,A,99,CZ,801,-1.05,-1.477,3.167,0.3226,-0.1217,1
GLY,A,100,N,802,-5.697,-5.335,-0.605,-0.4157,-0.0062,1
GLY,A,100,CA,803,-6.905,-5.845,-1.206,-0.0252,-0.1217,1
GLY,A,100,C,804,-7.501,-7.009,-0.45,0.5973,-0.2645,1
GLY,A,100,O,805,-6.816,-7.922,-0.013,-0.5679,0.4881,1
GLY,A,100,1HA,806,-7.641,-5.041,-1.241,0.0698,nan,1
GLY,A,100,2HA,807,-6.645,-6.205,-2.201,0.0698,nan,1
CYS,A,101,N,808,-8.814,-7.117,-0.534,-0.4157,-0.0062,1
CYS,A,101,CA,809,-9.478,-8.278,0.037,0.0213,-0.1217,1
CYS,A,101,C,810,-10.573,-8.77,-0.888,0.5973,-0.2645,1
CYS,A,101,O,811,-11.518,-8.049,-1.207,-0.5679,0.4881,1
CYS,A,101,CB,812,-10.078,-7.944,1.403,-0.1231,-0.1217,1
CYS,A,101,SG,813,-8.858,-7.462,2.649,-0.3119,0.4989,1
ASP,A,102,N,814,-10.36,-9.974,-1.405,-0.5163,-0.0062,1
ASP,A,102,CA,815,-11.211,-10.609,-2.394,0.0381,-0.1217,1
ASP,A,102,C,816,-12.172,-11.496,-1.655,0.5366,-0.2645,1
ASP,A,102,O,817,-11.774,-12.537,-1.159,-0.5819,0.4881,1
ASP,A,102,CB,818,-10.398,-11.424,-3.404,-0.0303,0.2169,1
ASP,A,102,CG,819,-9.494,-10.559,-4.272,0.7994,-0.2645,1
ASP,A,102,OD1,820,-9.696,-9.368,-4.304,-0.8014,0.7653,1
ASP,A,102,OD2,821,-8.611,-11.098,-4.894,-0.8014,0.7653,1
VAL,A,103,N,822,-13.438,-11.123,-1.664,-0.4157,-0.0062,1
VAL,A,103,CA,823,-14.436,-11.803,-0.865,-0.0875,-0.1217,1
VAL,A,103,C,824,-15.511,-12.447,-1.735,0.5973,-0.2645,1
VAL,A,103,O,825,-16.064,-11.831,-2.64,-0.5679,0.4881,1
VAL,A,103,CB,826,-15.095,-10.811,0.112,0.2985,1.5299,1
VAL,A,103,CG1,827,-16.187,-11.501,0.917,-0.3192,-0.9227,1
VAL,A,103,CG2,828,-14.041,-10.215,1.033,-0.3192,-0.9227,1
GLY,A,104,N,829,-15.801,-13.71,-1.444,-0.4157,-0.0062,1
GLY,A,104,CA,830,-16.787,-14.48,-2.187,-0.0252,-0.1217,1
GLY,A,104,C,831,-18.199,-14.035,-1.853,0.5973,-0.2645,1
GLY,A,104,O,832,-18.42,-13.362,-0.852,-0.5679,0.4881,1
GLY,A,104,1HA,833,-16.614,-14.345,-3.254,0.0698,nan,1
GLY,A,104,2HA,834,-16.683,-15.529,-1.911,0.0698,nan,1
PRO,A,105,N,835,-19.206,-14.595,-2.549,-0.2548,-0.0062,1
PRO,A,105,CA,836,-20.638,-14.426,-2.331,-0.0266,-0.1217,1
PRO,A,105,C,837,-21.074,-14.75,-0.897,0.5896,-0.2645,1
PRO,A,105,O,838,-22.115,-14.281,-0.437,-0.5748,0.4881,1
PRO,A,105,CB,839,-21.241,-15.414,-3.335,-0.007,0.2169,1
PRO,A,105,CG,840,-20.217,-15.508,-4.415,0.0189,0.2169,1
PRO,A,105,CD,841,-18.9,-15.46,-3.688,0.0192,-0.1217,1
ASP,A,106,N,842,-20.27,-15.554,-0.197,-0.5163,-0.0062,1
ASP,A,106,CA,843,-20.555,-15.976,1.174,0.0381,-0.1217,1
ASP,A,106,C,844,-20.157,-14.926,2.209,0.5366,-0.2645,1
ASP,A,106,O,845,-20.65,-14.942,3.336,-0.5819,0.4881,1
ASP,A,106,CB,846,-19.832,-17.29,1.481,-0.0303,0.2169,1
ASP,A,106,CG,847,-20.348,-18.458,0.653,0.7994,-0.2645,1
ASP,A,106,OD1,848,-21.538,-18.542,0.455,-0.8014,0.7653,1
ASP,A,106,OD2,849,-19.548,-19.255,0.224,-0.8014,0.7653,1
GLY,A,107,N,850,-19.402,-13.923,1.771,-0.4157,-0.0062,1
GLY,A,107,CA,851,-18.857,-12.907,2.666,-0.0252,-0.1217,1
GLY,A,107,C,852,-17.487,-13.325,3.207,0.5973,-0.2645,1
GLY,A,107,O,853,-16.851,-12.573,3.944,-0.5679,0.4881,1
GLY,A,107,1HA,854,-18.754,-11.969,2.12,0.0698,nan,1
GLY,A,107,2HA,855,-19.539,-12.787,3.508,0.0698,nan,1
ARG,A,108,N,856,-17.049,-14.532,2.842,-0.3479,-0.0062,1
ARG,A,108,CA,857,-15.774,-15.098,3.284,-0.2637,-0.1217,1
ARG,A,108,C,858,-14.598,-14.598,2.452,0.7341,-0.2645,1
ARG,A,108,O,859,-14.708,-14.45,1.237,-0.5894,0.4881,1
ARG,A,108,CB,860,-15.818,-16.618,3.215,-0.0007,0.2169,1
ARG,A,108,CG,861,-16.769,-17.275,4.203,0.039,0.2169,1
ARG,A,108,CD,862,-16.684,-18.756,4.144,0.0486,-0.1217,1
ARG,A,108,NE,863,-17.224,-19.282,2.899,-0.5295,-0.0062,1
ARG,A,108,CZ,864,-16.981,-20.518,2.422,0.8076,-0.2645,1
LEU,A,109,N,865,-13.455,-14.371,3.102,-0.4157,-0.0062,1
LEU,A,109,CA,866,-12.273,-13.915,2.375,-0.0518,-0.1217,1
LEU,A,109,C,867,-11.612,-14.984,1.523,0.5973,-0.2645,1
LEU,A,109,O,868,-10.999,-15.915,2.046,-0.5679,0.4881,1
LEU,A,109,CB,869,-11.242,-13.367,3.369,-0.1102,0.2169,1
LEU,A,109,CG,870,-9.928,-12.866,2.756,0.3531,1.5299,1
LEU,A,109,CD1,871,-10.204,-11.649,1.884,-0.4121,-0.9227,1
LEU,A,109,CD2,872,-8.945,-12.529,3.868,-0.4121,-0.9227,1
LEU,A,110,N,873,-11.622,-14.776,0.217,-0.4157,-0.0062,1
LEU,A,110,CA,874,-11.029,-15.737,-0.701,-0.0518,-0.1217,1
LEU,A,110,C,875,-9.508,-15.567,-0.659,0.5973,-0.2645,1
LEU,A,110,O,876,-8.767,-16.545,-0.558,-0.5679,0.4881,1
LEU,A,110,CB,877,-11.563,-15.529,-2.12,-0.1102,0.2169,1
LEU,A,110,CG,878,-13.06,-15.753,-2.286,0.3531,1.5299,1
LEU,A,110,CD1,879,-13.478,-15.33,-3.686,-0.4121,-0.9227,1
LEU,A,110,CD2,880,-13.38,-17.209,-2.036,-0.4121,-0.9227,1
ARG,A,111,N,881,-9.064,-14.304,-0.67,-0.3479,-0.0062,1
ARG,A,111,CA,882,-7.627,-13.992,-0.643,-0.2637,-0.1217,1
ARG,A,111,C,883,-7.323,-12.535,-0.3,0.7341,-0.2645,1
ARG,A,111,O,884,-8.015,-11.622,-0.735,-0.5894,0.4881,1
ARG,A,111,CB,885,-6.999,-14.315,-1.991,-0.0007,0.2169,1
ARG,A,111,CG,886,-5.487,-14.173,-2.042,0.039,0.2169,1
ARG,A,111,CD,887,-4.949,-14.499,-3.387,0.0486,-0.1217,1
ARG,A,111,NE,888,-5.131,-15.903,-3.72,-0.5295,-0.0062,1
ARG,A,111,CZ,889,-6.005,-16.366,-4.635,0.8076,-0.2645,1
GLY,A,112,N,890,-6.277,-12.321,0.501,-0.4157,-0.0062,1
GLY,A,112,CA,891,-5.852,-10.967,0.837,-0.0252,-0.1217,1
GLY,A,112,C,892,-4.629,-10.552,0.013,0.5973,-0.2645,1
GLY,A,112,O,893,-3.84,-11.401,-0.4,-0.5679,0.4881,1
GLY,A,112,1HA,894,-6.67,-10.276,0.633,0.0698,nan,1
GLY,A,112,2HA,895,-5.583,-10.94,1.893,0.0698,nan,1
HIS,A,113,N,896,-4.371,-9.247,-0.044,-0.4157,-0.0062,1
HIS,A,113,CA,897,-3.277,-8.71,-0.843,0.0188,-0.1217,1
HIS,A,113,C,898,-2.529,-7.596,-0.124,0.5973,-0.2645,1
HIS,A,113,O,899,-3.133,-6.684,0.437,-0.5679,0.4881,1
HIS,A,113,CB,900,-3.803,-8.187,-2.184,-0.0462,0.2169,1
HIS,A,113,CG,901,-4.539,-9.216,-2.984,-0.0266,-0.1217,1
HIS,A,113,CD2,902,-5.865,-9.452,-3.128,0.1292,-0.1217,1
HIS,A,113,ND1,903,-3.896,-10.156,-3.76,-0.3811,0.3544,1
HIS,A,113,CE1,904,-4.795,-10.928,-4.348,0.2057,-0.1217,1
HIS,A,113,NE2,905,-5.996,-10.521,-3.98,-0.5727,0.3544,1
ASN,A,114,N,906,-1.238,-7.507,-0.432,-0.4157,-0.0062,1
ASN,A,114,CA,907,-0.399,-6.398,0.013,0.0143,-0.1217,1
ASN,A,114,C,908,0.884,-6.323,-0.802,0.5973,-0.2645,1
ASN,A,114,O,909,1.8,-7.118,-0.625,-0.5679,0.4881,1
ASN,A,114,CB,910,-0.086,-6.522,1.492,-0.2041,0.2169,1
ASN,A,114,CG,911,0.774,-5.396,1.997,0.713,-0.2645,1
ASN,A,114,ND2,912,0.457,-4.896,3.163,-0.9191,-0.0062,1
ASN,A,114,OD1,913,1.728,-4.979,1.328,-0.5931,0.4881,1
GLN,A,115,N,914,0.994,-5.287,-1.624,-0.4157,-0.0062,1
GLN,A,115,CA,915,2.166,-5.157,-2.475,-0.0031,-0.1217,1
GLN,A,115,C,916,2.834,-3.805,-2.279,0.5973,-0.2645,1
GLN,A,115,O,917,2.178,-2.787,-2.084,-0.5679,0.4881,1
GLN,A,115,CB,918,1.786,-5.345,-3.946,-0.0036,0.2169,1
GLN,A,115,CG,919,2.965,-5.314,-4.903,-0.0645,0.2169,1
GLN,A,115,CD,920,2.584,-5.749,-6.306,0.6951,-0.2645,1
GLN,A,115,NE2,921,3.477,-6.485,-6.959,-0.9407,-0.0062,1
GLN,A,115,OE1,922,1.499,-5.428,-6.798,-0.6086,0.4881,1
TYR,A,116,N,923,4.155,-3.807,-2.299,-0.4157,-0.0062,1
TYR,A,116,CA,924,4.949,-2.593,-2.15,-0.0014,-0.1217,1
TYR,A,116,C,925,5.878,-2.454,-3.357,0.5973,-0.2645,1
TYR,A,116,O,926,6.658,-3.371,-3.647,-0.5679,0.4881,1
TYR,A,116,CB,927,5.748,-2.617,-0.845,-0.0152,0.2169,1
TYR,A,116,CG,928,6.655,-1.42,-0.663,-0.0011,-0.2607,1
TYR,A,116,CD1,929,6.468,-0.567,0.415,-0.1906,-0.2607,1
TYR,A,116,CD2,930,7.673,-1.177,-1.573,-0.1906,-0.2607,1
TYR,A,116,CE1,931,7.297,0.527,0.581,-0.2341,-0.2607,1
TYR,A,116,CE2,932,8.501,-0.084,-1.406,-0.2341,-0.2607,1
TYR,A,116,CZ,933,8.315,0.766,-0.333,0.3226,-0.1217,1
ALA,A,117,N,934,5.988,-1.236,-3.884,-0.4157,-0.0062,1
ALA,A,117,CA,935,6.896,-0.981,-4.993,0.0337,-0.1217,1
ALA,A,117,C,936,7.699,0.288,-4.745,0.5973,-0.2645,1
ALA,A,117,O,937,7.189,1.291,-4.251,-0.5679,0.4881,1
ALA,A,117,CB,938,6.145,-0.898,-6.311,-0.1825,0.2169,1
TYR,A,118,N,939,8.882,0.344,-5.34,-0.4157,-0.0062,1
TYR,A,118,CA,940,9.694,1.552,-5.243,-0.0014,-0.1217,1
TYR,A,118,C,941,10.235,1.977,-6.605,0.5973,-0.2645,1
TYR,A,118,O,942,10.655,1.163,-7.421,-0.5679,0.4881,1
TYR,A,118,CB,943,10.848,1.339,-4.26,-0.0152,0.2169,1
TYR,A,118,CG,944,11.64,2.595,-3.968,-0.0011,-0.2607,1
TYR,A,118,CD1,945,11.111,3.57,-3.133,-0.1906,-0.2607,1
TYR,A,118,CD2,946,12.892,2.772,-4.534,-0.1906,-0.2607,1
TYR,A,118,CE1,947,11.835,4.716,-2.866,-0.2341,-0.2607,1
TYR,A,118,CE2,948,13.615,3.918,-4.267,-0.2341,-0.2607,1
TYR,A,118,CZ,949,13.091,4.887,-3.437,0.3226,-0.1217,1
ASP,A,119,N,950,9.769,3.153,-7.032,-0.5163,-0.0062,1
ASP,A,119,CA,951,9.95,3.675,-8.38,0.0381,-0.1217,1
ASP,A,119,C,952,9.337,2.752,-9.432,0.5366,-0.2645,1
ASP,A,119,O,953,9.848,2.635,-10.547,-0.5819,0.4881,1
ASP,A,119,CB,954,11.437,3.883,-8.686,-0.0303,0.2169,1
ASP,A,119,CG,955,12.051,4.962,-7.794,0.7994,-0.2645,1
ASP,A,119,OD1,956,11.302,5.691,-7.201,-0.8014,0.7653,1
ASP,A,119,OD2,957,13.25,5.051,-7.711,-0.8014,0.7653,1
GLY,A,120,N,958,8.233,2.102,-9.057,-0.4157,-0.0062,1
GLY,A,120,CA,959,7.484,1.218,-9.942,-0.0252,-0.1217,1
GLY,A,120,C,960,8.005,-0.217,-9.96,0.5973,-0.2645,1
GLY,A,120,O,961,7.424,-1.078,-10.62,-0.5679,0.4881,1
GLY,A,120,1HA,962,6.444,1.203,-9.616,0.0698,nan,1
GLY,A,120,2HA,963,7.596,1.61,-10.953,0.0698,nan,1
LYS,A,121,N,964,9.09,-0.479,-9.239,-0.3479,-0.0062,1
LYS,A,121,CA,965,9.681,-1.809,-9.218,-0.24,-0.1217,1
LYS,A,121,C,966,9.052,-2.679,-8.149,0.7341,-0.2645,1
LYS,A,121,O,967,8.817,-2.224,-7.037,-0.5894,0.4881,1
LYS,A,121,CB,968,11.192,-1.72,-8.996,-0.0094,0.2169,1
LYS,A,121,CG,969,11.904,-3.066,-8.968,0.0187,0.2169,1
LYS,A,121,CD,970,13.398,-2.896,-8.735,-0.0479,0.2169,1
LYS,A,121,CE,971,14.097,-4.243,-8.621,-0.0143,-0.1217,1
LYS,A,121,NZ,972,15.541,-4.093,-8.288,-0.3854,-0.1231,1
ASP,A,122,N,973,8.82,-3.943,-8.465,-0.5163,-0.0062,1
ASP,A,122,CA,974,8.267,-4.862,-7.479,0.0381,-0.1217,1
ASP,A,122,C,975,9.322,-5.105,-6.417,0.5366,-0.2645,1
ASP,A,122,O,976,10.359,-5.697,-6.7,-0.5819,0.4881,1
ASP,A,122,CB,977,7.824,-6.167,-8.15,-0.0303,0.2169,1
ASP,A,122,CG,978,7.017,-7.085,-7.239,0.7994,-0.2645,1
ASP,A,122,OD1,979,6.796,-6.732,-6.109,-0.8014,0.7653,1
ASP,A,122,OD2,980,6.629,-8.138,-7.689,-0.8014,0.7653,1
TYR,A,123,N,981,9.096,-4.557,-5.226,-0.4157,-0.0062,1
TYR,A,123,CA,982,10.056,-4.63,-4.137,-0.0014,-0.1217,1
TYR,A,123,C,983,9.732,-5.766,-3.163,0.5973,-0.2645,1
TYR,A,123,O,984,10.494,-6.723,-3.055,-0.5679,0.4881,1
TYR,A,123,CB,985,10.11,-3.293,-3.394,-0.0152,0.2169,1
TYR,A,123,CG,986,11.119,-3.26,-2.268,-0.0011,-0.2607,1
TYR,A,123,CD1,987,12.472,-3.155,-2.553,-0.1906,-0.2607,1
TYR,A,123,CD2,988,10.692,-3.334,-0.952,-0.1906,-0.2607,1
TYR,A,123,CE1,989,13.395,-3.125,-1.526,-0.2341,-0.2607,1
TYR,A,123,CE2,990,11.614,-3.304,0.077,-0.2341,-0.2607,1
TYR,A,123,CZ,991,12.96,-3.2,-0.207,0.3226,-0.1217,1
ILE,A,124,N,992,8.584,-5.707,-2.489,-0.4157,-0.0062,1
ILE,A,124,CA,993,8.249,-6.792,-1.563,-0.0597,-0.1217,1
ILE,A,124,C,994,6.739,-7.024,-1.605,0.5973,-0.2645,1
ILE,A,124,O,995,5.971,-6.066,-1.667,-0.5679,0.4881,1
ILE,A,124,CB,996,8.695,-6.469,-0.125,0.1303,0.2169,1
ILE,A,124,CG1,997,8.566,-7.707,0.766,-0.043,0.2169,1
ILE,A,124,CG2,998,7.879,-5.316,0.439,-0.3204,-0.9227,1
ILE,A,124,CD1,999,9.308,-7.597,2.078,-0.066,0.2169,1
ALA,A,125,N,1000,6.31,-8.277,-1.446,-0.4157,-0.0062,1
ALA,A,125,CA,1001,4.87,-8.553,-1.459,0.0337,-0.1217,1
ALA,A,125,C,1002,4.45,-9.701,-0.556,0.5973,-0.2645,1
ALA,A,125,O,1003,5.146,-10.696,-0.4,-0.5679,0.4881,1
ALA,A,125,CB,1004,4.403,-8.804,-2.878,-0.1825,0.2169,1
LEU,A,126,N,1005,3.287,-9.537,0.052,-0.4157,-0.0062,1
LEU,A,126,CA,1006,2.7,-10.539,0.919,-0.0518,-0.1217,1
LEU,A,126,C,1007,2.307,-11.766,0.129,0.5973,-0.2645,1
LEU,A,126,O,1008,1.641,-11.656,-0.902,-0.5679,0.4881,1
LEU,A,126,CB,1009,1.472,-9.968,1.639,-0.1102,0.2169,1
LEU,A,126,CG,1010,0.825,-10.889,2.682,0.3531,1.5299,1
LEU,A,126,CD1,1011,1.717,-10.966,3.914,-0.4121,-0.9227,1
LEU,A,126,CD2,1012,-0.556,-10.36,3.039,-0.4121,-0.9227,1
ASN,A,127,N,1013,2.697,-12.927,0.604,-0.4157,-0.0062,1
ASN,A,127,CA,1014,2.33,-14.159,-0.06,0.0143,-0.1217,1
ASN,A,127,C,1015,0.883,-14.521,0.268,0.5973,-0.2645,1
ASN,A,127,O,1016,0.373,-14.146,1.317,-0.5679,0.4881,1
ASN,A,127,CB,1017,3.246,-15.288,0.368,-0.2041,0.2169,1
ASN,A,127,CG,1018,4.643,-15.1,-0.166,0.713,-0.2645,1
ASN,A,127,ND2,1019,5.622,-15.561,0.559,-0.9191,-0.0062,1
ASN,A,127,OD1,1020,4.827,-14.532,-1.247,-0.5931,0.4881,1
GLU,A,128,N,1021,0.302,-15.4,-0.545,-0.5163,-0.0062,1
GLU,A,128,CA,1022,-1.065,-15.915,-0.368,0.0397,-0.1217,1
GLU,A,128,C,1023,-1.404,-16.359,1.056,0.5366,-0.2645,1
GLU,A,128,O,1024,-2.532,-16.168,1.509,-0.5819,0.4881,1
GLU,A,128,CB,1025,-1.294,-17.091,-1.32,0.056,0.2169,1
GLU,A,128,CG,1026,-2.708,-17.654,-1.295,0.0136,0.2169,1
GLU,A,128,CD,1027,-2.944,-18.691,-2.358,0.8054,-0.2645,1
GLU,A,128,OE1,1028,-2.219,-19.657,-2.39,-0.8188,0.7653,1
GLU,A,128,OE2,1029,-3.85,-18.517,-3.139,-0.8188,0.7653,1
ASP,A,129,N,1030,-0.452,-16.996,1.739,-0.5163,-0.0062,1
ASP,A,129,CA,1031,-0.664,-17.524,3.092,0.0381,-0.1217,1
ASP,A,129,C,1032,-0.985,-16.422,4.107,0.5366,-0.2645,1
ASP,A,129,O,1033,-1.577,-16.683,5.155,-0.5819,0.4881,1
ASP,A,129,CB,1034,0.57,-18.297,3.566,-0.0303,0.2169,1
ASP,A,129,CG,1035,0.74,-19.647,2.873,0.7994,-0.2645,1
ASP,A,129,OD1,1036,-0.186,-20.09,2.241,-0.8014,0.7653,1
ASP,A,129,OD2,1037,1.799,-20.22,2.986,-0.8014,0.7653,1
LEU,A,130,N,1038,-0.591,-15.198,3.758,-0.4157,-0.0062,1
LEU,A,130,CA,1039,-0.711,-13.971,4.54,-0.0518,-0.1217,1
LEU,A,130,C,1040,0.171,-14.007,5.794,0.5973,-0.2645,1
LEU,A,130,O,1041,0.028,-13.166,6.68,-0.5679,0.4881,1
LEU,A,130,CB,1042,-2.174,-13.748,4.943,-0.1102,0.2169,1
LEU,A,130,CG,1043,-3.201,-13.862,3.809,0.3531,1.5299,1
LEU,A,130,CD1,1044,-4.595,-13.586,4.356,-0.4121,-0.9227,1
LEU,A,130,CD2,1045,-2.844,-12.882,2.701,-0.4121,-0.9227,1
SER,A,131,N,1046,1.101,-14.97,5.857,-0.4157,-0.0062,1
SER,A,131,CA,1047,2.016,-15.1,6.99,-0.0249,-0.1217,1
SER,A,131,C,1048,3.49,-14.896,6.625,0.5973,-0.2645,1
SER,A,131,O,1049,4.351,-14.903,7.506,-0.5679,0.4881,1
SER,A,131,CB,1050,1.842,-16.468,7.62,0.2117,-0.1217,1
SER,A,131,OG,1051,2.201,-17.482,6.724,-0.6546,0.4881,1
SER,A,132,N,1052,3.785,-14.699,5.341,-0.4157,-0.0062,1
SER,A,132,CA,1053,5.17,-14.54,4.885,-0.0249,-0.1217,1
SER,A,132,C,1054,5.249,-13.581,3.707,0.5973,-0.2645,1
SER,A,132,O,1055,4.219,-13.222,3.147,-0.5679,0.4881,1
SER,A,132,CB,1056,5.753,-15.883,4.492,0.2117,-0.1217,1
SER,A,132,OG,1057,5.06,-16.433,3.405,-0.6546,0.4881,1
TRP,A,133,N,1058,6.464,-13.111,3.396,-0.4157,-0.0062,1
TRP,A,133,CA,1059,6.677,-12.154,2.307,-0.0275,-0.1217,1
TRP,A,133,C,1060,7.7,-12.638,1.269,0.5973,-0.2645,1
TRP,A,133,O,1061,8.575,-13.446,1.58,-0.5679,0.4881,1
TRP,A,133,CB,1062,7.137,-10.812,2.879,-0.005,0.2169,1
TRP,A,133,CG,1063,6.159,-10.204,3.837,-0.1415,-0.2607,1
TRP,A,133,CD1,1064,5.959,-10.565,5.136,-0.1638,-0.1217,1
TRP,A,133,CD2,1065,5.238,-9.117,3.578,0.1243,-0.2607,1
TRP,A,133,CE2,1066,4.53,-8.891,4.762,0.138,-0.1217,1
TRP,A,133,CE3,1067,4.963,-8.329,2.453,-0.2387,-0.2607,1
TRP,A,133,NE1,1068,4.982,-9.784,5.7,-0.3418,-0.0062,1
TRP,A,133,CZ2,1069,3.557,-7.908,4.858,-0.2601,-0.2607,1
TRP,A,133,CZ3,1070,3.988,-7.343,2.551,-0.1972,-0.2607,1
THR,A,134,N,1071,7.558,-12.168,0.03,-0.4157,-0.0062,1
THR,A,134,CA,1072,8.541,-12.401,-1.025,-0.0389,-0.1217,1
THR,A,134,C,1073,9.384,-11.143,-1.19,0.5973,-0.2645,1
THR,A,134,O,1074,8.851,-10.062,-1.428,-0.5679,0.4881,1
THR,A,134,CB,1075,7.89,-12.796,-2.368,0.3654,-0.1217,1
THR,A,134,CG2,1076,8.951,-12.904,-3.464,-0.2438,0.2169,1
THR,A,134,OG1,1077,7.218,-14.058,-2.239,-0.6761,0.4881,1
ALA,A,135,N,1078,10.704,-11.31,-1.246,-0.4157,-0.0062,1
ALA,A,135,CA,1079,11.611,-10.178,-1.42,0.0337,-0.1217,1
ALA,A,135,C,1080,12.292,-10.231,-2.785,0.5973,-0.2645,1
ALA,A,135,O,1081,13.062,-11.148,-3.073,-0.5679,0.4881,1
ALA,A,135,CB,1082,12.642,-10.167,-0.303,-0.1825,0.2169,1
ALA,A,136,N,1083,12.04,-9.209,-3.595,-0.4157,-0.0062,1
ALA,A,136,CA,1084,12.544,-9.121,-4.963,0.0337,-0.1217,1
ALA,A,136,C,1085,14.074,-9.037,-5.051,0.5973,-0.2645,1
ALA,A,136,O,1086,14.679,-9.61,-5.959,-0.5679,0.4881,1
ALA,A,136,CB,1087,11.91,-7.936,-5.658,-0.1825,0.2169,1
ASP,A,137,N,1088,14.693,-8.32,-4.116,-0.5163,-0.0062,1
ASP,A,137,CA,1089,16.146,-8.122,-4.13,0.0381,-0.1217,1
ASP,A,137,C,1090,16.71,-7.93,-2.721,0.5366,-0.2645,1
ASP,A,137,O,1091,15.991,-8.088,-1.741,-0.5819,0.4881,1
ASP,A,137,CB,1092,16.495,-6.894,-4.987,-0.0303,0.2169,1
ASP,A,137,CG,1093,15.905,-5.577,-4.484,0.7994,-0.2645,1
ASP,A,137,OD1,1094,15.641,-5.451,-3.318,-0.8014,0.7653,1
ASP,A,137,OD2,1095,15.724,-4.698,-5.298,-0.8014,0.7653,1
THR,A,138,N,1096,17.987,-7.524,-2.637,-0.4157,-0.0062,1
THR,A,138,CA,1097,18.672,-7.333,-1.355,-0.0389,-0.1217,1
THR,A,138,C,1098,18.011,-6.311,-0.467,0.5973,-0.2645,1
THR,A,138,O,1099,17.759,-6.579,0.707,-0.5679,0.4881,1
THR,A,138,CB,1100,20.14,-6.93,-1.555,0.3654,-0.1217,1
THR,A,138,CG2,1101,20.791,-6.664,-0.201,-0.2438,0.2169,1
THR,A,138,OG1,1102,20.842,-7.984,-2.229,-0.6761,0.4881,1
ALA,A,139,N,1103,17.662,-5.171,-1.033,-0.4157,-0.0062,1
ALA,A,139,CA,1104,17.037,-4.12,-0.259,0.0337,-0.1217,1
ALA,A,139,C,1105,15.721,-4.627,0.317,0.5973,-0.2645,1
ALA,A,139,O,1106,15.423,-4.413,1.493,-0.5679,0.4881,1
ALA,A,139,CB,1107,16.813,-2.902,-1.131,-0.1825,0.2169,1
ALA,A,140,N,1108,14.983,-5.395,-0.491,-0.4157,-0.0062,1
ALA,A,140,CA,1109,13.706,-5.962,-0.081,0.0337,-0.1217,1
ALA,A,140,C,1110,13.927,-6.969,1.028,0.5973,-0.2645,1
ALA,A,140,O,1111,13.204,-6.956,2.017,-0.5679,0.4881,1
ALA,A,140,CB,1112,13.01,-6.621,-1.257,-0.1825,0.2169,1
GLN,A,141,N,1113,15.065,-7.671,0.981,-0.4157,-0.0062,1
GLN,A,141,CA,1114,15.341,-8.702,1.967,-0.0031,-0.1217,1
GLN,A,141,C,1115,15.535,-8.063,3.326,0.5973,-0.2645,1
GLN,A,141,O,1116,14.988,-8.538,4.319,-0.5679,0.4881,1
GLN,A,141,CB,1117,16.579,-9.515,1.58,-0.0036,0.2169,1
GLN,A,141,CG,1118,16.357,-10.476,0.425,-0.0645,0.2169,1
GLN,A,141,CD,1119,17.636,-11.169,-0.006,0.6951,-0.2645,1
GLN,A,141,NE2,1120,17.495,-12.267,-0.739,-0.9407,-0.0062,1
GLN,A,141,OE1,1121,18.74,-10.721,0.317,-0.6086,0.4881,1
ILE,A,142,N,1122,16.12,-6.858,3.331,-0.4157,-0.0062,1
ILE,A,142,CA,1123,16.382,-6.159,4.578,-0.0597,-0.1217,1
ILE,A,142,C,1124,15.055,-5.874,5.246,0.5973,-0.2645,1
ILE,A,142,O,1125,14.836,-6.224,6.407,-0.5679,0.4881,1
ILE,A,142,CB,1126,17.154,-4.846,4.348,0.1303,0.2169,1
ILE,A,142,CG1,1127,18.565,-5.139,3.833,-0.043,0.2169,1
ILE,A,142,CG2,1128,17.209,-4.03,5.63,-0.3204,-0.9227,1
ILE,A,142,CD1,1129,19.292,-3.92,3.316,-0.066,0.2169,1
THR,A,143,N,1130,14.126,-5.377,4.43,-0.4157,-0.0062,1
THR,A,143,CA,1131,12.793,-5.028,4.879,-0.0389,-0.1217,1
THR,A,143,C,1132,12.056,-6.248,5.389,0.5973,-0.2645,1
THR,A,143,O,1133,11.541,-6.235,6.504,-0.5679,0.4881,1
THR,A,143,CB,1134,11.981,-4.367,3.75,0.3654,-0.1217,1
THR,A,143,CG2,1135,10.56,-4.084,4.21,-0.2438,0.2169,1
THR,A,143,OG1,1136,12.608,-3.137,3.364,-0.6761,0.4881,1
GLN,A,144,N,1137,12.186,-7.359,4.663,-0.4157,-0.0062,1
GLN,A,144,CA,1138,11.481,-8.565,5.039,-0.0031,-0.1217,1
GLN,A,144,C,1139,11.889,-9.033,6.419,0.5973,-0.2645,1
GLN,A,144,O,1140,11.038,-9.235,7.273,-0.5679,0.4881,1
GLN,A,144,CB,1141,11.714,-9.691,4.033,-0.0036,0.2169,1
GLN,A,144,CG,1142,10.99,-10.955,4.426,-0.0645,0.2169,1
GLN,A,144,CD,1143,11.113,-12.063,3.413,0.6951,-0.2645,1
GLN,A,144,NE2,1144,11.141,-13.296,3.906,-0.9407,-0.0062,1
GLN,A,144,OE1,1145,11.184,-11.825,2.206,-0.6086,0.4881,1
ARG,A,145,N,1146,13.195,-8.998,6.695,-0.3479,-0.0062,1
ARG,A,145,CA,1147,13.72,-9.487,7.964,-0.2637,-0.1217,1
ARG,A,145,C,1148,13.179,-8.667,9.121,0.7341,-0.2645,1
ARG,A,145,O,1149,12.686,-9.216,10.109,-0.5894,0.4881,1
ARG,A,145,CB,1150,15.24,-9.425,7.958,-0.0007,0.2169,1
ARG,A,145,CG,1151,15.906,-10.429,7.033,0.039,0.2169,1
ARG,A,145,CD,1152,17.362,-10.197,6.923,0.0486,-0.1217,1
ARG,A,145,NE,1153,17.988,-11.127,5.998,-0.5295,-0.0062,1
ARG,A,145,CZ,1154,19.244,-11.01,5.528,0.8076,-0.2645,1
LYS,A,146,N,1155,13.07,-7.357,8.894,-0.3479,-0.0062,1
LYS,A,146,CA,1156,12.582,-6.444,9.913,-0.24,-0.1217,1
LYS,A,146,C,1157,11.11,-6.716,10.187,0.7341,-0.2645,1
LYS,A,146,O,1158,10.681,-6.71,11.337,-0.5894,0.4881,1
LYS,A,146,CB,1159,12.791,-4.994,9.463,-0.0094,0.2169,1
LYS,A,146,CG,1160,14.271,-4.563,9.452,0.0187,0.2169,1
LYS,A,146,CD,1161,14.454,-3.131,8.956,-0.0479,0.2169,1
LYS,A,146,CE,1162,15.934,-2.712,9.025,-0.0143,-0.1217,1
LYS,A,146,NZ,1163,16.159,-1.33,8.5,-0.3854,-0.1231,1
TRP,A,147,N,1164,10.372,-7.059,9.123,-0.4157,-0.0062,1
TRP,A,147,CA,1165,8.942,-7.333,9.174,-0.0275,-0.1217,1
TRP,A,147,C,1166,8.665,-8.689,9.817,0.5973,-0.2645,1
TRP,A,147,O,1167,7.642,-8.877,10.479,-0.5679,0.4881,1
TRP,A,147,CB,1168,8.343,-7.296,7.768,-0.005,0.2169,1
TRP,A,147,CG,1169,8.1,-5.908,7.257,-0.1415,-0.2607,1
TRP,A,147,CD1,1170,8.332,-4.742,7.922,-0.1638,-0.1217,1
TRP,A,147,CD2,1171,7.573,-5.532,5.961,0.1243,-0.2607,1
TRP,A,147,CE2,1172,7.523,-4.136,5.931,0.138,-0.1217,1
TRP,A,147,CE3,1173,7.149,-6.258,4.841,-0.2387,-0.2607,1
TRP,A,147,NE1,1174,7.987,-3.671,7.135,-0.3418,-0.0062,1
TRP,A,147,CZ2,1175,7.06,-3.442,4.824,-0.2601,-0.2607,1
TRP,A,147,CZ3,1176,6.687,-5.562,3.73,-0.1972,-0.2607,1
GLU,A,148,N,1177,9.601,-9.64,9.674,-0.5163,-0.0062,1
GLU,A,148,CA,1178,9.366,-10.962,10.242,0.0397,-0.1217,1
GLU,A,148,C,1179,9.389,-10.826,11.752,0.5366,-0.2645,1
GLU,A,148,O,1180,8.515,-11.336,12.454,-0.5819,0.4881,1
GLU,A,148,CB,1181,10.411,-11.996,9.787,0.056,0.2169,1
GLU,A,148,CG,1182,10.346,-12.431,8.313,0.0136,0.2169,1
GLU,A,148,CD,1183,11.388,-13.487,7.985,0.8054,-0.2645,1
GLU,A,148,OE1,1184,12.106,-13.866,8.879,-0.8188,0.7653,1
GLU,A,148,OE2,1185,11.469,-13.913,6.852,-0.8188,0.7653,1
ALA,A,149,N,1186,10.298,-9.965,12.214,-0.4157,-0.0062,1
ALA,A,149,CA,1187,10.502,-9.727,13.631,0.0337,-0.1217,1
ALA,A,149,C,1188,9.369,-8.888,14.182,0.5973,-0.2645,1
ALA,A,149,O,1189,8.798,-9.198,15.228,-0.5679,0.4881,1
ALA,A,149,CB,1190,11.849,-9.062,13.856,-0.1825,0.2169,1
ALA,A,150,N,1191,8.945,-7.922,13.376,-0.4157,-0.0062,1
ALA,A,150,CA,1192,7.932,-6.954,13.744,0.0337,-0.1217,1
ALA,A,150,C,1193,6.582,-7.619,13.899,0.5973,-0.2645,1
ALA,A,150,O,1194,5.825,-7.262,14.8,-0.5679,0.4881,1
ALA,A,150,CB,1195,7.857,-5.847,12.709,-0.1825,0.2169,1
ARG,A,151,N,1196,6.402,-8.718,13.144,-0.3479,-0.0062,1
ARG,A,151,CA,1197,5.15,-9.462,13.016,-0.2637,-0.1217,1
ARG,A,151,C,1198,4.173,-8.62,12.226,0.7341,-0.2645,1
ARG,A,151,O,1199,2.99,-8.539,12.556,-0.5894,0.4881,1
ARG,A,151,CB,1200,4.557,-9.801,14.377,-0.0007,0.2169,1
ARG,A,151,CG,1201,5.46,-10.627,15.279,0.039,0.2169,1
ARG,A,151,CD,1202,4.776,-11.003,16.543,0.0486,-0.1217,1
ARG,A,151,NE,1203,5.629,-11.808,17.403,-0.5295,-0.0062,1
ARG,A,151,CZ,1204,5.29,-12.235,18.634,0.8076,-0.2645,1
GLU,A,152,N,1205,4.709,-7.964,11.191,-0.5163,-0.0062,1
GLU,A,152,CA,1206,3.925,-7.171,10.262,0.0397,-0.1217,1
GLU,A,152,C,1207,2.895,-8.022,9.533,0.5366,-0.2645,1
GLU,A,152,O,1208,1.74,-7.625,9.408,-0.5819,0.4881,1
GLU,A,152,CB,1209,4.842,-6.483,9.248,0.056,0.2169,1
GLU,A,152,CG,1210,4.114,-5.625,8.223,0.0136,0.2169,1
GLU,A,152,CD,1211,3.485,-4.399,8.827,0.8054,-0.2645,1
GLU,A,152,OE1,1212,3.903,-4.002,9.888,-0.8188,0.7653,1
GLU,A,152,OE2,1213,2.586,-3.86,8.225,-0.8188,0.7653,1
ALA,A,153,N,1214,3.281,-9.26,9.191,-0.4157,-0.0062,1
ALA,A,153,CA,1215,2.393,-10.173,8.474,0.0337,-0.1217,1
ALA,A,153,C,1216,1.182,-10.509,9.323,0.5973,-0.2645,1
ALA,A,153,O,1217,0.076,-10.604,8.805,-0.5679,0.4881,1
ALA,A,153,CB,1218,3.125,-11.449,8.089,-0.1825,0.2169,1
GLU,A,154,N,1219,1.385,-10.645,10.634,-0.5163,-0.0062,1
GLU,A,154,CA,1220,0.301,-11.004,11.542,0.0397,-0.1217,1
GLU,A,154,C,1221,-0.688,-9.872,11.748,0.5366,-0.2645,1
GLU,A,154,O,1222,-1.895,-10.069,11.6,-0.5819,0.4881,1
GLU,A,154,CB,1223,0.874,-11.433,12.89,0.056,0.2169,1
GLU,A,154,CG,1224,1.612,-12.756,12.858,0.0136,0.2169,1
GLU,A,154,CD,1225,0.717,-13.893,12.478,0.8054,-0.2645,1
GLU,A,154,OE1,1226,-0.329,-14.017,13.069,-0.8188,0.7653,1
GLU,A,154,OE2,1227,1.076,-14.641,11.599,-0.8188,0.7653,1
GLN,A,155,N,1228,-0.173,-8.646,11.798,-0.4157,-0.0062,1
GLN,A,155,CA,1229,-1.032,-7.49,12.024,-0.0031,-0.1217,1
GLN,A,155,C,1230,-1.877,-7.262,10.788,0.5973,-0.2645,1
GLN,A,155,O,1231,-3.079,-7.001,10.862,-0.5679,0.4881,1
GLN,A,155,CB,1232,-0.209,-6.24,12.349,-0.0036,0.2169,1
GLN,A,155,CG,1233,0.519,-6.303,13.681,-0.0645,0.2169,1
GLN,A,155,CD,1234,1.45,-5.123,13.887,0.6951,-0.2645,1
GLN,A,155,NE2,1235,2.595,-5.377,14.508,-0.9407,-0.0062,1
GLN,A,155,OE1,1236,1.142,-3.995,13.493,-0.6086,0.4881,1
LEU,A,156,N,1237,-1.233,-7.492,9.655,-0.4157,-0.0062,1
LEU,A,156,CA,1238,-1.797,-7.294,8.344,-0.0518,-0.1217,1
LEU,A,156,C,1239,-2.859,-8.335,8.084,0.5973,-0.2645,1
LEU,A,156,O,1240,-3.982,-7.994,7.738,-0.5679,0.4881,1
LEU,A,156,CB,1241,-0.704,-7.375,7.27,-0.1102,0.2169,1
LEU,A,156,CG,1242,-1.189,-7.268,5.818,0.3531,1.5299,1
LEU,A,156,CD1,1243,-1.937,-5.955,5.627,-0.4121,-0.9227,1
LEU,A,156,CD2,1244,0.002,-7.361,4.877,-0.4121,-0.9227,1
ARG,A,157,N,1245,-2.542,-9.587,8.392,-0.3479,-0.0062,1
ARG,A,157,CA,1246,-3.469,-10.682,8.161,-0.2637,-0.1217,1
ARG,A,157,C,1247,-4.744,-10.437,8.947,0.7341,-0.2645,1
ARG,A,157,O,1248,-5.835,-10.51,8.389,-0.5894,0.4881,1
ARG,A,157,CB,1249,-2.847,-12.006,8.575,-0.0007,0.2169,1
ARG,A,157,CG,1250,-3.718,-13.216,8.329,0.039,0.2169,1
ARG,A,157,CD,1251,-2.99,-14.495,8.585,0.0486,-0.1217,1
ARG,A,157,NE,1252,-2.633,-14.674,9.973,-0.5295,-0.0062,1
ARG,A,157,CZ,1253,-3.454,-15.164,10.92,0.8076,-0.2645,1
ALA,A,158,N,1254,-4.59,-9.922,10.174,-0.4157,-0.0062,1
ALA,A,158,CA,1255,-5.743,-9.693,11.034,0.0337,-0.1217,1
ALA,A,158,C,1256,-6.688,-8.73,10.334,0.5973,-0.2645,1
ALA,A,158,O,1257,-7.876,-9.009,10.218,-0.5679,0.4881,1
ALA,A,158,CB,1258,-5.301,-9.147,12.383,-0.1825,0.2169,1
TYR,A,159,N,1259,-6.118,-7.672,9.747,-0.4157,-0.0062,1
TYR,A,159,CA,1260,-6.885,-6.684,8.998,-0.0014,-0.1217,1
TYR,A,159,C,1261,-7.559,-7.283,7.787,0.5973,-0.2645,1
TYR,A,159,O,1262,-8.691,-6.943,7.442,-0.5679,0.4881,1
TYR,A,159,CB,1263,-5.996,-5.52,8.566,-0.0152,0.2169,1
TYR,A,159,CG,1264,-6.64,-4.624,7.54,-0.0011,-0.2607,1
TYR,A,159,CD1,1265,-7.627,-3.728,7.904,-0.1906,-0.2607,1
TYR,A,159,CD2,1266,-6.226,-4.706,6.211,-0.1906,-0.2607,1
TYR,A,159,CE1,1267,-8.199,-2.918,6.945,-0.2341,-0.2607,1
TYR,A,159,CE2,1268,-6.797,-3.901,5.258,-0.2341,-0.2607,1
TYR,A,159,CZ,1269,-7.78,-3.009,5.614,0.3226,-0.1217,1
LEU,A,160,N,1270,-6.761,-7.975,6.977,-0.4157,-0.0062,1
LEU,A,160,CA,1271,-7.225,-8.44,5.685,-0.0518,-0.1217,1
LEU,A,160,C,1272,-8.405,-9.374,5.877,0.5973,-0.2645,1
LEU,A,160,O,1273,-9.317,-9.402,5.057,-0.5679,0.4881,1
LEU,A,160,CB,1274,-6.087,-9.157,4.936,-0.1102,0.2169,1
LEU,A,160,CG,1275,-4.899,-8.23,4.455,0.3531,1.5299,1
LEU,A,160,CD1,1276,-3.778,-9.092,3.906,-0.4121,-0.9227,1
LEU,A,160,CD2,1277,-5.397,-7.248,3.398,-0.4121,-0.9227,1
GLU,A,161,N,1278,-8.369,-10.164,6.951,-0.5163,-0.0062,1
GLU,A,161,CA,1279,-9.445,-11.079,7.3,0.0397,-0.1217,1
GLU,A,161,C,1280,-10.57,-10.384,8.065,0.5366,-0.2645,1
GLU,A,161,O,1281,-11.74,-10.746,7.929,-0.5819,0.4881,1
GLU,A,161,CB,1282,-8.901,-12.242,8.135,0.056,0.2169,1
GLU,A,161,CG,1283,-7.892,-13.134,7.42,0.0136,0.2169,1
GLU,A,161,CD,1284,-7.306,-14.177,8.338,0.8054,-0.2645,1
GLU,A,161,OE1,1285,-7.799,-14.315,9.433,-0.8188,0.7653,1
GLU,A,161,OE2,1286,-6.369,-14.833,7.949,-0.8188,0.7653,1
GLY,A,162,N,1287,-10.218,-9.315,8.781,-0.4157,-0.0062,1
GLY,A,162,CA,1288,-11.132,-8.627,9.685,-0.0252,-0.1217,1
GLY,A,162,C,1289,-11.888,-7.47,9.051,0.5973,-0.2645,1
GLY,A,162,O,1290,-12.835,-7.68,8.294,-0.5679,0.4881,1
GLY,A,162,1HA,1291,-11.859,-9.351,10.052,0.0698,nan,1
GLY,A,162,2HA,1292,-10.521,-8.201,10.481,0.0698,nan,1
LEU,A,163,N,1293,-11.46,-6.251,9.396,-0.4157,-0.0062,1
LEU,A,163,CA,1294,-12.097,-5.004,8.971,-0.0518,-0.1217,1
LEU,A,163,C,1295,-12.187,-4.821,7.474,0.5973,-0.2645,1
LEU,A,163,O,1296,-13.168,-4.286,6.971,-0.5679,0.4881,1
LEU,A,163,CB,1297,-11.334,-3.823,9.561,-0.1102,0.2169,1
LEU,A,163,CG,1298,-11.433,-3.661,11.059,0.3531,1.5299,1
LEU,A,163,CD1,1299,-10.468,-2.573,11.503,-0.4121,-0.9227,1
LEU,A,163,CD2,1300,-12.87,-3.319,11.419,-0.4121,-0.9227,1
CYS,A,164,N,1301,-11.169,-5.264,6.76,-0.4157,-0.0062,1
CYS,A,164,CA,1302,-11.134,-5.139,5.31,0.0213,-0.1217,1
CYS,A,164,C,1303,-12.414,-5.719,4.718,0.5973,-0.2645,1
CYS,A,164,O,1304,-13.18,-5.028,4.043,-0.5679,0.4881,1
CYS,A,164,CB,1305,-9.927,-5.868,4.806,-0.1231,-0.1217,1
CYS,A,164,SG,1306,-9.454,-5.6,3.132,-0.3119,0.4989,1
VAL,A,165,N,1307,-12.708,-6.946,5.145,-0.4157,-0.0062,1
VAL,A,165,CA,1308,-13.858,-7.716,4.719,-0.0875,-0.1217,1
VAL,A,165,C,1309,-15.165,-7.149,5.235,0.5973,-0.2645,1
VAL,A,165,O,1310,-16.107,-6.976,4.469,-0.5679,0.4881,1
VAL,A,165,CB,1311,-13.719,-9.173,5.198,0.2985,1.5299,1
VAL,A,165,CG1,1312,-14.979,-9.961,4.877,-0.3192,-0.9227,1
VAL,A,165,CG2,1313,-12.501,-9.817,4.553,-0.3192,-0.9227,1
GLU,A,166,N,1314,-15.19,-6.765,6.511,-0.5163,-0.0062,1
GLU,A,166,CA,1315,-16.419,-6.27,7.11,0.0397,-0.1217,1
GLU,A,166,C,1316,-16.876,-4.986,6.435,0.5366,-0.2645,1
GLU,A,166,O,1317,-18.049,-4.848,6.094,-0.5819,0.4881,1
GLU,A,166,CB,1318,-16.225,-6.03,8.608,0.056,0.2169,1
GLU,A,166,CG,1319,-17.458,-5.499,9.325,0.0136,0.2169,1
GLU,A,166,CD,1320,-17.247,-5.328,10.804,0.8054,-0.2645,1
GLU,A,166,OE1,1321,-16.2,-5.693,11.281,-0.8188,0.7653,1
GLU,A,166,OE2,1322,-18.134,-4.831,11.456,-0.8188,0.7653,1
TRP,A,167,N,1323,-15.915,-4.129,6.094,-0.4157,-0.0062,1
TRP,A,167,CA,1324,-16.216,-2.853,5.47,-0.0275,-0.1217,1
TRP,A,167,C,1325,-16.758,-3.093,4.076,0.5973,-0.2645,1
TRP,A,167,O,1326,-17.762,-2.499,3.69,-0.5679,0.4881,1
TRP,A,167,CB,1327,-14.969,-1.968,5.403,-0.005,0.2169,1
TRP,A,167,CG,1328,-14.5,-1.492,6.744,-0.1415,-0.2607,1
TRP,A,167,CD1,1329,-15.23,-1.444,7.894,-0.1638,-0.1217,1
TRP,A,167,CD2,1330,-13.184,-0.992,7.083,0.1243,-0.2607,1
TRP,A,167,CE2,1331,-13.209,-0.67,8.442,0.138,-0.1217,1
TRP,A,167,CE3,1332,-12.005,-0.796,6.354,-0.2387,-0.2607,1
TRP,A,167,NE1,1333,-14.464,-0.95,8.92,-0.3418,-0.0062,1
TRP,A,167,CZ2,1334,-12.099,-0.157,9.096,-0.2601,-0.2607,1
TRP,A,167,CZ3,1335,-10.891,-0.284,7.009,-0.1972,-0.2607,1
LEU,A,168,N,1336,-16.198,-4.096,3.399,-0.4157,-0.0062,1
LEU,A,168,CA,1337,-16.635,-4.428,2.058,-0.0518,-0.1217,1
LEU,A,168,C,1338,-18.079,-4.867,2.07,0.5973,-0.2645,1
LEU,A,168,O,1339,-18.915,-4.254,1.415,-0.5679,0.4881,1
LEU,A,168,CB,1340,-15.758,-5.539,1.466,-0.1102,0.2169,1
LEU,A,168,CG,1341,-16.172,-6.045,0.078,0.3531,1.5299,1
LEU,A,168,CD1,1342,-16.149,-4.888,-0.912,-0.4121,-0.9227,1
LEU,A,168,CD2,1343,-15.231,-7.157,-0.358,-0.4121,-0.9227,1
ARG,A,169,N,1344,-18.414,-5.741,3.018,-0.3479,-0.0062,1
ARG,A,169,CA,1345,-19.76,-6.284,3.101,-0.2637,-0.1217,1
ARG,A,169,C,1346,-20.769,-5.149,3.247,0.7341,-0.2645,1
ARG,A,169,O,1347,-21.759,-5.085,2.515,-0.5894,0.4881,1
ARG,A,169,CB,1348,-19.875,-7.24,4.287,-0.0007,0.2169,1
ARG,A,169,CG,1349,-19.125,-8.575,4.189,0.039,0.2169,1
ARG,A,169,CD,1350,-19.217,-9.29,5.504,0.0486,-0.1217,1
ARG,A,169,NE,1351,-18.42,-10.512,5.574,-0.5295,-0.0062,1
ARG,A,169,CZ,1352,-18.201,-11.19,6.72,0.8076,-0.2645,1
ARG,A,170,N,1353,-20.414,-4.174,4.089,-0.3479,-0.0062,1
ARG,A,170,CA,1354,-21.275,-3.04,4.387,-0.2637,-0.1217,1
ARG,A,170,C,1355,-21.529,-2.181,3.163,0.7341,-0.2645,1
ARG,A,170,O,1356,-22.672,-1.834,2.871,-0.5894,0.4881,1
ARG,A,170,CB,1357,-20.66,-2.18,5.48,-0.0007,0.2169,1
ARG,A,170,CG,1358,-20.669,-2.804,6.867,0.039,0.2169,1
ARG,A,170,CD,1359,-19.992,-1.936,7.864,0.0486,-0.1217,1
ARG,A,170,NE,1360,-19.884,-2.583,9.162,-0.5295,-0.0062,1
ARG,A,170,CZ,1361,-20.839,-2.558,10.111,0.8076,-0.2645,1
HIS,A,171,N,1362,-20.459,-1.911,2.409,-0.4157,-0.0062,1
HIS,A,171,CA,1363,-20.52,-1.02,1.262,0.0188,-0.1217,1
HIS,A,171,C,1364,-21.288,-1.64,0.12,0.5973,-0.2645,1
HIS,A,171,O,1365,-22.19,-1.017,-0.432,-0.5679,0.4881,1
HIS,A,171,CB,1366,-19.11,-0.649,0.788,-0.0462,0.2169,1
HIS,A,171,CG,1367,-18.38,0.259,1.727,-0.0266,-0.1217,1
HIS,A,171,CD2,1368,-18.766,0.839,2.889,0.1292,-0.1217,1
HIS,A,171,ND1,1369,-17.081,0.667,1.508,-0.3811,0.3544,1
HIS,A,171,CE1,1370,-16.7,1.461,2.495,0.2057,-0.1217,1
HIS,A,171,NE2,1371,-17.703,1.579,3.345,-0.5727,0.3544,1
LEU,A,172,N,1372,-21.2,-2.961,0.026,-0.4157,-0.0062,1
LEU,A,172,CA,1373,-21.878,-3.668,-1.043,-0.0518,-0.1217,1
LEU,A,172,C,1374,-23.376,-3.574,-0.882,0.5973,-0.2645,1
LEU,A,172,O,1375,-24.093,-3.407,-1.862,-0.5679,0.4881,1
LEU,A,172,CB,1376,-21.45,-5.141,-1.066,-0.1102,0.2169,1
LEU,A,172,CG,1377,-19.999,-5.406,-1.487,0.3531,1.5299,1
LEU,A,172,CD1,1378,-19.666,-6.875,-1.265,-0.4121,-0.9227,1
LEU,A,172,CD2,1379,-19.816,-5.019,-2.947,-0.4121,-0.9227,1
GLU,A,173,N,1380,-23.842,-3.571,0.364,-0.5163,-0.0062,1
GLU,A,173,CA,1381,-25.27,-3.526,0.63,0.0397,-0.1217,1
GLU,A,173,C,1382,-25.827,-2.104,0.568,0.5366,-0.2645,1
GLU,A,173,O,1383,-26.615,-1.75,-0.309,-0.5819,0.4881,1
GLU,A,173,CB,1384,-25.565,-4.137,2.001,0.056,0.2169,1
GLU,A,173,CG,1385,-25.307,-5.635,2.091,0.0136,0.2169,1
GLU,A,173,CD,1386,-26.184,-6.436,1.169,0.8054,-0.2645,1
GLU,A,173,OE1,1387,-27.38,-6.289,1.241,-0.8188,0.7653,1
GLU,A,173,OE2,1388,-25.655,-7.195,0.39,-0.8188,0.7653,1
ASN,A,174,N,1389,-24.956,-1.171,0.962,-0.4157,-0.0062,1
ASN,A,174,CA,1390,-25.296,0.25,0.913,0.0143,-0.1217,1
ASN,A,174,C,1391,-25.424,0.764,-0.516,0.5973,-0.2645,1
ASN,A,174,O,1392,-26.261,1.62,-0.808,-0.5679,0.4881,1
ASN,A,174,CB,1393,-24.265,1.066,1.67,-0.2041,0.2169,1
ASN,A,174,CG,1394,-24.364,0.885,3.157,0.713,-0.2645,1
ASN,A,174,ND2,1395,-23.299,1.187,3.855,-0.9191,-0.0062,1
ASN,A,174,OD1,1396,-25.407,0.473,3.678,-0.5931,0.4881,1
GLY,A,175,N,1397,-24.6,0.219,-1.398,-0.4157,-0.0062,1
GLY,A,175,CA,1398,-24.537,0.637,-2.786,-0.0252,-0.1217,1
GLY,A,175,C,1399,-24.924,-0.444,-3.768,0.5973,-0.2645,1
GLY,A,175,O,1400,-24.568,-0.336,-4.936,-0.5679,0.4881,1
GLY,A,175,1HA,1401,-25.212,1.482,-2.921,0.0698,nan,1
GLY,A,175,2HA,1402,-23.498,0.894,-2.992,0.0698,nan,1
LYS,A,176,N,1403,-25.661,-1.464,-3.314,-0.3479,-0.0062,1
LYS,A,176,CA,1404,-26.058,-2.607,-4.149,-0.24,-0.1217,1
LYS,A,176,C,1405,-26.737,-2.257,-5.47,0.7341,-0.2645,1
LYS,A,176,O,1406,-26.475,-2.889,-6.49,-0.5894,0.4881,1
LYS,A,176,CB,1407,-26.982,-3.525,-3.346,-0.0094,0.2169,1
LYS,A,176,CG,1408,-28.328,-2.905,-2.989,0.0187,0.2169,1
LYS,A,176,CD,1409,-29.143,-3.831,-2.099,-0.0479,0.2169,1
LYS,A,176,CE,1410,-30.499,-3.227,-1.766,-0.0143,-0.1217,1
LYS,A,176,NZ,1411,-31.288,-4.098,-0.854,-0.3854,-0.1231,1
GLU,A,177,N,1412,-27.33,-1.064,-5.542,-0.5163,-0.0062,1
GLU,A,177,CA,1413,-28.007,-0.613,-6.754,0.0397,-0.1217,1
GLU,A,177,C,1414,-27.03,-0.499,-7.924,0.5366,-0.2645,1
GLU,A,177,O,1415,-27.428,-0.553,-9.088,-0.5819,0.4881,1
GLU,A,177,CB,1416,-28.688,0.736,-6.511,0.056,0.2169,1
GLU,A,177,CG,1417,-29.869,0.68,-5.551,0.0136,0.2169,1
GLU,A,177,CD,1418,-30.495,2.027,-5.314,0.8054,-0.2645,1
GLU,A,177,OE1,1419,-29.962,3.0,-5.792,-0.8188,0.7653,1
GLU,A,177,OE2,1420,-31.506,2.081,-4.655,-0.8188,0.7653,1
THR,A,178,N,1421,-25.756,-0.314,-7.594,-0.4157,-0.0062,1
THR,A,178,CA,1422,-24.67,-0.18,-8.552,-0.0389,-0.1217,1
THR,A,178,C,1423,-23.629,-1.28,-8.398,0.5973,-0.2645,1
THR,A,178,O,1424,-23.278,-1.966,-9.356,-0.5679,0.4881,1
THR,A,178,CB,1425,-23.963,1.174,-8.393,0.3654,-0.1217,1
THR,A,178,CG2,1426,-22.794,1.292,-9.379,-0.2438,0.2169,1
THR,A,178,OG1,1427,-24.898,2.233,-8.637,-0.6761,0.4881,1
LEU,A,179,N,1428,-23.172,-1.464,-7.165,-0.4157,-0.0062,1
LEU,A,179,CA,1429,-22.111,-2.403,-6.831,-0.0518,-0.1217,1
LEU,A,179,C,1430,-22.463,-3.847,-7.137,0.5973,-0.2645,1
LEU,A,179,O,1431,-21.576,-4.648,-7.423,-0.5679,0.4881,1
LEU,A,179,CB,1432,-21.76,-2.276,-5.343,-0.1102,0.2169,1
LEU,A,179,CG,1433,-21.149,-0.936,-4.915,0.3531,1.5299,1
LEU,A,179,CD1,1434,-21.082,-0.87,-3.395,-0.4121,-0.9227,1
LEU,A,179,CD2,1435,-19.765,-0.791,-5.53,-0.4121,-0.9227,1
