,B46_01,B15_17,B55_02,B07_03,B15_08,B35_03,B15_16,B38_01,B54_01,B15_12,B42_01,B39_01,B57_01,B15_13,B73_01,B27_06,B44_02,B14_02,B27_03,B45_01,B27_02,B27_05,B15_09,B51_01,B35_01,B27_04,B48_01,B40_06,B52_01,B39_09,B58_02,B51_02,B58_01,B15_01,B07_02,B27_07,B15_18,B57_02,B55_01,B15_03,B67_01,B40_02,B15_10,B15_02,B07_05,B08_01,B78_01,B44_03,B18_01,B27_09,B08_02,B51_03,B39_02,B56_01,B53_01,B37_01,B40_01
B46_01,0.0,0.0,0.0,0.0,0.0,0.0,0.0,0.0,0.0,0.0,0.0,0.0,0.0,0.0,0.0,0.0,0.0,0.0,0.0,0.0,0.0,0.0,0.0,0.0,0.0,0.0,0.0,0.0,0.0,0.0,0.0,0.0,0.0,0.0,0.0,0.0,0.0,0.0,0.0,0.0,0.0,0.0,0.0,0.0,0.0,0.0,0.0,0.0,0.0,0.0,0.0,0.0,0.0,0.0,0.0,0.0,0.0
B15_17,0.5983346816240451,0.0,0.0,0.0,0.0,0.0,0.0,0.0,0.0,0.0,0.0,0.0,0.0,0.0,0.0,0.0,0.0,0.0,0.0,0.0,0.0,0.0,0.0,0.0,0.0,0.0,0.0,0.0,0.0,0.0,0.0,0.0,0.0,0.0,0.0,0.0,0.0,0.0,0.0,0.0,0.0,0.0,0.0,0.0,0.0,0.0,0.0,0.0,0.0,0.0,0.0,0.0,0.0,0.0,0.0,0.0,0.0
B55_02,0.6532612192210386,0.7448059797116626,0.0,0.0,0.0,0.0,0.0,0.0,0.0,0.0,0.0,0.0,0.0,0.0,0.0,0.0,0.0,0.0,0.0,0.0,0.0,0.0,0.0,0.0,0.0,0.0,0.0,0.0,0.0,0.0,0.0,0.0,0.0,0.0,0.0,0.0,0.0,0.0,0.0,0.0,0.0,0.0,0.0,0.0,0.0,0.0,0.0,0.0,0.0,0.0,0.0,0.0,0.0,0.0,0.0,0.0,0.0
B07_03,0.5993697316925835,0.7239726632251597,0.5557284406886389,0.0,0.0,0.0,0.0,0.0,0.0,0.0,0.0,0.0,0.0,0.0,0.0,0.0,0.0,0.0,0.0,0.0,0.0,0.0,0.0,0.0,0.0,0.0,0.0,0.0,0.0,0.0,0.0,0.0,0.0,0.0,0.0,0.0,0.0,0.0,0.0,0.0,0.0,0.0,0.0,0.0,0.0,0.0,0.0,0.0,0.0,0.0,0.0,0.0,0.0,0.0,0.0,0.0,0.0
B15_08,0.45946658647707406,0.5616009248582209,0.6628472870935478,0.5798827841305637,0.0,0.0,0.0,0.0,0.0,0.0,0.0,0.0,0.0,0.0,0.0,0.0,0.0,0.0,0.0,0.0,0.0,0.0,0.0,0.0,0.0,0.0,0.0,0.0,0.0,0.0,0.0,0.0,0.0,0.0,0.0,0.0,0.0,0.0,0.0,0.0,0.0,0.0,0.0,0.0,0.0,0.0,0.0,0.0,0.0,0.0,0.0,0.0,0.0,0.0,0.0,0.0,0.0
B35_03,0.7135999297295942,0.6490454490699404,0.5001869164831011,0.6283846601346026,0.5489153370199863,0.0,0.0,0.0,0.0,0.0,0.0,0.0,0.0,0.0,0.0,0.0,0.0,0.0,0.0,0.0,0.0,0.0,0.0,0.0,0.0,0.0,0.0,0.0,0.0,0.0,0.0,0.0,0.0,0.0,0.0,0.0,0.0,0.0,0.0,0.0,0.0,0.0,0.0,0.0,0.0,0.0,0.0,0.0,0.0,0.0,0.0,0.0,0.0,0.0,0.0,0.0,0.0
B15_16,0.5549846610641772,0.2892924396763916,0.7219711394172382,0.691544505532007,0.5175580915900986,0.636856998658544,0.0,0.0,0.0,0.0,0.0,0.0,0.0,0.0,0.0,0.0,0.0,0.0,0.0,0.0,0.0,0.0,0.0,0.0,0.0,0.0,0.0,0.0,0.0,0.0,0.0,0.0,0.0,0.0,0.0,0.0,0.0,0.0,0.0,0.0,0.0,0.0,0.0,0.0,0.0,0.0,0.0,0.0,0.0,0.0,0.0,0.0,0.0,0.0,0.0,0.0,0.0
B38_01,0.9266175165146457,0.7943552197862596,0.6982301938640827,0.7761072716278182,0.8290518398692867,0.6093007684714778,0.7886084875450378,0.0,0.0,0.0,0.0,0.0,0.0,0.0,0.0,0.0,0.0,0.0,0.0,0.0,0.0,0.0,0.0,0.0,0.0,0.0,0.0,0.0,0.0,0.0,0.0,0.0,0.0,0.0,0.0,0.0,0.0,0.0,0.0,0.0,0.0,0.0,0.0,0.0,0.0,0.0,0.0,0.0,0.0,0.0,0.0,0.0,0.0,0.0,0.0,0.0,0.0
B54_01,0.6700184300277262,0.7652440502676323,0.24448352332021112,0.5959688157465405,0.6759698050821095,0.5092621587735965,0.735626530382199,0.7318759928018658,0.0,0.0,0.0,0.0,0.0,0.0,0.0,0.0,0.0,0.0,0.0,0.0,0.0,0.0,0.0,0.0,0.0,0.0,0.0,0.0,0.0,0.0,0.0,0.0,0.0,0.0,0.0,0.0,0.0,0.0,0.0,0.0,0.0,0.0,0.0,0.0,0.0,0.0,0.0,0.0,0.0,0.0,0.0,0.0,0.0,0.0,0.0,0.0,0.0
B15_12,0.608323763450369,0.6561830055254968,0.795474762214877,0.7025752935082847,0.538513562884813,0.7334080431559827,0.6189517941293649,0.8208886297044784,0.8029725189859219,0.0,0.0,0.0,0.0,0.0,0.0,0.0,0.0,0.0,0.0,0.0,0.0,0.0,0.0,0.0,0.0,0.0,0.0,0.0,0.0,0.0,0.0,0.0,0.0,0.0,0.0,0.0,0.0,0.0,0.0,0.0,0.0,0.0,0.0,0.0,0.0,0.0,0.0,0.0,0.0,0.0,0.0,0.0,0.0,0.0,0.0,0.0,0.0
B42_01,0.6440688602596071,0.78260761992489,0.43149192350618903,0.38093781482438976,0.66510922843533,0.6072959402469048,0.7461743304562494,0.7373368822674351,0.48343080961278145,0.7767233402946538,0.0,0.0,0.0,0.0,0.0,0.0,0.0,0.0,0.0,0.0,0.0,0.0,0.0,0.0,0.0,0.0,0.0,0.0,0.0,0.0,0.0,0.0,0.0,0.0,0.0,0.0,0.0,0.0,0.0,0.0,0.0,0.0,0.0,0.0,0.0,0.0,0.0,0.0,0.0,0.0,0.0,0.0,0.0,0.0,0.0,0.0,0.0
B39_01,0.8448324752641534,0.8609701345136506,0.5963672903031269,0.6570752560310006,0.805952465146034,0.6080757425665103,0.8494946344705344,0.39354895021305547,0.628017119014437,0.7923771224438498,0.6214285380141381,0.0,0.0,0.0,0.0,0.0,0.0,0.0,0.0,0.0,0.0,0.0,0.0,0.0,0.0,0.0,0.0,0.0,0.0,0.0,0.0,0.0,0.0,0.0,0.0,0.0,0.0,0.0,0.0,0.0,0.0,0.0,0.0,0.0,0.0,0.0,0.0,0.0,0.0,0.0,0.0,0.0,0.0,0.0,0.0,0.0,0.0
B57_01,0.6803603739266166,0.530712243665936,0.6608718625293595,0.8000302181381135,0.6378766893180279,0.6386348546438316,0.466648758788234,0.7781982145936407,0.6811597082820597,0.7125720270186857,0.7410878115985717,0.8513804094408618,0.0,0.0,0.0,0.0,0.0,0.0,0.0,0.0,0.0,0.0,0.0,0.0,0.0,0.0,0.0,0.0,0.0,0.0,0.0,0.0,0.0,0.0,0.0,0.0,0.0,0.0,0.0,0.0,0.0,0.0,0.0,0.0,0.0,0.0,0.0,0.0,0.0,0.0,0.0,0.0,0.0,0.0,0.0,0.0,0.0
B15_13,0.6830034636798741,0.5447131712263714,0.7478775688207253,0.6642846723722748,0.54175594770968,0.635480617766497,0.49021638990330035,0.6448569757132109,0.7458607568341927,0.5281036789517867,0.7445726070903299,0.7108570649267836,0.6406461119860823,0.0,0.0,0.0,0.0,0.0,0.0,0.0,0.0,0.0,0.0,0.0,0.0,0.0,0.0,0.0,0.0,0.0,0.0,0.0,0.0,0.0,0.0,0.0,0.0,0.0,0.0,0.0,0.0,0.0,0.0,0.0,0.0,0.0,0.0,0.0,0.0,0.0,0.0,0.0,0.0,0.0,0.0,0.0,0.0
B73_01,0.9044346459281878,0.9588410966994647,0.6608637569907911,0.7845331095925951,0.9287920977215289,0.77153704868053,0.9420599793914107,0.640604175709508,0.6815101931291137,0.9103376231898637,0.7273456116528174,0.5305687087869213,0.9248972095728012,0.8478304174123595,0.0,0.0,0.0,0.0,0.0,0.0,0.0,0.0,0.0,0.0,0.0,0.0,0.0,0.0,0.0,0.0,0.0,0.0,0.0,0.0,0.0,0.0,0.0,0.0,0.0,0.0,0.0,0.0,0.0,0.0,0.0,0.0,0.0,0.0,0.0,0.0,0.0,0.0,0.0,0.0,0.0,0.0,0.0
B27_06,0.78732016113041,0.8138259160903917,0.744425706145576,0.663638456163997,0.8528197641672394,0.820848534063851,0.8069739680873,0.7110281800165865,0.771030197807632,0.7863466996045052,0.7020940222164873,0.599040146938535,0.9058324260114414,0.7551770213448301,0.5668221302635433,0.0,0.0,0.0,0.0,0.0,0.0,0.0,0.0,0.0,0.0,0.0,0.0,0.0,0.0,0.0,0.0,0.0,0.0,0.0,0.0,0.0,0.0,0.0,0.0,0.0,0.0,0.0,0.0,0.0,0.0,0.0,0.0,0.0,0.0,0.0,0.0,0.0,0.0,0.0,0.0,0.0,0.0
B44_02,0.8207241353805743,0.7199181919824135,0.8386477474741626,0.7754072619289677,0.7937287688664879,0.7713497048515872,0.7276427358750144,0.7725733199705151,0.8618090547359799,0.5778461846273344,0.7458895778732184,0.783839913990549,0.7899184470816835,0.6258614936860355,0.8964970512616309,0.7846048370468868,0.0,0.0,0.0,0.0,0.0,0.0,0.0,0.0,0.0,0.0,0.0,0.0,0.0,0.0,0.0,0.0,0.0,0.0,0.0,0.0,0.0,0.0,0.0,0.0,0.0,0.0,0.0,0.0,0.0,0.0,0.0,0.0,0.0,0.0,0.0,0.0,0.0,0.0,0.0,0.0,0.0
B14_02,0.8507344275537557,0.87280947014966,0.6929596217324668,0.6552620486123373,0.80088070307843,0.7104834801945098,0.859445341865109,0.597344714231897,0.7105235679078863,0.7682705165713825,0.6979955013883897,0.471672751134078,0.8972098091528662,0.7207348457765248,0.6516922000095933,0.6584464065458328,0.8422169524909794,0.0,0.0,0.0,0.0,0.0,0.0,0.0,0.0,0.0,0.0,0.0,0.0,0.0,0.0,0.0,0.0,0.0,0.0,0.0,0.0,0.0,0.0,0.0,0.0,0.0,0.0,0.0,0.0,0.0,0.0,0.0,0.0,0.0,0.0,0.0,0.0,0.0,0.0,0.0,0.0
B27_03,0.8537336594201358,0.8359420582008564,0.7899756634707853,0.8288641611230344,0.933471816783195,0.9041455005768859,0.8750461111857215,0.7835247945766983,0.8147843060051714,0.8708064234782873,0.7845987539933612,0.679325319180816,0.9050572748730714,0.8232543836792168,0.6477397420652737,0.470830129333483,0.7619020153828664,0.8282953436035511,0.0,0.0,0.0,0.0,0.0,0.0,0.0,0.0,0.0,0.0,0.0,0.0,0.0,0.0,0.0,0.0,0.0,0.0,0.0,0.0,0.0,0.0,0.0,0.0,0.0,0.0,0.0,0.0,0.0,0.0,0.0,0.0,0.0,0.0,0.0,0.0,0.0,0.0,0.0
B45_01,0.8916802344685313,0.8533767298505799,0.7699337067263735,0.7801619167130814,0.8597348150114914,0.7295741933028919,0.820737671948816,0.7427316595068068,0.787099277823057,0.6446354988414605,0.7358289805401805,0.7109912262898689,0.8666172411456234,0.7404473343812727,0.762075380886489,0.7386755997334679,0.49126437315677296,0.7851918888625589,0.8286052361347097,0.0,0.0,0.0,0.0,0.0,0.0,0.0,0.0,0.0,0.0,0.0,0.0,0.0,0.0,0.0,0.0,0.0,0.0,0.0,0.0,0.0,0.0,0.0,0.0,0.0,0.0,0.0,0.0,0.0,0.0,0.0,0.0,0.0,0.0,0.0,0.0,0.0,0.0
B27_02,0.8581152347782696,0.8079489390559017,0.8020683107215597,0.8415372656792334,0.9426803698743783,0.9089525385830387,0.847053696886037,0.7373780664964781,0.8263931608175307,0.8800923782976913,0.7965521635085816,0.6928626265317918,0.8775474606108519,0.7942747341850029,0.6545881573374512,0.5006482242168016,0.773962801412594,0.839226352384228,0.21981885045702954,0.834267258207165,0.0,0.0,0.0,0.0,0.0,0.0,0.0,0.0,0.0,0.0,0.0,0.0,0.0,0.0,0.0,0.0,0.0,0.0,0.0,0.0,0.0,0.0,0.0,0.0,0.0,0.0,0.0,0.0,0.0,0.0,0.0,0.0,0.0,0.0,0.0,0.0,0.0
B27_05,0.8525487408274707,0.8330145376698371,0.788683412573805,0.8269203084821333,0.9317191067898448,0.9016180682514183,0.8725436040324164,0.7796589336518716,0.8136323829506173,0.8675283602654665,0.7829147468647509,0.6763226510409049,0.903201706241255,0.8189098967779501,0.6493264615236369,0.4727584986407877,0.7565384725045073,0.8244490443495127,0.04070621087399852,0.8264810141928834,0.22058079582318782,0.0,0.0,0.0,0.0,0.0,0.0,0.0,0.0,0.0,0.0,0.0,0.0,0.0,0.0,0.0,0.0,0.0,0.0,0.0,0.0,0.0,0.0,0.0,0.0,0.0,0.0,0.0,0.0,0.0,0.0,0.0,0.0,0.0,0.0,0.0,0.0
B15_09,0.8285947211871005,0.7557744396782677,0.7024159600314294,0.6144210406661049,0.7026349694776594,0.5956173739771411,0.7498772886221956,0.44459215906565486,0.7385428518394492,0.6996445892493219,0.6905060896826781,0.4224962288892675,0.861465277356217,0.5940133553335019,0.6539361599639352,0.5878538016588023,0.7601949335648263,0.48886983200754025,0.7861373859511486,0.7062097516665212,0.793880501369424,0.7833106171068929,0.0,0.0,0.0,0.0,0.0,0.0,0.0,0.0,0.0,0.0,0.0,0.0,0.0,0.0,0.0,0.0,0.0,0.0,0.0,0.0,0.0,0.0,0.0,0.0,0.0,0.0,0.0,0.0,0.0,0.0,0.0,0.0,0.0,0.0,0.0
B51_01,0.7406375567562387,0.5991284418466025,0.6022159760430468,0.6228043024330578,0.6082314634692884,0.5263936089511367,0.5738863571438337,0.6849951013740077,0.5993204488909821,0.7613602480052282,0.6705398468552798,0.7831688154515979,0.6646010714895872,0.609793440538397,0.7926082174114806,0.8063606481117943,0.8352317958706171,0.7246315997510903,0.9447997859032786,0.8360265698928674,0.9094084949897949,0.9432837050970041,0.6690101251483683,0.0,0.0,0.0,0.0,0.0,0.0,0.0,0.0,0.0,0.0,0.0,0.0,0.0,0.0,0.0,0.0,0.0,0.0,0.0,0.0,0.0,0.0,0.0,0.0,0.0,0.0,0.0,0.0,0.0,0.0,0.0,0.0,0.0,0.0
B35_01,0.6032714137119489,0.6091257787772296,0.5476439244323276,0.6256885555801146,0.4189448946702171,0.3451068104241087,0.5532380927554635,0.7024845402483085,0.5546061078611039,0.6389488144417357,0.6076159869041395,0.6773702920986667,0.557305975005562,0.5291638373640086,0.821113128615929,0.8300825911150967,0.718573323331637,0.7774694774981673,0.8371169902948692,0.7776461860032561,0.846803176240744,0.835022466484703,0.661736555805806,0.5945401920094951,0.0,0.0,0.0,0.0,0.0,0.0,0.0,0.0,0.0,0.0,0.0,0.0,0.0,0.0,0.0,0.0,0.0,0.0,0.0,0.0,0.0,0.0,0.0,0.0,0.0,0.0,0.0,0.0,0.0,0.0,0.0,0.0,0.0
B27_04,0.7942422569886305,0.7930503952644422,0.8281041548368206,0.7595820863406306,0.8772760121104975,0.9305023028300085,0.8298193508586137,0.8317702412675613,0.851066669616545,0.8076046181917215,0.7944324275786023,0.7195190740629578,0.9420976362546629,0.7730101769555197,0.6979971137029711,0.36415721641721405,0.7748235152103169,0.7801268525486206,0.3069489930301548,0.8330907991747296,0.36162786681339404,0.30675747419613864,0.7253500658387573,0.9134018052264763,0.857454620473053,0.0,0.0,0.0,0.0,0.0,0.0,0.0,0.0,0.0,0.0,0.0,0.0,0.0,0.0,0.0,0.0,0.0,0.0,0.0,0.0,0.0,0.0,0.0,0.0,0.0,0.0,0.0,0.0,0.0,0.0,0.0,0.0
B48_01,0.821454228613133,0.773126025656995,0.6444649885322422,0.6587021223360153,0.7795935458384222,0.6300784031599693,0.7530800738842157,0.6190042062553981,0.6741698566368419,0.6526620490031654,0.6292121705581379,0.6027642414536817,0.7149648742348491,0.6546278130792189,0.713868284745622,0.6779958642315373,0.6802753566785391,0.6772275027279402,0.7633766727597346,0.6193338661911775,0.7586793223405582,0.7605673337457286,0.5904878159586885,0.7056169834842839,0.6577398235188897,0.7895395169847115,0.0,0.0,0.0,0.0,0.0,0.0,0.0,0.0,0.0,0.0,0.0,0.0,0.0,0.0,0.0,0.0,0.0,0.0,0.0,0.0,0.0,0.0,0.0,0.0,0.0,0.0,0.0,0.0,0.0,0.0,0.0
B40_06,0.8501418285145453,0.7873777466044488,0.6357088100976903,0.7275804343807982,0.813626000843771,0.6466912619684673,0.7698890763424131,0.6769487997924529,0.6577851755986467,0.6991224120834411,0.6941878314729528,0.6446061945631897,0.7554537692650959,0.7019148278440966,0.6282169424936636,0.6396066255632477,0.6903495842941965,0.7392636233405044,0.7239392337724884,0.5058953900283365,0.7296103246491283,0.7223299190186938,0.6381708116955414,0.7069018031451779,0.6994838331095969,0.7586659198528751,0.38653973602875574,0.0,0.0,0.0,0.0,0.0,0.0,0.0,0.0,0.0,0.0,0.0,0.0,0.0,0.0,0.0,0.0,0.0,0.0,0.0,0.0,0.0,0.0,0.0,0.0,0.0,0.0,0.0,0.0,0.0,0.0
B52_01,0.8170327121944997,0.6612453574329635,0.7219279558600288,0.7085022149797545,0.7743672537341999,0.686781517947932,0.6391998453723448,0.6446499763639486,0.7175818806741078,0.6589902474609444,0.7593093026027797,0.7398640660393533,0.7245560923083468,0.5618470784358255,0.7501594228206034,0.7029941666769737,0.7095618386776261,0.6771469943705941,0.8556670499674836,0.692634990032191,0.814680809888196,0.8521915573470257,0.623483225306234,0.443069736009485,0.7388303517148409,0.8186390506100578,0.5177122342831652,0.5321560862473669,0.0,0.0,0.0,0.0,0.0,0.0,0.0,0.0,0.0,0.0,0.0,0.0,0.0,0.0,0.0,0.0,0.0,0.0,0.0,0.0,0.0,0.0,0.0,0.0,0.0,0.0,0.0,0.0,0.0
B39_09,0.8858257893647484,0.906416813809464,0.6433192996687305,0.681610324307094,0.8491762596854744,0.6680877563116655,0.888367748788656,0.4695886001964706,0.6703524396166572,0.8275927675671273,0.6414052401250432,0.2242656326117266,0.8957066341527726,0.7484079803133742,0.5416613007671623,0.6001022491566401,0.8067537401150404,0.5325735419541128,0.682443591514643,0.7225024792146932,0.6956144282817555,0.6815286373795545,0.4862606019150883,0.8221988501709697,0.7238292916174037,0.721153927558642,0.631869041146277,0.665154547049193,0.7739387791939942,0.0,0.0,0.0,0.0,0.0,0.0,0.0,0.0,0.0,0.0,0.0,0.0,0.0,0.0,0.0,0.0,0.0,0.0,0.0,0.0,0.0,0.0,0.0,0.0,0.0,0.0,0.0,0.0
B58_02,0.6960037367978874,0.5380497630776452,0.6685809709475502,0.7747991973947023,0.6394016308579992,0.579669285921659,0.47609170092835723,0.715435605116255,0.6750755924265667,0.7016168519623364,0.729947429244534,0.8063268641388522,0.38537538881740596,0.6112030182312748,0.8905646899419228,0.8659775706222463,0.7611190791847077,0.8388900352769562,0.8802130437570161,0.8264841008593944,0.8495735893202988,0.8745208634420777,0.7951323219195364,0.6109716766513035,0.5254552387978206,0.9200607131944818,0.6535930378966104,0.7096912636158272,0.6411062438681172,0.8580205055267087,0.0,0.0,0.0,0.0,0.0,0.0,0.0,0.0,0.0,0.0,0.0,0.0,0.0,0.0,0.0,0.0,0.0,0.0,0.0,0.0,0.0,0.0,0.0,0.0,0.0,0.0,0.0
B51_02,0.7182541561625224,0.5645637530117167,0.5760105345659553,0.5960110664879412,0.5688406000086312,0.4882098174364333,0.5381450583310496,0.6728859750181031,0.5706267991399988,0.7487186625018974,0.6476571529711388,0.7649563734625611,0.6360222685111949,0.5746240647616473,0.8173093366863173,0.791955254894404,0.8262777968457525,0.7430088618428984,0.9299858885563195,0.8296753711617193,0.9014280397879014,0.9277291578976672,0.6425904681173583,0.2043019994735675,0.5595529492433228,0.8980717983689808,0.691828800803348,0.6857283927237808,0.4904466763986099,0.8095179618952685,0.5701457067361786,0.0,0.0,0.0,0.0,0.0,0.0,0.0,0.0,0.0,0.0,0.0,0.0,0.0,0.0,0.0,0.0,0.0,0.0,0.0,0.0,0.0,0.0,0.0,0.0,0.0,0.0
B58_01,0.622180872235806,0.4501249207985952,0.6583206093246577,0.7386956049008363,0.5851847136691016,0.5276188943342052,0.37585836075188933,0.6944258871876682,0.6691588137451583,0.653917492694134,0.7103923576787803,0.7638124649720633,0.3692227001752513,0.524834983172353,0.8708912912641766,0.8186652058315654,0.6798863674517226,0.8588241414514844,0.8069094205490583,0.7820883370375276,0.7766332473987848,0.8041322395202726,0.7514476531566551,0.6190972542339241,0.41023439318964183,0.8447624331184733,0.6600149398046813,0.7012726100845494,0.6506214314003878,0.8090984435427016,0.3185625885753152,0.5869607791144598,0.0,0.0,0.0,0.0,0.0,0.0,0.0,0.0,0.0,0.0,0.0,0.0,0.0,0.0,0.0,0.0,0.0,0.0,0.0,0.0,0.0,0.0,0.0,0.0,0.0
B15_01,0.5232693985493413,0.5811574327645531,0.7413269113086592,0.6353211403980277,0.44305699381678826,0.6688432830438678,0.5383718926398513,0.7741239698891549,0.7505146750796341,0.3025006191585686,0.7222456222633018,0.7407952641208005,0.6589126908065766,0.4378820518129812,0.8733802755466146,0.7276467847937488,0.6259662362864927,0.733151291814955,0.8179591834343297,0.6881947915620641,0.8278295245549869,0.8143610576769786,0.6338744890932982,0.7140779844968024,0.5640036192888923,0.7507775989231698,0.581101295844918,0.6325863811035582,0.6046189928484098,0.7809047753557464,0.6311937095610711,0.6852702547321328,0.5786636487808305,0.0,0.0,0.0,0.0,0.0,0.0,0.0,0.0,0.0,0.0,0.0,0.0,0.0,0.0,0.0,0.0,0.0,0.0,0.0,0.0,0.0,0.0,0.0,0.0
B07_02,0.5694082027234629,0.7220243193431412,0.526456932810998,0.16486082828512008,0.5925831652506732,0.636460472296428,0.6915968559400756,0.7878805421726063,0.5709103523039076,0.7201784940723456,0.3468661030096046,0.6757490418306292,0.8032718125414785,0.6857655320075732,0.7771148661477058,0.6547232485446882,0.7928904262800989,0.6756298599574019,0.8150126576604351,0.793464997405445,0.8281034701927621,0.81337156297597,0.6303839506337509,0.6321381565066896,0.6363293499636176,0.7450632966939347,0.6809265288899565,0.7424600650554725,0.7256642430891755,0.7014066373981903,0.7785064457189633,0.6055136171508265,0.7405522412502956,0.6541532753395627,0.0,0.0,0.0,0.0,0.0,0.0,0.0,0.0,0.0,0.0,0.0,0.0,0.0,0.0,0.0,0.0,0.0,0.0,0.0,0.0,0.0,0.0,0.0
B27_07,0.8519280613547836,0.8678631973319387,0.6910812086511177,0.7455891055886097,0.9143177146550359,0.8093694897745528,0.8612308723651697,0.6596287584750428,0.7184300893478802,0.8525177575539693,0.6760510287534607,0.569102259428874,0.8493777595192418,0.8141383170801358,0.5185247743229812,0.40437562357505447,0.8071381361977115,0.713156825373663,0.4041962630325688,0.7450441408150841,0.44854620005084395,0.4054878090597171,0.6773122126222361,0.838281013258656,0.8177322479192008,0.5111846051459881,0.6055932203040555,0.5866492126666019,0.7383004714872883,0.5791256119081181,0.7997189943962044,0.82060990690578,0.7823713953571888,0.7981766624745721,0.7289300417745666,0.0,0.0,0.0,0.0,0.0,0.0,0.0,0.0,0.0,0.0,0.0,0.0,0.0,0.0,0.0,0.0,0.0,0.0,0.0,0.0,0.0,0.0
B15_18,0.7409089907310207,0.7325508185727807,0.7476043805141158,0.6346524904319857,0.6119230129466039,0.6863772578288326,0.6899044461211249,0.5823808503118268,0.7728089115728267,0.5985156842316437,0.7152427504564066,0.5344460595973044,0.8035199156702245,0.4843969020937654,0.7203752874806066,0.6173404238306983,0.7062860182163345,0.5734027210818176,0.7194111042830097,0.7548834818008024,0.7321389109806651,0.7167928396715105,0.3653210104792774,0.7473318411846669,0.5790275455550089,0.6420825228361848,0.6339039496651059,0.7112630216083641,0.7021291477527886,0.5731258435811171,0.7546242525515412,0.7213169906884004,0.6850749226866741,0.5220277212812645,0.6541016702173724,0.704993162656794,0.0,0.0,0.0,0.0,0.0,0.0,0.0,0.0,0.0,0.0,0.0,0.0,0.0,0.0,0.0,0.0,0.0,0.0,0.0,0.0,0.0
B57_02,0.7546188586116422,0.540393698819057,0.6808291553695772,0.7374207455968852,0.7013054483963758,0.5788965554956887,0.5391475207342747,0.73564176869492,0.7036936901621391,0.784833561507829,0.7156696012947058,0.834044243185435,0.4556534380573364,0.7129213880982801,0.9094157593811327,0.8847547935338045,0.8108892185872091,0.8778054088877105,0.9718340465855821,0.8116362372439754,0.9413507091680693,0.9691125658903519,0.785686951834076,0.5838900612380734,0.6701177723502235,0.9966802625392073,0.7045387428940951,0.7127072590068365,0.6530352227464772,0.8808623576971408,0.5078054355560291,0.5497905069648665,0.5224309511524847,0.7223462392003629,0.7375792999946746,0.8481381428924718,0.8694216784410695,0.0,0.0,0.0,0.0,0.0,0.0,0.0,0.0,0.0,0.0,0.0,0.0,0.0,0.0,0.0,0.0,0.0,0.0,0.0,0.0
B55_01,0.5845878159117744,0.711974895874285,0.30151542658449587,0.4632243310086694,0.5963261300123488,0.5759894685167188,0.6768707213630185,0.7558191356879312,0.3583738328634585,0.7419035046636189,0.47479390201518945,0.6492912532129238,0.7197246901095151,0.7092158375558377,0.7050648731169739,0.6934814759370553,0.8599390742275049,0.6514151193953228,0.8338795794633219,0.7938472163781903,0.8463212542289432,0.8331117569897217,0.6666620390904054,0.5532532210307666,0.6100269391287455,0.7912383654087345,0.7006155246232596,0.6936291899172442,0.6822829116413659,0.6885510737521352,0.7287573398138204,0.5261290779935502,0.7143768542472214,0.6833698975694951,0.44327532188317875,0.7465941128927446,0.7071639064099473,0.7283354706613788,0.0,0.0,0.0,0.0,0.0,0.0,0.0,0.0,0.0,0.0,0.0,0.0,0.0,0.0,0.0,0.0,0.0,0.0,0.0
B15_03,0.6847912133430397,0.662549216548303,0.759148789501802,0.6450722825812685,0.6375678686998925,0.6941746859606329,0.6108056075860956,0.710396335720498,0.7861128664457802,0.4705033022459532,0.7305310914856146,0.6697616820032093,0.7352493870558267,0.44211110650383245,0.8287165304623155,0.663387959398743,0.5832744046410268,0.6777163696380011,0.75982965007411,0.6319267982793791,0.7686570294576722,0.7559933455680685,0.5483502893888574,0.7594380522502374,0.5909817570277481,0.684465840248487,0.48698581506399113,0.5830032060493661,0.5862213344090712,0.7033129740481432,0.6872545373413785,0.7362917978870013,0.6028990513525903,0.36397209282873827,0.6681051482984346,0.7466755522539023,0.41228477469074193,0.8095151406606271,0.7199171481884172,0.0,0.0,0.0,0.0,0.0,0.0,0.0,0.0,0.0,0.0,0.0,0.0,0.0,0.0,0.0,0.0,0.0,0.0
B67_01,0.6544239571734256,0.7332600922131012,0.35627203169305643,0.5415896611850671,0.6744055894272727,0.4375547167834489,0.7203486205109348,0.5900833106755533,0.42062890715888046,0.7889834537626632,0.439594018747753,0.46322388773041556,0.7247269334940675,0.7191637560964104,0.6793813460546584,0.7211776986848215,0.7947298998210204,0.63639449613286,0.7863417077382701,0.7334550806139248,0.7966878978559375,0.7845045847299288,0.6140339363569973,0.6597594118344503,0.5360435883841173,0.8224754553180034,0.6434734978913416,0.6650883641112736,0.7552675005341737,0.5326071074440385,0.7040349174224695,0.636844256810892,0.6474731101047309,0.7338786036670304,0.5092372850722416,0.6899525529348515,0.7014601840741913,0.6975538426735665,0.4520286412856401,0.7081062304066256,0.0,0.0,0.0,0.0,0.0,0.0,0.0,0.0,0.0,0.0,0.0,0.0,0.0,0.0,0.0,0.0,0.0
B40_02,0.8329639156848335,0.786726780220374,0.660129648145901,0.6925903061006922,0.798869870082736,0.6599882171158111,0.7730440577544997,0.6818377170552521,0.6857313441181448,0.6802266746202027,0.657418657220791,0.6434102928917427,0.737861133500293,0.6833296439056558,0.6628921944833251,0.6233001965246875,0.6822050782920582,0.7405317084968278,0.7001294794234172,0.5343089844440269,0.7046564093567902,0.6988880139113713,0.6476437711864395,0.741839173792615,0.6835790198510355,0.732861258008186,0.30674430181415896,0.2323970753730441,0.576227419709035,0.6580630371170686,0.6952941368018158,0.7226830081528298,0.6836433356499149,0.6113923024003755,0.7109319805696992,0.5379606514656774,0.6896191402352037,0.7301413837462983,0.7174968544462628,0.5545965525848631,0.6690579143433902,0.0,0.0,0.0,0.0,0.0,0.0,0.0,0.0,0.0,0.0,0.0,0.0,0.0,0.0,0.0,0.0
B15_10,0.8320141032610906,0.7653619638208194,0.7063604463730164,0.6264241023578746,0.7089726927852532,0.6087314355791161,0.7562372155843868,0.4366952158982208,0.7420394605193911,0.6907976630918923,0.6889197981986577,0.4265239725827957,0.8454737911621137,0.6056342468313312,0.674037593871569,0.6011043086692989,0.7479180748425256,0.47410158691663445,0.7994560089502775,0.7075112901249764,0.8068479068232121,0.7965319376849322,0.1688029272594106,0.6844917046042475,0.6737987680181837,0.7391333115229681,0.6135773777198603,0.6612213346608562,0.6412387173757842,0.4926043150968426,0.8020325318905968,0.6639202476393008,0.7606513100270038,0.639897601430327,0.6407506239129978,0.6975854767132807,0.3850351818639003,0.8004418263659347,0.6697048211658461,0.5613196651794452,0.6156192011066763,0.6699442913775032,0.0,0.0,0.0,0.0,0.0,0.0,0.0,0.0,0.0,0.0,0.0,0.0,0.0,0.0,0.0
B15_02,0.6461411273472748,0.6127844239922767,0.7044174498284408,0.6110434914513014,0.47802425501414986,0.5874342390875047,0.5574876193312011,0.7063724870677744,0.7054872373329952,0.46456891349976964,0.7011010304037398,0.66825423881,0.6856711000669768,0.26902664225521067,0.82520063144082,0.7405696241473863,0.6390572824437323,0.6809882098690276,0.8270380174080498,0.6999174714357159,0.8377069278330259,0.8240381940303155,0.541022629548164,0.671129695782804,0.4608977804547998,0.7591607262135924,0.6070956262994754,0.6575817097349568,0.6297925502574244,0.7043143650365496,0.6749323030286571,0.639874148275019,0.5820110102407291,0.35952900022627887,0.6344245052580955,0.818573948381724,0.41199820661622527,0.7642365298238241,0.6624703815211314,0.35740306797064664,0.6767697757028833,0.6356164300020769,0.555886927221047,0.0,0.0,0.0,0.0,0.0,0.0,0.0,0.0,0.0,0.0,0.0,0.0,0.0,0.0
B07_05,0.5677235514577612,0.7251008266894259,0.5186875939986749,0.2606724300762698,0.5890267920067812,0.6455618014480787,0.696946917707241,0.7864235666037281,0.5620059404791666,0.7178417627747086,0.3582572006756643,0.6772608776033965,0.8001957059942977,0.6939288515919533,0.7743747426589193,0.6627906048236911,0.8107184681091005,0.6735322110025064,0.821696402078764,0.8024836515798798,0.8338714750176925,0.8202027863395466,0.6355792555241782,0.6211901317469737,0.6438130924361752,0.753657457453595,0.6734868549817838,0.738578263714893,0.7182915106484027,0.7044687131931126,0.7732638149098946,0.5921161343107022,0.7458593626879456,0.652059600836024,0.20228236855087248,0.7233019532634032,0.6631225128136078,0.7266896248929723,0.4162641183233463,0.6786964829655934,0.5097556466163042,0.7042534171393495,0.6555767584666645,0.6455923774989251,0.0,0.0,0.0,0.0,0.0,0.0,0.0,0.0,0.0,0.0,0.0,0.0,0.0
B08_01,0.7912602577661558,0.8855107682241992,0.6236004624116744,0.5013077179192253,0.7669475682731579,0.7290021860415412,0.8538183799557814,0.8215009977798103,0.6522640308442339,0.8505559385545727,0.4051956137918933,0.6791952330428771,0.8556536872615825,0.8160987442744264,0.7445343079179392,0.7039538278782259,0.8081269678966742,0.7672655757765386,0.7813390921426712,0.7545803225596824,0.7955168587394321,0.7816485513867807,0.7749603408294884,0.7746986141339564,0.7156601438355863,0.7909166470317626,0.6951606737988698,0.7174374971847788,0.8368460505285111,0.6645170578423005,0.8472211477860186,0.7595362392531774,0.8190936148314077,0.803496559447648,0.5389033218435338,0.6907721714172704,0.7811433869309982,0.8461280898633369,0.6396266523611926,0.790817442239264,0.6299725662951674,0.662284802053387,0.775367177836832,0.7749605703105648,0.546275945353448,0.0,0.0,0.0,0.0,0.0,0.0,0.0,0.0,0.0,0.0,0.0,0.0
B78_01,0.6626746463173162,0.7084861209608971,0.476754759834663,0.4903930608246031,0.6004176754658985,0.5497054934569,0.6822940600127108,0.7743708384778253,0.46511717197657076,0.7373682576580411,0.537539938420714,0.6738280899529653,0.7396739075691605,0.6996082563759011,0.7202058526400111,0.7317314135896033,0.8514485746129442,0.6046269718415135,0.8787701596642833,0.8125568418962341,0.8924074088760954,0.8776059709654015,0.6678815856215273,0.4175893939182189,0.5901744556530754,0.8320600982009576,0.7170665581700315,0.6992713102609284,0.6018172040666535,0.7131316471802531,0.7314608537834183,0.4557177955124765,0.7189926051703053,0.7018413638638115,0.5088722064518713,0.7868778688087219,0.7287603532090989,0.7221736989180244,0.3952130499350093,0.7446035895775736,0.5470323145694305,0.7281387623681739,0.6564286854266274,0.654055902856356,0.5044425522374849,0.6197996731844022,0.0,0.0,0.0,0.0,0.0,0.0,0.0,0.0,0.0,0.0,0.0
B44_03,0.8053946004948124,0.6709591783431165,0.768669733716927,0.7913049956453692,0.7775134885727427,0.6975581611361286,0.6898980032382701,0.6990129950674326,0.7949079268819251,0.5598465116990596,0.7805441391876564,0.7150867459110174,0.7194547982497063,0.5890427460319936,0.8329896342542618,0.7507980475429508,0.2882263711362431,0.7984313135363825,0.696911057949533,0.5400838491015827,0.7092741797969301,0.6931798956306862,0.714376391932324,0.78929489855674,0.6479654274020054,0.7399482426781642,0.5948450685596948,0.605350467452088,0.6593226442987102,0.7490655933266376,0.6942849624402336,0.7809575603523148,0.6051913679082833,0.60765797232284,0.8067667983188672,0.7423378394539766,0.6726452681793473,0.7850024884141826,0.813880197250365,0.5405185899439371,0.7224745934386997,0.5988609376813644,0.7054262473936644,0.600365483671554,0.81802871071987,0.8461346703776945,0.8105371888402635,0.0,0.0,0.0,0.0,0.0,0.0,0.0,0.0,0.0,0.0
B18_01,0.8571031306108671,0.8388470141480839,0.7582959258148356,0.7757937570607404,0.7501718187425968,0.6851308949816975,0.8003572302120056,0.680138987845418,0.7481565400650498,0.6512325724577154,0.7534961075125255,0.6349695833855973,0.7969622363229742,0.5567974085522511,0.7026523026805914,0.7624135973515609,0.6730158556768626,0.7197399953118969,0.7520575994225833,0.6312471037168054,0.7605860149772046,0.7498439363154682,0.6629719394110736,0.7932146031106422,0.5826855755612234,0.7745300515810211,0.5981301641386396,0.5836740570839629,0.688555468013336,0.650615634057383,0.7568687864011876,0.8124848125476892,0.6747453577520705,0.6094545645959374,0.7939217328033935,0.7405602754672556,0.5662106718871813,0.9035396242098483,0.8045400565821734,0.5169987105348645,0.7072497018624551,0.5537273549421441,0.6497070145085813,0.4950241078986119,0.8028010366960175,0.7521147279060781,0.7471865061141861,0.603964955969211,0.0,0.0,0.0,0.0,0.0,0.0,0.0,0.0,0.0
B27_09,0.8523201946394756,0.8365700712556045,0.7521921784819242,0.8109609394354139,0.9261495612377848,0.8592170312879136,0.86958189403627,0.7272601657532548,0.7779226887540298,0.862811967251087,0.7650855369386588,0.6293300895206164,0.9013224859415072,0.8204614819015347,0.5951342788268805,0.4428973046821663,0.7882273659136873,0.7932804074384322,0.24640115645430502,0.7827969074671933,0.3195037666073094,0.2442000438133719,0.7351999564914464,0.9052237355139677,0.8325971210524644,0.3903212837008111,0.727619056379217,0.6685221886137407,0.8108032621120096,0.6367563338651571,0.8690430358726067,0.8896465905273132,0.8000070995664508,0.8093953564712343,0.7942636637967448,0.3526800092817989,0.7161559660695866,0.9248345009505531,0.8005669819959117,0.7570220733393481,0.7391952411256124,0.6594285725856905,0.7518383119501717,0.8260195892081922,0.7979262249590088,0.7733944155522922,0.8475167149744254,0.7221862137515707,0.7462150975805838,0.0,0.0,0.0,0.0,0.0,0.0,0.0,0.0
B08_02,0.8156450178758178,0.8708924428646677,0.6599534102001249,0.5452738355203182,0.8019874526180023,0.7610911098502823,0.8425493754139901,0.7950866660839051,0.6866234407350055,0.8800275106397938,0.45789063479985415,0.7105670378033103,0.8496354465889836,0.8024894666122766,0.7609684846060334,0.704316364264263,0.7898561892804381,0.7954439526613681,0.7643076714628145,0.7833929258264716,0.7696932009494649,0.7636836625414748,0.8048933335476486,0.7458147515165714,0.75346280285072,0.7906074720227766,0.7193298426581591,0.7470051262989246,0.8093064232942303,0.697266660370938,0.8351750434591775,0.7402322695174213,0.8114488908963045,0.8349075605204394,0.5807877668262269,0.6724969068870021,0.8148495623419575,0.8308716941972514,0.6765362726111661,0.8223151153474721,0.6619087878954623,0.6961237570883901,0.8042232902212658,0.8082456390203736,0.586713120224701,0.21861446026330753,0.6531028807117282,0.8295589228545486,0.7820052015661365,0.7547379995851309,0.0,0.0,0.0,0.0,0.0,0.0,0.0
B51_03,0.8172303638746867,0.6891007250718473,0.6832483560944963,0.7065262544680015,0.6959561614971126,0.6241218117755053,0.6663090335161894,0.7510579618090384,0.67976117848474,0.7160417574135943,0.74353317242451,0.8436416282301484,0.7338810357763632,0.6917547836050548,0.8435548340720793,0.8711644816941546,0.813655099180447,0.7711664082636538,1.0,0.814450357677707,0.9667050112939628,0.9984619600317913,0.7438710766081575,0.3039418349970109,0.6818247685236796,0.9697201561539953,0.7797091139856319,0.7817290027837633,0.5354590256929788,0.8782344332535555,0.6986169382412429,0.3922078328469958,0.7058034261268146,0.7905876018949782,0.7149813842323266,0.9015948613725216,0.8135657764617918,0.6765194997253834,0.640897712015914,0.8282238106440081,0.7359374017492053,0.8144688026894235,0.7452489016283472,0.7460756204921848,0.7054432489193644,0.8370156588223026,0.49699512675622537,0.7674099302602515,0.8378353783403709,0.9631712742836038,0.8103445163308558,0.0,0.0,0.0,0.0,0.0,0.0
B39_02,0.7928561649132867,0.7961306869398617,0.608366394150259,0.6658071048418851,0.8225828028775465,0.6204397599004617,0.7845137634555521,0.5725271008660889,0.6389402139223339,0.6935148807701793,0.6337512314935493,0.41863675043466225,0.7841392656701754,0.6827073789743862,0.6719945580005509,0.6375511265149293,0.6729718898616134,0.5832410652050412,0.7135965203630648,0.5788349948981623,0.7231923689225402,0.7103635334803291,0.5967712401230929,0.7874064837371126,0.6900114568340885,0.7504185949585175,0.43170041528646386,0.49201894309434624,0.6267397230224548,0.4666483620563434,0.7424146427799686,0.7726137603029148,0.6948165975602059,0.6347098636131051,0.6880371320690595,0.6110162748882599,0.6668048354935664,0.7685711585538288,0.6601208801861075,0.5283998060286844,0.4803886910314721,0.48903066365624714,0.5936714046181574,0.6396735261252335,0.689480846616334,0.6849604555463292,0.6845487906406689,0.590658137405273,0.594313415956962,0.6654162293859145,0.7121278944598424,0.8488217708954239,0.0,0.0,0.0,0.0,0.0
B56_01,0.6466816124756013,0.7478328056671836,0.14798140780270244,0.5455783338858574,0.6629907160165749,0.5014437821040567,0.7175275877294475,0.7148048523338569,0.24251415051627587,0.7999931002542552,0.4417614007961262,0.6007402521288737,0.6813625977813839,0.7468941955462072,0.6458155644144818,0.7336500264239139,0.8442396614069808,0.7038818582335845,0.7820544785721688,0.7681200260274684,0.7955395456672623,0.7811742634891384,0.7016109490264318,0.5999588456141025,0.5480307370251073,0.8204451282288019,0.6428450848630861,0.6294097396842876,0.7186957295322475,0.6462452879580743,0.6684716283848019,0.5687806313667434,0.6581128383722741,0.7408807038311687,0.5176854558823615,0.6802750476994808,0.7445159019248729,0.6842200377519789,0.2993211459269929,0.7579665076349613,0.36957641036023564,0.6591960369326285,0.7238841382658563,0.7037060746872624,0.5072919466627752,0.6242243266070119,0.48723323106140115,0.775322203849308,0.7728550241558297,0.7432704148661698,0.6630450950645714,0.6859803432072367,0.6165501723429816,0.0,0.0,0.0,0.0
B53_01,0.6618900545946375,0.569208131546566,0.606003593058914,0.6990488111040704,0.5241226242709714,0.4592648745140592,0.5139453055534916,0.6262245101874905,0.6088451812027644,0.6970457343241776,0.6592536490324156,0.7236268319882879,0.4870800912046801,0.492882061586815,0.8567267279051066,0.8610045764474965,0.7155476158099751,0.8118401481371447,0.8500104440010252,0.8202977162930574,0.8116947449066148,0.8467892039073471,0.7311013343388226,0.533815079566143,0.3203423379233698,0.8869172876469565,0.7135203923873975,0.761403555016898,0.6911205233682121,0.7693587187862313,0.472829461110712,0.516009481002319,0.36715478962788634,0.6442506966187369,0.7086946550032074,0.8304900485932842,0.6620524809883289,0.6314356947704909,0.6646603965640308,0.6715077106292313,0.5915374922119898,0.7460658398439242,0.7113252406514053,0.5645825540062142,0.714629916256234,0.7628223573573792,0.6305832074955402,0.6461573322351364,0.6324856487163716,0.843766667877702,0.7378666546518189,0.6147661534587815,0.7277293106837522,0.628661342333984,0.0,0.0,0.0
B37_01,0.9299037934546805,0.8583856633242714,0.8279876900889088,0.7882348552237635,0.9043855300653005,0.7539642399243938,0.8403637132593024,0.6775675706219733,0.8263860074480852,0.7725310358569676,0.7343531091728472,0.7003611515709377,0.8767794764123409,0.7144264073729254,0.7661929013213093,0.6976285249371552,0.6164257854153063,0.8025317015122428,0.7721932744142008,0.5039140004272342,0.7774329612770877,0.7693457258977101,0.7157338357377002,0.8188815599504082,0.8067485045917204,0.7991094770757421,0.609694992743488,0.5696157979710946,0.6454647779788443,0.6588402326805909,0.8141585579502784,0.8157245898714625,0.7659934664337701,0.7236263943144,0.8035772907550329,0.6785210735561003,0.7710505875107965,0.813780697285031,0.8530256559352904,0.6569778240277271,0.7571473495844164,0.5592168431987962,0.7138525179685395,0.7251140605950841,0.8126003543994607,0.7180406793153856,0.8379016629448719,0.6659251330200417,0.6064204999219672,0.728241550707055,0.682191878352134,0.8773270094309226,0.5724505014626994,0.8394578729383587,0.7860508708050536,0.0,0.0
B40_01,0.8263392180875004,0.7481153444354292,0.6878794877278824,0.735284794255172,0.7928792995886657,0.5888870769850272,0.744878264628878,0.6225751101752315,0.7149779803933668,0.674317470777647,0.7185850759249791,0.5919429736944773,0.7764204160186627,0.6524353464014868,0.6831944222679421,0.6370859763745803,0.6388814141269803,0.7168583516028278,0.7273974840664478,0.4569028865211787,0.733035329044238,0.7250722938030456,0.574524723266416,0.7508716057396119,0.6583464671385277,0.7556591043107076,0.42874769850328287,0.2818722446276877,0.5924903346254375,0.6265389110118301,0.7156964594784864,0.7294427181206793,0.6612521236970546,0.605259568199659,0.7452617761370784,0.6102919724861617,0.6711057827697732,0.7160785671957985,0.7433784066091366,0.5252466167262434,0.607205339259844,0.3059116591751287,0.5966916172215708,0.6055581654889747,0.7482393499113509,0.7530213859210201,0.7472240027592459,0.5457975300814809,0.5361746579716719,0.666719986319063,0.781104470965354,0.8220128537685758,0.42193669829033037,0.6863476755468249,0.7233319332735767,0.5208920279233367,0.0
