,A01_01,A02_01,A02_02,A02_03,A02_04,A02_05,A02_06,A02_07,A02_14,A02_17,A03_01,A11_01,A23_01,A24_02,A26_01,A26_02,A26_03,A29_02,A30_01,A30_02,A30_03,A30_04,A31_01,A32_01,A33_01,A33_03,A66_01,A68_01,A68_02,A69_01,A74_01,B07_02,B07_03,B07_05,B08_01,B08_02,B14_02,B15_01,B15_02,B15_03,B15_08,B15_09,B15_10,B15_12,B15_13,B15_16,B15_17,B15_18,B18_01,B27_02,B27_03,B27_04,B27_05,B27_06,B27_07,B27_09,B35_01,B35_03,B37_01,B38_01,B39_01,B39_02,B39_09,B40_01,B40_02,B40_06,B42_01,B44_02,B44_03,B45_01,B46_01,B48_01,B51_01,B51_02,B51_03,B52_01,B53_01,B54_01,B55_01,B55_02,B56_01,B57_01,B57_02,B58_01,B58_02,B67_01,B73_01,B78_01,C01_02,C02_02,C03_02,C03_07,C03_15,C04_01,C05_01,C06_02,C07_02,C07_07,C08_01,C08_02,C12_02,C12_04,C12_05,C14_02,C15_02,C16_01,C16_02,C16_04,C17_01,C18_01
A01_01,0.0,0.0,0.0,0.0,0.0,0.0,0.0,0.0,0.0,0.0,0.0,0.0,0.0,0.0,0.0,0.0,0.0,0.0,0.0,0.0,0.0,0.0,0.0,0.0,0.0,0.0,0.0,0.0,0.0,0.0,0.0,0.0,0.0,0.0,0.0,0.0,0.0,0.0,0.0,0.0,0.0,0.0,0.0,0.0,0.0,0.0,0.0,0.0,0.0,0.0,0.0,0.0,0.0,0.0,0.0,0.0,0.0,0.0,0.0,0.0,0.0,0.0,0.0,0.0,0.0,0.0,0.0,0.0,0.0,0.0,0.0,0.0,0.0,0.0,0.0,0.0,0.0,0.0,0.0,0.0,0.0,0.0,0.0,0.0,0.0,0.0,0.0,0.0,0.0,0.0,0.0,0.0,0.0,0.0,0.0,0.0,0.0,0.0,0.0,0.0,0.0,0.0,0.0,0.0,0.0,0.0,0.0,0.0,0.0,0.0
A02_01,0.7618,0.0,0.0,0.0,0.0,0.0,0.0,0.0,0.0,0.0,0.0,0.0,0.0,0.0,0.0,0.0,0.0,0.0,0.0,0.0,0.0,0.0,0.0,0.0,0.0,0.0,0.0,0.0,0.0,0.0,0.0,0.0,0.0,0.0,0.0,0.0,0.0,0.0,0.0,0.0,0.0,0.0,0.0,0.0,0.0,0.0,0.0,0.0,0.0,0.0,0.0,0.0,0.0,0.0,0.0,0.0,0.0,0.0,0.0,0.0,0.0,0.0,0.0,0.0,0.0,0.0,0.0,0.0,0.0,0.0,0.0,0.0,0.0,0.0,0.0,0.0,0.0,0.0,0.0,0.0,0.0,0.0,0.0,0.0,0.0,0.0,0.0,0.0,0.0,0.0,0.0,0.0,0.0,0.0,0.0,0.0,0.0,0.0,0.0,0.0,0.0,0.0,0.0,0.0,0.0,0.0,0.0,0.0,0.0,0.0
A02_02,0.7636,0.1414,0.0,0.0,0.0,0.0,0.0,0.0,0.0,0.0,0.0,0.0,0.0,0.0,0.0,0.0,0.0,0.0,0.0,0.0,0.0,0.0,0.0,0.0,0.0,0.0,0.0,0.0,0.0,0.0,0.0,0.0,0.0,0.0,0.0,0.0,0.0,0.0,0.0,0.0,0.0,0.0,0.0,0.0,0.0,0.0,0.0,0.0,0.0,0.0,0.0,0.0,0.0,0.0,0.0,0.0,0.0,0.0,0.0,0.0,0.0,0.0,0.0,0.0,0.0,0.0,0.0,0.0,0.0,0.0,0.0,0.0,0.0,0.0,0.0,0.0,0.0,0.0,0.0,0.0,0.0,0.0,0.0,0.0,0.0,0.0,0.0,0.0,0.0,0.0,0.0,0.0,0.0,0.0,0.0,0.0,0.0,0.0,0.0,0.0,0.0,0.0,0.0,0.0,0.0,0.0,0.0,0.0,0.0,0.0
A02_03,0.7946,0.22,0.176,0.0,0.0,0.0,0.0,0.0,0.0,0.0,0.0,0.0,0.0,0.0,0.0,0.0,0.0,0.0,0.0,0.0,0.0,0.0,0.0,0.0,0.0,0.0,0.0,0.0,0.0,0.0,0.0,0.0,0.0,0.0,0.0,0.0,0.0,0.0,0.0,0.0,0.0,0.0,0.0,0.0,0.0,0.0,0.0,0.0,0.0,0.0,0.0,0.0,0.0,0.0,0.0,0.0,0.0,0.0,0.0,0.0,0.0,0.0,0.0,0.0,0.0,0.0,0.0,0.0,0.0,0.0,0.0,0.0,0.0,0.0,0.0,0.0,0.0,0.0,0.0,0.0,0.0,0.0,0.0,0.0,0.0,0.0,0.0,0.0,0.0,0.0,0.0,0.0,0.0,0.0,0.0,0.0,0.0,0.0,0.0,0.0,0.0,0.0,0.0,0.0,0.0,0.0,0.0,0.0,0.0,0.0
A02_04,0.766,0.1398,0.1996,0.271,0.0,0.0,0.0,0.0,0.0,0.0,0.0,0.0,0.0,0.0,0.0,0.0,0.0,0.0,0.0,0.0,0.0,0.0,0.0,0.0,0.0,0.0,0.0,0.0,0.0,0.0,0.0,0.0,0.0,0.0,0.0,0.0,0.0,0.0,0.0,0.0,0.0,0.0,0.0,0.0,0.0,0.0,0.0,0.0,0.0,0.0,0.0,0.0,0.0,0.0,0.0,0.0,0.0,0.0,0.0,0.0,0.0,0.0,0.0,0.0,0.0,0.0,0.0,0.0,0.0,0.0,0.0,0.0,0.0,0.0,0.0,0.0,0.0,0.0,0.0,0.0,0.0,0.0,0.0,0.0,0.0,0.0,0.0,0.0,0.0,0.0,0.0,0.0,0.0,0.0,0.0,0.0,0.0,0.0,0.0,0.0,0.0,0.0,0.0,0.0,0.0,0.0,0.0,0.0,0.0,0.0
A02_05,0.731,0.2856,0.2434,0.2566,0.2906,0.0,0.0,0.0,0.0,0.0,0.0,0.0,0.0,0.0,0.0,0.0,0.0,0.0,0.0,0.0,0.0,0.0,0.0,0.0,0.0,0.0,0.0,0.0,0.0,0.0,0.0,0.0,0.0,0.0,0.0,0.0,0.0,0.0,0.0,0.0,0.0,0.0,0.0,0.0,0.0,0.0,0.0,0.0,0.0,0.0,0.0,0.0,0.0,0.0,0.0,0.0,0.0,0.0,0.0,0.0,0.0,0.0,0.0,0.0,0.0,0.0,0.0,0.0,0.0,0.0,0.0,0.0,0.0,0.0,0.0,0.0,0.0,0.0,0.0,0.0,0.0,0.0,0.0,0.0,0.0,0.0,0.0,0.0,0.0,0.0,0.0,0.0,0.0,0.0,0.0,0.0,0.0,0.0,0.0,0.0,0.0,0.0,0.0,0.0,0.0,0.0,0.0,0.0,0.0,0.0
A02_06,0.7366,0.234,0.2578,0.277,0.2306,0.1604,0.0,0.0,0.0,0.0,0.0,0.0,0.0,0.0,0.0,0.0,0.0,0.0,0.0,0.0,0.0,0.0,0.0,0.0,0.0,0.0,0.0,0.0,0.0,0.0,0.0,0.0,0.0,0.0,0.0,0.0,0.0,0.0,0.0,0.0,0.0,0.0,0.0,0.0,0.0,0.0,0.0,0.0,0.0,0.0,0.0,0.0,0.0,0.0,0.0,0.0,0.0,0.0,0.0,0.0,0.0,0.0,0.0,0.0,0.0,0.0,0.0,0.0,0.0,0.0,0.0,0.0,0.0,0.0,0.0,0.0,0.0,0.0,0.0,0.0,0.0,0.0,0.0,0.0,0.0,0.0,0.0,0.0,0.0,0.0,0.0,0.0,0.0,0.0,0.0,0.0,0.0,0.0,0.0,0.0,0.0,0.0,0.0,0.0,0.0,0.0,0.0,0.0,0.0,0.0
A02_07,0.6955,0.2383,0.2685,0.3455,0.2151,0.3099,0.2735,0.0,0.0,0.0,0.0,0.0,0.0,0.0,0.0,0.0,0.0,0.0,0.0,0.0,0.0,0.0,0.0,0.0,0.0,0.0,0.0,0.0,0.0,0.0,0.0,0.0,0.0,0.0,0.0,0.0,0.0,0.0,0.0,0.0,0.0,0.0,0.0,0.0,0.0,0.0,0.0,0.0,0.0,0.0,0.0,0.0,0.0,0.0,0.0,0.0,0.0,0.0,0.0,0.0,0.0,0.0,0.0,0.0,0.0,0.0,0.0,0.0,0.0,0.0,0.0,0.0,0.0,0.0,0.0,0.0,0.0,0.0,0.0,0.0,0.0,0.0,0.0,0.0,0.0,0.0,0.0,0.0,0.0,0.0,0.0,0.0,0.0,0.0,0.0,0.0,0.0,0.0,0.0,0.0,0.0,0.0,0.0,0.0,0.0,0.0,0.0,0.0,0.0,0.0
A02_14,0.7184,0.241,0.252,0.2922,0.2256,0.1486,0.0728,0.2517,0.0,0.0,0.0,0.0,0.0,0.0,0.0,0.0,0.0,0.0,0.0,0.0,0.0,0.0,0.0,0.0,0.0,0.0,0.0,0.0,0.0,0.0,0.0,0.0,0.0,0.0,0.0,0.0,0.0,0.0,0.0,0.0,0.0,0.0,0.0,0.0,0.0,0.0,0.0,0.0,0.0,0.0,0.0,0.0,0.0,0.0,0.0,0.0,0.0,0.0,0.0,0.0,0.0,0.0,0.0,0.0,0.0,0.0,0.0,0.0,0.0,0.0,0.0,0.0,0.0,0.0,0.0,0.0,0.0,0.0,0.0,0.0,0.0,0.0,0.0,0.0,0.0,0.0,0.0,0.0,0.0,0.0,0.0,0.0,0.0,0.0,0.0,0.0,0.0,0.0,0.0,0.0,0.0,0.0,0.0,0.0,0.0,0.0,0.0,0.0,0.0,0.0
A02_17,0.76,0.2146,0.235,0.3206,0.1084,0.3108,0.274,0.2003,0.2492,0.0,0.0,0.0,0.0,0.0,0.0,0.0,0.0,0.0,0.0,0.0,0.0,0.0,0.0,0.0,0.0,0.0,0.0,0.0,0.0,0.0,0.0,0.0,0.0,0.0,0.0,0.0,0.0,0.0,0.0,0.0,0.0,0.0,0.0,0.0,0.0,0.0,0.0,0.0,0.0,0.0,0.0,0.0,0.0,0.0,0.0,0.0,0.0,0.0,0.0,0.0,0.0,0.0,0.0,0.0,0.0,0.0,0.0,0.0,0.0,0.0,0.0,0.0,0.0,0.0,0.0,0.0,0.0,0.0,0.0,0.0,0.0,0.0,0.0,0.0,0.0,0.0,0.0,0.0,0.0,0.0,0.0,0.0,0.0,0.0,0.0,0.0,0.0,0.0,0.0,0.0,0.0,0.0,0.0,0.0,0.0,0.0,0.0,0.0,0.0,0.0
A03_01,0.759,0.8474,0.8624,0.8622,0.8262,0.873,0.8652,0.8463,0.8614,0.8326,0.0,0.0,0.0,0.0,0.0,0.0,0.0,0.0,0.0,0.0,0.0,0.0,0.0,0.0,0.0,0.0,0.0,0.0,0.0,0.0,0.0,0.0,0.0,0.0,0.0,0.0,0.0,0.0,0.0,0.0,0.0,0.0,0.0,0.0,0.0,0.0,0.0,0.0,0.0,0.0,0.0,0.0,0.0,0.0,0.0,0.0,0.0,0.0,0.0,0.0,0.0,0.0,0.0,0.0,0.0,0.0,0.0,0.0,0.0,0.0,0.0,0.0,0.0,0.0,0.0,0.0,0.0,0.0,0.0,0.0,0.0,0.0,0.0,0.0,0.0,0.0,0.0,0.0,0.0,0.0,0.0,0.0,0.0,0.0,0.0,0.0,0.0,0.0,0.0,0.0,0.0,0.0,0.0,0.0,0.0,0.0,0.0,0.0,0.0,0.0
A11_01,0.7452,0.9072,0.9174,0.9222,0.8896,0.913,0.9088,0.8975,0.9054,0.8954,0.2112,0.0,0.0,0.0,0.0,0.0,0.0,0.0,0.0,0.0,0.0,0.0,0.0,0.0,0.0,0.0,0.0,0.0,0.0,0.0,0.0,0.0,0.0,0.0,0.0,0.0,0.0,0.0,0.0,0.0,0.0,0.0,0.0,0.0,0.0,0.0,0.0,0.0,0.0,0.0,0.0,0.0,0.0,0.0,0.0,0.0,0.0,0.0,0.0,0.0,0.0,0.0,0.0,0.0,0.0,0.0,0.0,0.0,0.0,0.0,0.0,0.0,0.0,0.0,0.0,0.0,0.0,0.0,0.0,0.0,0.0,0.0,0.0,0.0,0.0,0.0,0.0,0.0,0.0,0.0,0.0,0.0,0.0,0.0,0.0,0.0,0.0,0.0,0.0,0.0,0.0,0.0,0.0,0.0,0.0,0.0,0.0,0.0,0.0,0.0
A23_01,0.7686,0.7094,0.7162,0.756,0.6448,0.7036,0.689,0.6401,0.6658,0.5842,0.8612,0.8964,0.0,0.0,0.0,0.0,0.0,0.0,0.0,0.0,0.0,0.0,0.0,0.0,0.0,0.0,0.0,0.0,0.0,0.0,0.0,0.0,0.0,0.0,0.0,0.0,0.0,0.0,0.0,0.0,0.0,0.0,0.0,0.0,0.0,0.0,0.0,0.0,0.0,0.0,0.0,0.0,0.0,0.0,0.0,0.0,0.0,0.0,0.0,0.0,0.0,0.0,0.0,0.0,0.0,0.0,0.0,0.0,0.0,0.0,0.0,0.0,0.0,0.0,0.0,0.0,0.0,0.0,0.0,0.0,0.0,0.0,0.0,0.0,0.0,0.0,0.0,0.0,0.0,0.0,0.0,0.0,0.0,0.0,0.0,0.0,0.0,0.0,0.0,0.0,0.0,0.0,0.0,0.0,0.0,0.0,0.0,0.0,0.0,0.0
A24_02,0.7678,0.7206,0.7238,0.7616,0.6568,0.7092,0.6986,0.6455,0.674,0.5956,0.8676,0.901,0.0682,0.0,0.0,0.0,0.0,0.0,0.0,0.0,0.0,0.0,0.0,0.0,0.0,0.0,0.0,0.0,0.0,0.0,0.0,0.0,0.0,0.0,0.0,0.0,0.0,0.0,0.0,0.0,0.0,0.0,0.0,0.0,0.0,0.0,0.0,0.0,0.0,0.0,0.0,0.0,0.0,0.0,0.0,0.0,0.0,0.0,0.0,0.0,0.0,0.0,0.0,0.0,0.0,0.0,0.0,0.0,0.0,0.0,0.0,0.0,0.0,0.0,0.0,0.0,0.0,0.0,0.0,0.0,0.0,0.0,0.0,0.0,0.0,0.0,0.0,0.0,0.0,0.0,0.0,0.0,0.0,0.0,0.0,0.0,0.0,0.0,0.0,0.0,0.0,0.0,0.0,0.0,0.0,0.0,0.0,0.0,0.0,0.0
A26_01,0.572,0.7572,0.732,0.729,0.7332,0.6694,0.7064,0.7133,0.6904,0.7128,0.7774,0.7656,0.7136,0.7214,0.0,0.0,0.0,0.0,0.0,0.0,0.0,0.0,0.0,0.0,0.0,0.0,0.0,0.0,0.0,0.0,0.0,0.0,0.0,0.0,0.0,0.0,0.0,0.0,0.0,0.0,0.0,0.0,0.0,0.0,0.0,0.0,0.0,0.0,0.0,0.0,0.0,0.0,0.0,0.0,0.0,0.0,0.0,0.0,0.0,0.0,0.0,0.0,0.0,0.0,0.0,0.0,0.0,0.0,0.0,0.0,0.0,0.0,0.0,0.0,0.0,0.0,0.0,0.0,0.0,0.0,0.0,0.0,0.0,0.0,0.0,0.0,0.0,0.0,0.0,0.0,0.0,0.0,0.0,0.0,0.0,0.0,0.0,0.0,0.0,0.0,0.0,0.0,0.0,0.0,0.0,0.0,0.0,0.0,0.0,0.0
A26_02,0.5899,0.7245,0.6945,0.6925,0.6993,0.6253,0.6649,0.6798,0.6473,0.6773,0.8195,0.8163,0.6941,0.7023,0.1069,0.0,0.0,0.0,0.0,0.0,0.0,0.0,0.0,0.0,0.0,0.0,0.0,0.0,0.0,0.0,0.0,0.0,0.0,0.0,0.0,0.0,0.0,0.0,0.0,0.0,0.0,0.0,0.0,0.0,0.0,0.0,0.0,0.0,0.0,0.0,0.0,0.0,0.0,0.0,0.0,0.0,0.0,0.0,0.0,0.0,0.0,0.0,0.0,0.0,0.0,0.0,0.0,0.0,0.0,0.0,0.0,0.0,0.0,0.0,0.0,0.0,0.0,0.0,0.0,0.0,0.0,0.0,0.0,0.0,0.0,0.0,0.0,0.0,0.0,0.0,0.0,0.0,0.0,0.0,0.0,0.0,0.0,0.0,0.0,0.0,0.0,0.0,0.0,0.0,0.0,0.0,0.0,0.0,0.0,0.0
A26_03,0.664,0.7624,0.7384,0.728,0.7358,0.667,0.7056,0.7241,0.6928,0.7252,0.6776,0.6428,0.7818,0.7886,0.2328,0.2805,0.0,0.0,0.0,0.0,0.0,0.0,0.0,0.0,0.0,0.0,0.0,0.0,0.0,0.0,0.0,0.0,0.0,0.0,0.0,0.0,0.0,0.0,0.0,0.0,0.0,0.0,0.0,0.0,0.0,0.0,0.0,0.0,0.0,0.0,0.0,0.0,0.0,0.0,0.0,0.0,0.0,0.0,0.0,0.0,0.0,0.0,0.0,0.0,0.0,0.0,0.0,0.0,0.0,0.0,0.0,0.0,0.0,0.0,0.0,0.0,0.0,0.0,0.0,0.0,0.0,0.0,0.0,0.0,0.0,0.0,0.0,0.0,0.0,0.0,0.0,0.0,0.0,0.0,0.0,0.0,0.0,0.0,0.0,0.0,0.0,0.0,0.0,0.0,0.0,0.0,0.0,0.0,0.0,0.0
A29_02,0.5097,0.7533,0.7595,0.7959,0.6965,0.7555,0.7523,0.697,0.7361,0.6557,0.6579,0.6905,0.5205,0.5365,0.5197,0.555,0.6055,0.0,0.0,0.0,0.0,0.0,0.0,0.0,0.0,0.0,0.0,0.0,0.0,0.0,0.0,0.0,0.0,0.0,0.0,0.0,0.0,0.0,0.0,0.0,0.0,0.0,0.0,0.0,0.0,0.0,0.0,0.0,0.0,0.0,0.0,0.0,0.0,0.0,0.0,0.0,0.0,0.0,0.0,0.0,0.0,0.0,0.0,0.0,0.0,0.0,0.0,0.0,0.0,0.0,0.0,0.0,0.0,0.0,0.0,0.0,0.0,0.0,0.0,0.0,0.0,0.0,0.0,0.0,0.0,0.0,0.0,0.0,0.0,0.0,0.0,0.0,0.0,0.0,0.0,0.0,0.0,0.0,0.0,0.0,0.0,0.0,0.0,0.0,0.0,0.0,0.0,0.0,0.0,0.0
A30_01,0.8392,0.8108,0.8088,0.7618,0.7712,0.765,0.7734,0.8163,0.7718,0.7808,0.5882,0.6316,0.7996,0.7958,0.8296,0.8353,0.7676,0.7879,0.0,0.0,0.0,0.0,0.0,0.0,0.0,0.0,0.0,0.0,0.0,0.0,0.0,0.0,0.0,0.0,0.0,0.0,0.0,0.0,0.0,0.0,0.0,0.0,0.0,0.0,0.0,0.0,0.0,0.0,0.0,0.0,0.0,0.0,0.0,0.0,0.0,0.0,0.0,0.0,0.0,0.0,0.0,0.0,0.0,0.0,0.0,0.0,0.0,0.0,0.0,0.0,0.0,0.0,0.0,0.0,0.0,0.0,0.0,0.0,0.0,0.0,0.0,0.0,0.0,0.0,0.0,0.0,0.0,0.0,0.0,0.0,0.0,0.0,0.0,0.0,0.0,0.0,0.0,0.0,0.0,0.0,0.0,0.0,0.0,0.0,0.0,0.0,0.0,0.0,0.0,0.0
A30_02,0.5638,0.7714,0.7712,0.7592,0.7352,0.7276,0.7322,0.7663,0.7212,0.7334,0.6568,0.718,0.6854,0.6834,0.6,0.6241,0.6762,0.4333,0.5534,0.0,0.0,0.0,0.0,0.0,0.0,0.0,0.0,0.0,0.0,0.0,0.0,0.0,0.0,0.0,0.0,0.0,0.0,0.0,0.0,0.0,0.0,0.0,0.0,0.0,0.0,0.0,0.0,0.0,0.0,0.0,0.0,0.0,0.0,0.0,0.0,0.0,0.0,0.0,0.0,0.0,0.0,0.0,0.0,0.0,0.0,0.0,0.0,0.0,0.0,0.0,0.0,0.0,0.0,0.0,0.0,0.0,0.0,0.0,0.0,0.0,0.0,0.0,0.0,0.0,0.0,0.0,0.0,0.0,0.0,0.0,0.0,0.0,0.0,0.0,0.0,0.0,0.0,0.0,0.0,0.0,0.0,0.0,0.0,0.0,0.0,0.0,0.0,0.0,0.0,0.0
A30_03,0.5638,0.7714,0.7712,0.7592,0.7352,0.7276,0.7322,0.7663,0.7212,0.7334,0.6568,0.718,0.6854,0.6834,0.6,0.6241,0.6762,0.4333,0.5534,0.0,0.0,0.0,0.0,0.0,0.0,0.0,0.0,0.0,0.0,0.0,0.0,0.0,0.0,0.0,0.0,0.0,0.0,0.0,0.0,0.0,0.0,0.0,0.0,0.0,0.0,0.0,0.0,0.0,0.0,0.0,0.0,0.0,0.0,0.0,0.0,0.0,0.0,0.0,0.0,0.0,0.0,0.0,0.0,0.0,0.0,0.0,0.0,0.0,0.0,0.0,0.0,0.0,0.0,0.0,0.0,0.0,0.0,0.0,0.0,0.0,0.0,0.0,0.0,0.0,0.0,0.0,0.0,0.0,0.0,0.0,0.0,0.0,0.0,0.0,0.0,0.0,0.0,0.0,0.0,0.0,0.0,0.0,0.0,0.0,0.0,0.0,0.0,0.0,0.0,0.0
A30_04,0.5848,0.7006,0.6854,0.7004,0.6366,0.6296,0.6492,0.6641,0.6272,0.6058,0.7178,0.7538,0.485,0.4848,0.5428,0.5505,0.6262,0.3927,0.6238,0.3104,0.3104,0.0,0.0,0.0,0.0,0.0,0.0,0.0,0.0,0.0,0.0,0.0,0.0,0.0,0.0,0.0,0.0,0.0,0.0,0.0,0.0,0.0,0.0,0.0,0.0,0.0,0.0,0.0,0.0,0.0,0.0,0.0,0.0,0.0,0.0,0.0,0.0,0.0,0.0,0.0,0.0,0.0,0.0,0.0,0.0,0.0,0.0,0.0,0.0,0.0,0.0,0.0,0.0,0.0,0.0,0.0,0.0,0.0,0.0,0.0,0.0,0.0,0.0,0.0,0.0,0.0,0.0,0.0,0.0,0.0,0.0,0.0,0.0,0.0,0.0,0.0,0.0,0.0,0.0,0.0,0.0,0.0,0.0,0.0,0.0,0.0,0.0,0.0,0.0,0.0
A31_01,0.86,0.874,0.8868,0.8922,0.8378,0.8856,0.8776,0.8591,0.8738,0.8372,0.3954,0.3756,0.8272,0.8302,0.8518,0.8919,0.714,0.7373,0.588,0.7374,0.7374,0.7598,0.0,0.0,0.0,0.0,0.0,0.0,0.0,0.0,0.0,0.0,0.0,0.0,0.0,0.0,0.0,0.0,0.0,0.0,0.0,0.0,0.0,0.0,0.0,0.0,0.0,0.0,0.0,0.0,0.0,0.0,0.0,0.0,0.0,0.0,0.0,0.0,0.0,0.0,0.0,0.0,0.0,0.0,0.0,0.0,0.0,0.0,0.0,0.0,0.0,0.0,0.0,0.0,0.0,0.0,0.0,0.0,0.0,0.0,0.0,0.0,0.0,0.0,0.0,0.0,0.0,0.0,0.0,0.0,0.0,0.0,0.0,0.0,0.0,0.0,0.0,0.0,0.0,0.0,0.0,0.0,0.0,0.0,0.0,0.0,0.0,0.0,0.0,0.0
A32_01,0.6914,0.5554,0.5622,0.5822,0.4766,0.533,0.5278,0.5329,0.497,0.4514,0.7534,0.8084,0.4656,0.4754,0.6288,0.6067,0.6702,0.5427,0.657,0.5234,0.5234,0.3796,0.7844,0.0,0.0,0.0,0.0,0.0,0.0,0.0,0.0,0.0,0.0,0.0,0.0,0.0,0.0,0.0,0.0,0.0,0.0,0.0,0.0,0.0,0.0,0.0,0.0,0.0,0.0,0.0,0.0,0.0,0.0,0.0,0.0,0.0,0.0,0.0,0.0,0.0,0.0,0.0,0.0,0.0,0.0,0.0,0.0,0.0,0.0,0.0,0.0,0.0,0.0,0.0,0.0,0.0,0.0,0.0,0.0,0.0,0.0,0.0,0.0,0.0,0.0,0.0,0.0,0.0,0.0,0.0,0.0,0.0,0.0,0.0,0.0,0.0,0.0,0.0,0.0,0.0,0.0,0.0,0.0,0.0,0.0,0.0,0.0,0.0,0.0,0.0
A33_01,0.8474,0.897,0.9004,0.9084,0.8654,0.897,0.8974,0.8733,0.8972,0.8576,0.561,0.5056,0.8356,0.8418,0.7852,0.8345,0.6354,0.7149,0.7592,0.8342,0.8342,0.809,0.3,0.8518,0.0,0.0,0.0,0.0,0.0,0.0,0.0,0.0,0.0,0.0,0.0,0.0,0.0,0.0,0.0,0.0,0.0,0.0,0.0,0.0,0.0,0.0,0.0,0.0,0.0,0.0,0.0,0.0,0.0,0.0,0.0,0.0,0.0,0.0,0.0,0.0,0.0,0.0,0.0,0.0,0.0,0.0,0.0,0.0,0.0,0.0,0.0,0.0,0.0,0.0,0.0,0.0,0.0,0.0,0.0,0.0,0.0,0.0,0.0,0.0,0.0,0.0,0.0,0.0,0.0,0.0,0.0,0.0,0.0,0.0,0.0,0.0,0.0,0.0,0.0,0.0,0.0,0.0,0.0,0.0,0.0,0.0,0.0,0.0,0.0,0.0
A33_03,0.845,0.9112,0.914,0.9198,0.8852,0.9128,0.9136,0.8937,0.9126,0.884,0.5062,0.4436,0.874,0.8798,0.7994,0.8489,0.6372,0.7381,0.7288,0.8222,0.8222,0.823,0.2494,0.8614,0.0996,0.0,0.0,0.0,0.0,0.0,0.0,0.0,0.0,0.0,0.0,0.0,0.0,0.0,0.0,0.0,0.0,0.0,0.0,0.0,0.0,0.0,0.0,0.0,0.0,0.0,0.0,0.0,0.0,0.0,0.0,0.0,0.0,0.0,0.0,0.0,0.0,0.0,0.0,0.0,0.0,0.0,0.0,0.0,0.0,0.0,0.0,0.0,0.0,0.0,0.0,0.0,0.0,0.0,0.0,0.0,0.0,0.0,0.0,0.0,0.0,0.0,0.0,0.0,0.0,0.0,0.0,0.0,0.0,0.0,0.0,0.0,0.0,0.0,0.0,0.0,0.0,0.0,0.0,0.0,0.0,0.0,0.0,0.0,0.0,0.0
A66_01,0.6728,0.7898,0.768,0.7586,0.7638,0.7058,0.741,0.7583,0.7312,0.7568,0.5986,0.5486,0.813,0.819,0.336,0.3813,0.1388,0.6271,0.7178,0.6934,0.6934,0.6564,0.6392,0.7002,0.5744,0.559,0.0,0.0,0.0,0.0,0.0,0.0,0.0,0.0,0.0,0.0,0.0,0.0,0.0,0.0,0.0,0.0,0.0,0.0,0.0,0.0,0.0,0.0,0.0,0.0,0.0,0.0,0.0,0.0,0.0,0.0,0.0,0.0,0.0,0.0,0.0,0.0,0.0,0.0,0.0,0.0,0.0,0.0,0.0,0.0,0.0,0.0,0.0,0.0,0.0,0.0,0.0,0.0,0.0,0.0,0.0,0.0,0.0,0.0,0.0,0.0,0.0,0.0,0.0,0.0,0.0,0.0,0.0,0.0,0.0,0.0,0.0,0.0,0.0,0.0,0.0,0.0,0.0,0.0,0.0,0.0,0.0,0.0,0.0,0.0
A68_01,0.7782,0.9202,0.92,0.9242,0.9056,0.9042,0.912,0.9073,0.9118,0.9116,0.4374,0.3324,0.9194,0.9232,0.7284,0.7789,0.5474,0.7377,0.7286,0.803,0.803,0.816,0.384,0.8666,0.3234,0.2704,0.438,0.0,0.0,0.0,0.0,0.0,0.0,0.0,0.0,0.0,0.0,0.0,0.0,0.0,0.0,0.0,0.0,0.0,0.0,0.0,0.0,0.0,0.0,0.0,0.0,0.0,0.0,0.0,0.0,0.0,0.0,0.0,0.0,0.0,0.0,0.0,0.0,0.0,0.0,0.0,0.0,0.0,0.0,0.0,0.0,0.0,0.0,0.0,0.0,0.0,0.0,0.0,0.0,0.0,0.0,0.0,0.0,0.0,0.0,0.0,0.0,0.0,0.0,0.0,0.0,0.0,0.0,0.0,0.0,0.0,0.0,0.0,0.0,0.0,0.0,0.0,0.0,0.0,0.0,0.0,0.0,0.0,0.0,0.0
A68_02,0.7088,0.564,0.536,0.5246,0.5522,0.4012,0.4582,0.5405,0.4612,0.5628,0.906,0.909,0.7676,0.7694,0.5504,0.4959,0.5584,0.7799,0.7844,0.7862,0.7862,0.6892,0.9016,0.6512,0.8568,0.8832,0.5798,0.8596,0.0,0.0,0.0,0.0,0.0,0.0,0.0,0.0,0.0,0.0,0.0,0.0,0.0,0.0,0.0,0.0,0.0,0.0,0.0,0.0,0.0,0.0,0.0,0.0,0.0,0.0,0.0,0.0,0.0,0.0,0.0,0.0,0.0,0.0,0.0,0.0,0.0,0.0,0.0,0.0,0.0,0.0,0.0,0.0,0.0,0.0,0.0,0.0,0.0,0.0,0.0,0.0,0.0,0.0,0.0,0.0,0.0,0.0,0.0,0.0,0.0,0.0,0.0,0.0,0.0,0.0,0.0,0.0,0.0,0.0,0.0,0.0,0.0,0.0,0.0,0.0,0.0,0.0,0.0,0.0,0.0,0.0
A69_01,0.6942,0.5108,0.5046,0.4974,0.4882,0.3784,0.3938,0.4779,0.3954,0.4992,0.8948,0.9074,0.7364,0.7418,0.5564,0.5009,0.5638,0.7551,0.784,0.7758,0.7758,0.6808,0.8948,0.6036,0.8598,0.8876,0.59,0.867,0.1432,0.0,0.0,0.0,0.0,0.0,0.0,0.0,0.0,0.0,0.0,0.0,0.0,0.0,0.0,0.0,0.0,0.0,0.0,0.0,0.0,0.0,0.0,0.0,0.0,0.0,0.0,0.0,0.0,0.0,0.0,0.0,0.0,0.0,0.0,0.0,0.0,0.0,0.0,0.0,0.0,0.0,0.0,0.0,0.0,0.0,0.0,0.0,0.0,0.0,0.0,0.0,0.0,0.0,0.0,0.0,0.0,0.0,0.0,0.0,0.0,0.0,0.0,0.0,0.0,0.0,0.0,0.0,0.0,0.0,0.0,0.0,0.0,0.0,0.0,0.0,0.0,0.0,0.0,0.0,0.0,0.0
A74_01,0.77,0.7906,0.8092,0.8176,0.7544,0.8088,0.7986,0.7813,0.7906,0.7562,0.2588,0.2814,0.7838,0.7894,0.7612,0.8007,0.6364,0.6381,0.5714,0.638,0.638,0.656,0.243,0.6542,0.4336,0.3856,0.564,0.388,0.8524,0.8368,0.0,0.0,0.0,0.0,0.0,0.0,0.0,0.0,0.0,0.0,0.0,0.0,0.0,0.0,0.0,0.0,0.0,0.0,0.0,0.0,0.0,0.0,0.0,0.0,0.0,0.0,0.0,0.0,0.0,0.0,0.0,0.0,0.0,0.0,0.0,0.0,0.0,0.0,0.0,0.0,0.0,0.0,0.0,0.0,0.0,0.0,0.0,0.0,0.0,0.0,0.0,0.0,0.0,0.0,0.0,0.0,0.0,0.0,0.0,0.0,0.0,0.0,0.0,0.0,0.0,0.0,0.0,0.0,0.0,0.0,0.0,0.0,0.0,0.0,0.0,0.0,0.0,0.0,0.0,0.0
B07_02,0.8532,0.7724,0.747,0.7256,0.7352,0.714,0.739,0.7391,0.7194,0.7122,0.898,0.9304,0.776,0.7696,0.7434,0.7183,0.743,0.8239,0.7184,0.7406,0.7406,0.7122,0.8968,0.6596,0.9256,0.9268,0.7692,0.9338,0.7348,0.7068,0.859,0.0,0.0,0.0,0.0,0.0,0.0,0.0,0.0,0.0,0.0,0.0,0.0,0.0,0.0,0.0,0.0,0.0,0.0,0.0,0.0,0.0,0.0,0.0,0.0,0.0,0.0,0.0,0.0,0.0,0.0,0.0,0.0,0.0,0.0,0.0,0.0,0.0,0.0,0.0,0.0,0.0,0.0,0.0,0.0,0.0,0.0,0.0,0.0,0.0,0.0,0.0,0.0,0.0,0.0,0.0,0.0,0.0,0.0,0.0,0.0,0.0,0.0,0.0,0.0,0.0,0.0,0.0,0.0,0.0,0.0,0.0,0.0,0.0,0.0,0.0,0.0,0.0,0.0,0.0
B07_03,0.8414,0.751,0.7216,0.7054,0.7096,0.689,0.7184,0.7141,0.6958,0.6846,0.9114,0.9414,0.7584,0.7528,0.7246,0.6945,0.728,0.8191,0.7452,0.7598,0.7598,0.7094,0.9106,0.6508,0.929,0.9348,0.76,0.9418,0.7098,0.6794,0.8698,0.1008,0.0,0.0,0.0,0.0,0.0,0.0,0.0,0.0,0.0,0.0,0.0,0.0,0.0,0.0,0.0,0.0,0.0,0.0,0.0,0.0,0.0,0.0,0.0,0.0,0.0,0.0,0.0,0.0,0.0,0.0,0.0,0.0,0.0,0.0,0.0,0.0,0.0,0.0,0.0,0.0,0.0,0.0,0.0,0.0,0.0,0.0,0.0,0.0,0.0,0.0,0.0,0.0,0.0,0.0,0.0,0.0,0.0,0.0,0.0,0.0,0.0,0.0,0.0,0.0,0.0,0.0,0.0,0.0,0.0,0.0,0.0,0.0,0.0,0.0,0.0,0.0,0.0,0.0
B07_05,0.843,0.7614,0.735,0.7182,0.7234,0.7034,0.7282,0.7221,0.7062,0.7002,0.9004,0.9326,0.771,0.7646,0.7418,0.7149,0.7438,0.8241,0.731,0.7438,0.7438,0.711,0.9012,0.6536,0.9278,0.9296,0.77,0.9366,0.7284,0.696,0.8614,0.0504,0.0944,0.0,0.0,0.0,0.0,0.0,0.0,0.0,0.0,0.0,0.0,0.0,0.0,0.0,0.0,0.0,0.0,0.0,0.0,0.0,0.0,0.0,0.0,0.0,0.0,0.0,0.0,0.0,0.0,0.0,0.0,0.0,0.0,0.0,0.0,0.0,0.0,0.0,0.0,0.0,0.0,0.0,0.0,0.0,0.0,0.0,0.0,0.0,0.0,0.0,0.0,0.0,0.0,0.0,0.0,0.0,0.0,0.0,0.0,0.0,0.0,0.0,0.0,0.0,0.0,0.0,0.0,0.0,0.0,0.0,0.0,0.0,0.0,0.0,0.0,0.0,0.0,0.0
B08_01,0.8686,0.7014,0.6832,0.6632,0.6474,0.69,0.7022,0.6897,0.6914,0.6218,0.9054,0.952,0.7038,0.7036,0.76,0.7321,0.7692,0.7903,0.7364,0.7998,0.7998,0.718,0.8972,0.6592,0.882,0.9092,0.802,0.9478,0.7272,0.7038,0.8596,0.5226,0.4796,0.526,0.0,0.0,0.0,0.0,0.0,0.0,0.0,0.0,0.0,0.0,0.0,0.0,0.0,0.0,0.0,0.0,0.0,0.0,0.0,0.0,0.0,0.0,0.0,0.0,0.0,0.0,0.0,0.0,0.0,0.0,0.0,0.0,0.0,0.0,0.0,0.0,0.0,0.0,0.0,0.0,0.0,0.0,0.0,0.0,0.0,0.0,0.0,0.0,0.0,0.0,0.0,0.0,0.0,0.0,0.0,0.0,0.0,0.0,0.0,0.0,0.0,0.0,0.0,0.0,0.0,0.0,0.0,0.0,0.0,0.0,0.0,0.0,0.0,0.0,0.0,0.0
B08_02,0.8018,0.6936,0.6786,0.679,0.6326,0.6882,0.6978,0.6637,0.6782,0.5936,0.8792,0.9278,0.5664,0.5712,0.7032,0.6773,0.7416,0.6821,0.7646,0.7598,0.7598,0.6298,0.871,0.572,0.8536,0.885,0.7758,0.9244,0.7196,0.694,0.8246,0.5778,0.5386,0.5814,0.2546,0.0,0.0,0.0,0.0,0.0,0.0,0.0,0.0,0.0,0.0,0.0,0.0,0.0,0.0,0.0,0.0,0.0,0.0,0.0,0.0,0.0,0.0,0.0,0.0,0.0,0.0,0.0,0.0,0.0,0.0,0.0,0.0,0.0,0.0,0.0,0.0,0.0,0.0,0.0,0.0,0.0,0.0,0.0,0.0,0.0,0.0,0.0,0.0,0.0,0.0,0.0,0.0,0.0,0.0,0.0,0.0,0.0,0.0,0.0,0.0,0.0,0.0,0.0,0.0,0.0,0.0,0.0,0.0,0.0,0.0,0.0,0.0,0.0,0.0,0.0
B14_02,0.8376,0.7484,0.738,0.7316,0.6946,0.6858,0.6974,0.7233,0.6862,0.6652,0.9304,0.9484,0.6676,0.675,0.7008,0.6755,0.716,0.7621,0.7886,0.7802,0.7802,0.6772,0.915,0.6466,0.886,0.9182,0.7484,0.935,0.6746,0.6448,0.8788,0.591,0.5476,0.5802,0.424,0.4604,0.0,0.0,0.0,0.0,0.0,0.0,0.0,0.0,0.0,0.0,0.0,0.0,0.0,0.0,0.0,0.0,0.0,0.0,0.0,0.0,0.0,0.0,0.0,0.0,0.0,0.0,0.0,0.0,0.0,0.0,0.0,0.0,0.0,0.0,0.0,0.0,0.0,0.0,0.0,0.0,0.0,0.0,0.0,0.0,0.0,0.0,0.0,0.0,0.0,0.0,0.0,0.0,0.0,0.0,0.0,0.0,0.0,0.0,0.0,0.0,0.0,0.0,0.0,0.0,0.0,0.0,0.0,0.0,0.0,0.0,0.0,0.0,0.0,0.0
B15_01,0.6308,0.6542,0.6338,0.6372,0.6246,0.6114,0.6344,0.6607,0.6056,0.6062,0.7554,0.8162,0.6098,0.6202,0.526,0.5209,0.6266,0.4919,0.757,0.4542,0.4542,0.4126,0.864,0.4532,0.9038,0.903,0.686,0.8744,0.7678,0.7458,0.7372,0.6584,0.6438,0.6594,0.6654,0.614,0.6718,0.0,0.0,0.0,0.0,0.0,0.0,0.0,0.0,0.0,0.0,0.0,0.0,0.0,0.0,0.0,0.0,0.0,0.0,0.0,0.0,0.0,0.0,0.0,0.0,0.0,0.0,0.0,0.0,0.0,0.0,0.0,0.0,0.0,0.0,0.0,0.0,0.0,0.0,0.0,0.0,0.0,0.0,0.0,0.0,0.0,0.0,0.0,0.0,0.0,0.0,0.0,0.0,0.0,0.0,0.0,0.0,0.0,0.0,0.0,0.0,0.0,0.0,0.0,0.0,0.0,0.0,0.0,0.0,0.0,0.0,0.0,0.0,0.0
B15_02,0.5876,0.7188,0.7046,0.722,0.6842,0.6814,0.6966,0.6927,0.6738,0.6528,0.792,0.8282,0.6124,0.625,0.424,0.4281,0.5444,0.4041,0.835,0.505,0.505,0.463,0.8906,0.533,0.8654,0.8772,0.6152,0.8464,0.7342,0.7044,0.781,0.6446,0.6204,0.6404,0.6522,0.5986,0.605,0.278,0.0,0.0,0.0,0.0,0.0,0.0,0.0,0.0,0.0,0.0,0.0,0.0,0.0,0.0,0.0,0.0,0.0,0.0,0.0,0.0,0.0,0.0,0.0,0.0,0.0,0.0,0.0,0.0,0.0,0.0,0.0,0.0,0.0,0.0,0.0,0.0,0.0,0.0,0.0,0.0,0.0,0.0,0.0,0.0,0.0,0.0,0.0,0.0,0.0,0.0,0.0,0.0,0.0,0.0,0.0,0.0,0.0,0.0,0.0,0.0,0.0,0.0,0.0,0.0,0.0,0.0,0.0,0.0,0.0,0.0,0.0,0.0
B15_03,0.6776,0.7458,0.7428,0.7542,0.7092,0.6984,0.7032,0.7381,0.679,0.6844,0.7958,0.84,0.5954,0.6102,0.6102,0.6111,0.6964,0.5161,0.7994,0.5074,0.5074,0.4596,0.8794,0.5086,0.9116,0.9142,0.747,0.894,0.817,0.7944,0.7736,0.695,0.6854,0.69,0.6754,0.6312,0.558,0.2854,0.351,0.0,0.0,0.0,0.0,0.0,0.0,0.0,0.0,0.0,0.0,0.0,0.0,0.0,0.0,0.0,0.0,0.0,0.0,0.0,0.0,0.0,0.0,0.0,0.0,0.0,0.0,0.0,0.0,0.0,0.0,0.0,0.0,0.0,0.0,0.0,0.0,0.0,0.0,0.0,0.0,0.0,0.0,0.0,0.0,0.0,0.0,0.0,0.0,0.0,0.0,0.0,0.0,0.0,0.0,0.0,0.0,0.0,0.0,0.0,0.0,0.0,0.0,0.0,0.0,0.0,0.0,0.0,0.0,0.0,0.0,0.0
B15_08,0.6134,0.7622,0.7348,0.7496,0.7298,0.6894,0.716,0.7221,0.6956,0.6974,0.8254,0.8416,0.6582,0.666,0.3892,0.3837,0.4894,0.4953,0.8346,0.5752,0.5752,0.5162,0.9066,0.5842,0.8636,0.8766,0.5584,0.829,0.6756,0.652,0.8118,0.5592,0.5342,0.5564,0.6348,0.5914,0.5874,0.3954,0.214,0.4492,0.0,0.0,0.0,0.0,0.0,0.0,0.0,0.0,0.0,0.0,0.0,0.0,0.0,0.0,0.0,0.0,0.0,0.0,0.0,0.0,0.0,0.0,0.0,0.0,0.0,0.0,0.0,0.0,0.0,0.0,0.0,0.0,0.0,0.0,0.0,0.0,0.0,0.0,0.0,0.0,0.0,0.0,0.0,0.0,0.0,0.0,0.0,0.0,0.0,0.0,0.0,0.0,0.0,0.0,0.0,0.0,0.0,0.0,0.0,0.0,0.0,0.0,0.0,0.0,0.0,0.0,0.0,0.0,0.0,0.0
B15_09,0.8109,0.7447,0.7285,0.7507,0.7137,0.6751,0.6875,0.7078,0.6687,0.6815,0.9427,0.9543,0.6945,0.7003,0.7297,0.7146,0.7537,0.7542,0.8801,0.8017,0.8017,0.7115,0.9417,0.6929,0.9209,0.9391,0.7901,0.9417,0.7213,0.6831,0.9069,0.6495,0.6197,0.6317,0.6235,0.6221,0.3307,0.6579,0.5851,0.5131,0.5825,0.0,0.0,0.0,0.0,0.0,0.0,0.0,0.0,0.0,0.0,0.0,0.0,0.0,0.0,0.0,0.0,0.0,0.0,0.0,0.0,0.0,0.0,0.0,0.0,0.0,0.0,0.0,0.0,0.0,0.0,0.0,0.0,0.0,0.0,0.0,0.0,0.0,0.0,0.0,0.0,0.0,0.0,0.0,0.0,0.0,0.0,0.0,0.0,0.0,0.0,0.0,0.0,0.0,0.0,0.0,0.0,0.0,0.0,0.0,0.0,0.0,0.0,0.0,0.0,0.0,0.0,0.0,0.0,0.0
B15_10,0.8246,0.7614,0.7436,0.7632,0.727,0.6914,0.7064,0.7275,0.6866,0.6942,0.9408,0.9546,0.6916,0.6978,0.7278,0.7135,0.7558,0.7557,0.8744,0.7956,0.7956,0.7026,0.9412,0.6952,0.9208,0.939,0.7912,0.9432,0.7334,0.7022,0.9062,0.6452,0.6176,0.6298,0.6134,0.6102,0.318,0.647,0.5798,0.4974,0.5798,0.0609,0.0,0.0,0.0,0.0,0.0,0.0,0.0,0.0,0.0,0.0,0.0,0.0,0.0,0.0,0.0,0.0,0.0,0.0,0.0,0.0,0.0,0.0,0.0,0.0,0.0,0.0,0.0,0.0,0.0,0.0,0.0,0.0,0.0,0.0,0.0,0.0,0.0,0.0,0.0,0.0,0.0,0.0,0.0,0.0,0.0,0.0,0.0,0.0,0.0,0.0,0.0,0.0,0.0,0.0,0.0,0.0,0.0,0.0,0.0,0.0,0.0,0.0,0.0,0.0,0.0,0.0,0.0,0.0
B15_12,0.604,0.6602,0.6348,0.639,0.6314,0.6066,0.6336,0.6649,0.6086,0.613,0.7734,0.8244,0.603,0.6168,0.4924,0.4891,0.6066,0.4719,0.7818,0.4792,0.4792,0.4134,0.877,0.4662,0.895,0.8988,0.6682,0.8686,0.7468,0.7288,0.7528,0.6748,0.6564,0.6762,0.6606,0.5958,0.654,0.1168,0.2576,0.2986,0.3798,0.6369,0.6264,0.0,0.0,0.0,0.0,0.0,0.0,0.0,0.0,0.0,0.0,0.0,0.0,0.0,0.0,0.0,0.0,0.0,0.0,0.0,0.0,0.0,0.0,0.0,0.0,0.0,0.0,0.0,0.0,0.0,0.0,0.0,0.0,0.0,0.0,0.0,0.0,0.0,0.0,0.0,0.0,0.0,0.0,0.0,0.0,0.0,0.0,0.0,0.0,0.0,0.0,0.0,0.0,0.0,0.0,0.0,0.0,0.0,0.0,0.0,0.0,0.0,0.0,0.0,0.0,0.0,0.0,0.0
B15_13,0.6026,0.6908,0.6778,0.705,0.6516,0.65,0.6624,0.6559,0.6378,0.617,0.8198,0.8466,0.5174,0.536,0.4488,0.4339,0.5664,0.4647,0.851,0.5934,0.5934,0.4728,0.8954,0.433,0.8754,0.8906,0.6248,0.857,0.673,0.6324,0.7868,0.6564,0.6286,0.6528,0.666,0.5386,0.618,0.3832,0.2736,0.434,0.3022,0.6031,0.5982,0.3358,0.0,0.0,0.0,0.0,0.0,0.0,0.0,0.0,0.0,0.0,0.0,0.0,0.0,0.0,0.0,0.0,0.0,0.0,0.0,0.0,0.0,0.0,0.0,0.0,0.0,0.0,0.0,0.0,0.0,0.0,0.0,0.0,0.0,0.0,0.0,0.0,0.0,0.0,0.0,0.0,0.0,0.0,0.0,0.0,0.0,0.0,0.0,0.0,0.0,0.0,0.0,0.0,0.0,0.0,0.0,0.0,0.0,0.0,0.0,0.0,0.0,0.0,0.0,0.0,0.0,0.0
B15_16,0.6042,0.708,0.7042,0.7052,0.6694,0.6218,0.6288,0.6733,0.603,0.655,0.8108,0.824,0.6094,0.6128,0.59,0.5527,0.641,0.6335,0.6878,0.5586,0.5586,0.4876,0.863,0.4148,0.9042,0.905,0.67,0.8636,0.6126,0.5972,0.7614,0.664,0.651,0.6638,0.7408,0.6726,0.7022,0.5206,0.565,0.5698,0.534,0.7365,0.7338,0.535,0.4684,0.0,0.0,0.0,0.0,0.0,0.0,0.0,0.0,0.0,0.0,0.0,0.0,0.0,0.0,0.0,0.0,0.0,0.0,0.0,0.0,0.0,0.0,0.0,0.0,0.0,0.0,0.0,0.0,0.0,0.0,0.0,0.0,0.0,0.0,0.0,0.0,0.0,0.0,0.0,0.0,0.0,0.0,0.0,0.0,0.0,0.0,0.0,0.0,0.0,0.0,0.0,0.0,0.0,0.0,0.0,0.0,0.0,0.0,0.0,0.0,0.0,0.0,0.0,0.0,0.0
B15_17,0.5888,0.7298,0.72,0.7354,0.6812,0.6552,0.667,0.6881,0.6324,0.6576,0.7936,0.8106,0.5948,0.5974,0.5554,0.5199,0.6266,0.5853,0.724,0.5372,0.5372,0.455,0.865,0.387,0.909,0.9086,0.6654,0.868,0.668,0.6476,0.7526,0.651,0.6376,0.6502,0.734,0.6566,0.6942,0.4642,0.5084,0.5234,0.4954,0.7287,0.7226,0.483,0.4232,0.1602,0.0,0.0,0.0,0.0,0.0,0.0,0.0,0.0,0.0,0.0,0.0,0.0,0.0,0.0,0.0,0.0,0.0,0.0,0.0,0.0,0.0,0.0,0.0,0.0,0.0,0.0,0.0,0.0,0.0,0.0,0.0,0.0,0.0,0.0,0.0,0.0,0.0,0.0,0.0,0.0,0.0,0.0,0.0,0.0,0.0,0.0,0.0,0.0,0.0,0.0,0.0,0.0,0.0,0.0,0.0,0.0,0.0,0.0,0.0,0.0,0.0,0.0,0.0,0.0
B15_18,0.6936,0.8112,0.8018,0.8212,0.7802,0.7666,0.774,0.7825,0.7552,0.7464,0.8484,0.8654,0.6304,0.644,0.5888,0.5939,0.668,0.5337,0.8694,0.616,0.616,0.5612,0.9062,0.6354,0.8826,0.894,0.7192,0.8758,0.8112,0.7892,0.833,0.7012,0.6908,0.6982,0.6742,0.6228,0.4576,0.4748,0.3622,0.3256,0.4158,0.3717,0.3544,0.46,0.448,0.6526,0.6172,0.0,0.0,0.0,0.0,0.0,0.0,0.0,0.0,0.0,0.0,0.0,0.0,0.0,0.0,0.0,0.0,0.0,0.0,0.0,0.0,0.0,0.0,0.0,0.0,0.0,0.0,0.0,0.0,0.0,0.0,0.0,0.0,0.0,0.0,0.0,0.0,0.0,0.0,0.0,0.0,0.0,0.0,0.0,0.0,0.0,0.0,0.0,0.0,0.0,0.0,0.0,0.0,0.0,0.0,0.0,0.0,0.0,0.0,0.0,0.0,0.0,0.0,0.0
B18_01,0.7166,0.8874,0.8934,0.9104,0.868,0.8722,0.8652,0.8717,0.8598,0.8504,0.8688,0.869,0.7338,0.7486,0.6688,0.6909,0.762,0.5977,0.9322,0.7018,0.7018,0.6688,0.9116,0.7574,0.864,0.8852,0.7994,0.8696,0.876,0.867,0.8654,0.8486,0.8432,0.8492,0.8096,0.74,0.7184,0.652,0.5462,0.5746,0.5968,0.6873,0.682,0.5946,0.5806,0.8026,0.7742,0.5472,0.0,0.0,0.0,0.0,0.0,0.0,0.0,0.0,0.0,0.0,0.0,0.0,0.0,0.0,0.0,0.0,0.0,0.0,0.0,0.0,0.0,0.0,0.0,0.0,0.0,0.0,0.0,0.0,0.0,0.0,0.0,0.0,0.0,0.0,0.0,0.0,0.0,0.0,0.0,0.0,0.0,0.0,0.0,0.0,0.0,0.0,0.0,0.0,0.0,0.0,0.0,0.0,0.0,0.0,0.0,0.0,0.0,0.0,0.0,0.0,0.0,0.0
B27_02,0.8172,0.8058,0.8194,0.8316,0.7692,0.8096,0.7896,0.7995,0.782,0.7538,0.8166,0.8508,0.6206,0.6388,0.8102,0.8161,0.8506,0.6927,0.7854,0.6996,0.6996,0.6352,0.8034,0.6256,0.8584,0.8672,0.8636,0.901,0.8766,0.8626,0.7782,0.815,0.8206,0.817,0.744,0.6548,0.63,0.686,0.7258,0.5918,0.7636,0.6631,0.6464,0.6856,0.6778,0.7388,0.7214,0.5866,0.7496,0.0,0.0,0.0,0.0,0.0,0.0,0.0,0.0,0.0,0.0,0.0,0.0,0.0,0.0,0.0,0.0,0.0,0.0,0.0,0.0,0.0,0.0,0.0,0.0,0.0,0.0,0.0,0.0,0.0,0.0,0.0,0.0,0.0,0.0,0.0,0.0,0.0,0.0,0.0,0.0,0.0,0.0,0.0,0.0,0.0,0.0,0.0,0.0,0.0,0.0,0.0,0.0,0.0,0.0,0.0,0.0,0.0,0.0,0.0,0.0,0.0
B27_03,0.8392,0.8092,0.8176,0.8236,0.7726,0.8088,0.7952,0.8063,0.7886,0.7644,0.7458,0.7836,0.7144,0.7292,0.8338,0.8441,0.8318,0.7321,0.7298,0.708,0.708,0.684,0.7216,0.69,0.797,0.7946,0.8294,0.8376,0.868,0.8576,0.713,0.8072,0.816,0.8092,0.7442,0.6908,0.645,0.7326,0.7798,0.6562,0.8036,0.6911,0.6754,0.7396,0.766,0.7914,0.7842,0.6454,0.8084,0.1848,0.0,0.0,0.0,0.0,0.0,0.0,0.0,0.0,0.0,0.0,0.0,0.0,0.0,0.0,0.0,0.0,0.0,0.0,0.0,0.0,0.0,0.0,0.0,0.0,0.0,0.0,0.0,0.0,0.0,0.0,0.0,0.0,0.0,0.0,0.0,0.0,0.0,0.0,0.0,0.0,0.0,0.0,0.0,0.0,0.0,0.0,0.0,0.0,0.0,0.0,0.0,0.0,0.0,0.0,0.0,0.0,0.0,0.0,0.0,0.0
B27_04,0.8312,0.7862,0.7918,0.7858,0.7494,0.7758,0.7662,0.7869,0.7582,0.7386,0.7928,0.8434,0.6968,0.709,0.7992,0.8019,0.8178,0.7195,0.725,0.672,0.672,0.6488,0.7918,0.65,0.8518,0.8568,0.8302,0.8906,0.853,0.8374,0.7622,0.7462,0.7532,0.7484,0.6712,0.6338,0.5562,0.6568,0.7088,0.5638,0.7364,0.6165,0.597,0.6672,0.7142,0.7564,0.7442,0.5618,0.7672,0.1982,0.1616,0.0,0.0,0.0,0.0,0.0,0.0,0.0,0.0,0.0,0.0,0.0,0.0,0.0,0.0,0.0,0.0,0.0,0.0,0.0,0.0,0.0,0.0,0.0,0.0,0.0,0.0,0.0,0.0,0.0,0.0,0.0,0.0,0.0,0.0,0.0,0.0,0.0,0.0,0.0,0.0,0.0,0.0,0.0,0.0,0.0,0.0,0.0,0.0,0.0,0.0,0.0,0.0,0.0,0.0,0.0,0.0,0.0,0.0,0.0
B27_05,0.9044,0.8566,0.8656,0.8644,0.8284,0.8618,0.8462,0.8665,0.843,0.8248,0.782,0.8168,0.7884,0.7986,0.9032,0.9111,0.8994,0.8251,0.7564,0.769,0.769,0.7674,0.7478,0.7684,0.8338,0.8286,0.8934,0.8724,0.9198,0.911,0.764,0.8398,0.8526,0.8424,0.7766,0.7506,0.6902,0.792,0.8514,0.7152,0.8734,0.7391,0.7216,0.8064,0.8506,0.858,0.8494,0.7124,0.852,0.2502,0.1304,0.2246,0.0,0.0,0.0,0.0,0.0,0.0,0.0,0.0,0.0,0.0,0.0,0.0,0.0,0.0,0.0,0.0,0.0,0.0,0.0,0.0,0.0,0.0,0.0,0.0,0.0,0.0,0.0,0.0,0.0,0.0,0.0,0.0,0.0,0.0,0.0,0.0,0.0,0.0,0.0,0.0,0.0,0.0,0.0,0.0,0.0,0.0,0.0,0.0,0.0,0.0,0.0,0.0,0.0,0.0,0.0,0.0,0.0,0.0
B27_06,0.8586,0.7008,0.6984,0.6928,0.6584,0.6614,0.6572,0.6989,0.644,0.6366,0.8834,0.9336,0.6358,0.6428,0.7902,0.7757,0.8088,0.7587,0.737,0.7102,0.7102,0.6268,0.8718,0.5924,0.9158,0.9304,0.8356,0.9552,0.7686,0.7416,0.8292,0.6426,0.6372,0.6378,0.5674,0.557,0.4042,0.6078,0.6704,0.504,0.6964,0.4601,0.4406,0.613,0.67,0.7114,0.705,0.5218,0.7716,0.3656,0.3778,0.2788,0.423,0.0,0.0,0.0,0.0,0.0,0.0,0.0,0.0,0.0,0.0,0.0,0.0,0.0,0.0,0.0,0.0,0.0,0.0,0.0,0.0,0.0,0.0,0.0,0.0,0.0,0.0,0.0,0.0,0.0,0.0,0.0,0.0,0.0,0.0,0.0,0.0,0.0,0.0,0.0,0.0,0.0,0.0,0.0,0.0,0.0,0.0,0.0,0.0,0.0,0.0,0.0,0.0,0.0,0.0,0.0,0.0,0.0
B27_07,0.8884,0.7452,0.752,0.765,0.7074,0.7296,0.7084,0.7513,0.6994,0.6974,0.8742,0.913,0.6816,0.6936,0.8708,0.8613,0.8828,0.8001,0.7744,0.7564,0.7564,0.6886,0.8452,0.6644,0.9104,0.9184,0.8976,0.9512,0.8368,0.8124,0.8188,0.7566,0.7604,0.7512,0.6822,0.6642,0.5366,0.7032,0.7776,0.5906,0.808,0.5685,0.5548,0.7104,0.77,0.7916,0.7834,0.6196,0.7994,0.2904,0.3022,0.2718,0.3048,0.2256,0.0,0.0,0.0,0.0,0.0,0.0,0.0,0.0,0.0,0.0,0.0,0.0,0.0,0.0,0.0,0.0,0.0,0.0,0.0,0.0,0.0,0.0,0.0,0.0,0.0,0.0,0.0,0.0,0.0,0.0,0.0,0.0,0.0,0.0,0.0,0.0,0.0,0.0,0.0,0.0,0.0,0.0,0.0,0.0,0.0,0.0,0.0,0.0,0.0,0.0,0.0,0.0,0.0,0.0,0.0,0.0
B27_09,0.8532,0.7142,0.7216,0.7394,0.6758,0.7058,0.6884,0.7123,0.6746,0.6558,0.8548,0.9034,0.6376,0.6488,0.8426,0.8323,0.8594,0.7461,0.7662,0.7272,0.7272,0.6478,0.8326,0.628,0.8918,0.903,0.8764,0.938,0.8168,0.7928,0.7996,0.7484,0.7488,0.743,0.6674,0.6292,0.5386,0.6758,0.7382,0.5786,0.7762,0.5667,0.5554,0.6844,0.7262,0.7666,0.7608,0.5966,0.8016,0.2418,0.254,0.225,0.2878,0.2158,0.118,0.0,0.0,0.0,0.0,0.0,0.0,0.0,0.0,0.0,0.0,0.0,0.0,0.0,0.0,0.0,0.0,0.0,0.0,0.0,0.0,0.0,0.0,0.0,0.0,0.0,0.0,0.0,0.0,0.0,0.0,0.0,0.0,0.0,0.0,0.0,0.0,0.0,0.0,0.0,0.0,0.0,0.0,0.0,0.0,0.0,0.0,0.0,0.0,0.0,0.0,0.0,0.0,0.0,0.0,0.0
B35_01,0.6262,0.8088,0.8008,0.828,0.7854,0.7578,0.7666,0.7619,0.7506,0.7598,0.8438,0.8422,0.6934,0.7022,0.509,0.5149,0.5924,0.5177,0.8874,0.6354,0.6354,0.5898,0.9126,0.648,0.8662,0.8754,0.6408,0.8244,0.7316,0.702,0.8294,0.5702,0.5616,0.5658,0.7196,0.6716,0.6556,0.5278,0.3382,0.522,0.2362,0.6205,0.6252,0.5098,0.3854,0.5966,0.5714,0.4628,0.5966,0.7894,0.833,0.7856,0.8996,0.7656,0.8458,0.818,0.0,0.0,0.0,0.0,0.0,0.0,0.0,0.0,0.0,0.0,0.0,0.0,0.0,0.0,0.0,0.0,0.0,0.0,0.0,0.0,0.0,0.0,0.0,0.0,0.0,0.0,0.0,0.0,0.0,0.0,0.0,0.0,0.0,0.0,0.0,0.0,0.0,0.0,0.0,0.0,0.0,0.0,0.0,0.0,0.0,0.0,0.0,0.0,0.0,0.0,0.0,0.0,0.0,0.0
B35_03,0.7468,0.7132,0.6924,0.7316,0.6778,0.6332,0.6534,0.6537,0.6284,0.6474,0.9282,0.9314,0.7078,0.7136,0.6148,0.5827,0.6382,0.7129,0.882,0.7964,0.7964,0.704,0.939,0.6486,0.9052,0.9184,0.6778,0.8934,0.6112,0.5634,0.8858,0.4602,0.423,0.4412,0.6422,0.6286,0.5442,0.654,0.5248,0.6356,0.4078,0.5067,0.526,0.6378,0.4936,0.625,0.6218,0.5858,0.73,0.828,0.8506,0.8058,0.907,0.701,0.7956,0.7752,0.346,0.0,0.0,0.0,0.0,0.0,0.0,0.0,0.0,0.0,0.0,0.0,0.0,0.0,0.0,0.0,0.0,0.0,0.0,0.0,0.0,0.0,0.0,0.0,0.0,0.0,0.0,0.0,0.0,0.0,0.0,0.0,0.0,0.0,0.0,0.0,0.0,0.0,0.0,0.0,0.0,0.0,0.0,0.0,0.0,0.0,0.0,0.0,0.0,0.0,0.0,0.0,0.0,0.0
B37_01,0.821,0.755,0.761,0.7858,0.728,0.7164,0.7044,0.7355,0.695,0.7162,0.9264,0.9412,0.6978,0.7058,0.84,0.8289,0.8738,0.8093,0.872,0.8148,0.8148,0.72,0.9108,0.7058,0.943,0.9522,0.8976,0.962,0.8034,0.78,0.8742,0.809,0.7924,0.7988,0.7418,0.7042,0.6588,0.7286,0.7666,0.6448,0.8062,0.6433,0.6446,0.6976,0.7366,0.801,0.7964,0.7308,0.5806,0.7282,0.7626,0.7356,0.7936,0.6314,0.627,0.6514,0.8254,0.7568,0.0,0.0,0.0,0.0,0.0,0.0,0.0,0.0,0.0,0.0,0.0,0.0,0.0,0.0,0.0,0.0,0.0,0.0,0.0,0.0,0.0,0.0,0.0,0.0,0.0,0.0,0.0,0.0,0.0,0.0,0.0,0.0,0.0,0.0,0.0,0.0,0.0,0.0,0.0,0.0,0.0,0.0,0.0,0.0,0.0,0.0,0.0,0.0,0.0,0.0,0.0,0.0
B38_01,0.795,0.7474,0.7398,0.7856,0.7156,0.704,0.7044,0.7143,0.6864,0.6836,0.9364,0.951,0.6022,0.6138,0.7816,0.7667,0.8204,0.7291,0.9036,0.8132,0.8132,0.691,0.93,0.6522,0.9266,0.9438,0.8528,0.9542,0.7676,0.7358,0.8908,0.75,0.7322,0.736,0.7052,0.6316,0.462,0.6954,0.6624,0.5536,0.6822,0.2983,0.3016,0.669,0.5938,0.7382,0.7278,0.4578,0.6612,0.5546,0.628,0.5958,0.6812,0.4698,0.5044,0.4964,0.6918,0.613,0.5684,0.0,0.0,0.0,0.0,0.0,0.0,0.0,0.0,0.0,0.0,0.0,0.0,0.0,0.0,0.0,0.0,0.0,0.0,0.0,0.0,0.0,0.0,0.0,0.0,0.0,0.0,0.0,0.0,0.0,0.0,0.0,0.0,0.0,0.0,0.0,0.0,0.0,0.0,0.0,0.0,0.0,0.0,0.0,0.0,0.0,0.0,0.0,0.0,0.0,0.0,0.0
B39_01,0.8206,0.7242,0.7076,0.7398,0.6904,0.657,0.6658,0.6957,0.6508,0.6678,0.9442,0.958,0.7006,0.71,0.7566,0.7369,0.7712,0.7821,0.8784,0.835,0.835,0.732,0.9346,0.6968,0.916,0.9352,0.804,0.9438,0.7044,0.6636,0.9008,0.6562,0.6262,0.637,0.6064,0.612,0.3146,0.6984,0.6374,0.5664,0.624,0.1517,0.1718,0.677,0.638,0.763,0.7592,0.439,0.7048,0.6246,0.6488,0.5878,0.6924,0.43,0.5066,0.5168,0.6494,0.5198,0.6178,0.2766,0.0,0.0,0.0,0.0,0.0,0.0,0.0,0.0,0.0,0.0,0.0,0.0,0.0,0.0,0.0,0.0,0.0,0.0,0.0,0.0,0.0,0.0,0.0,0.0,0.0,0.0,0.0,0.0,0.0,0.0,0.0,0.0,0.0,0.0,0.0,0.0,0.0,0.0,0.0,0.0,0.0,0.0,0.0,0.0,0.0,0.0,0.0,0.0,0.0,0.0
B39_02,0.8062,0.6554,0.6482,0.681,0.6152,0.5824,0.583,0.6381,0.5566,0.594,0.9144,0.9448,0.6506,0.657,0.774,0.7477,0.7892,0.7635,0.8232,0.7666,0.7666,0.6482,0.9092,0.581,0.9336,0.9468,0.8216,0.9542,0.7048,0.6646,0.853,0.6484,0.6208,0.6272,0.6218,0.6098,0.4384,0.5984,0.6274,0.4762,0.6546,0.3619,0.3698,0.5826,0.61,0.6802,0.6722,0.5468,0.6538,0.6498,0.6808,0.6214,0.7284,0.4254,0.4904,0.5134,0.6942,0.5568,0.4106,0.3724,0.341,0.0,0.0,0.0,0.0,0.0,0.0,0.0,0.0,0.0,0.0,0.0,0.0,0.0,0.0,0.0,0.0,0.0,0.0,0.0,0.0,0.0,0.0,0.0,0.0,0.0,0.0,0.0,0.0,0.0,0.0,0.0,0.0,0.0,0.0,0.0,0.0,0.0,0.0,0.0,0.0,0.0,0.0,0.0,0.0,0.0,0.0,0.0,0.0,0.0
B39_09,0.8032,0.7148,0.701,0.7332,0.6768,0.6452,0.6522,0.6669,0.636,0.647,0.9434,0.9568,0.6764,0.6828,0.7432,0.7243,0.7624,0.7645,0.8728,0.8238,0.8238,0.7118,0.931,0.6848,0.9104,0.9316,0.7986,0.9434,0.6938,0.6508,0.8956,0.6406,0.6088,0.622,0.5802,0.5794,0.293,0.6952,0.6298,0.564,0.6122,0.1715,0.1922,0.6708,0.629,0.7514,0.746,0.4412,0.685,0.6404,0.6658,0.5986,0.7138,0.435,0.5284,0.5324,0.6398,0.5022,0.5886,0.3012,0.1056,0.3292,0.0,0.0,0.0,0.0,0.0,0.0,0.0,0.0,0.0,0.0,0.0,0.0,0.0,0.0,0.0,0.0,0.0,0.0,0.0,0.0,0.0,0.0,0.0,0.0,0.0,0.0,0.0,0.0,0.0,0.0,0.0,0.0,0.0,0.0,0.0,0.0,0.0,0.0,0.0,0.0,0.0,0.0,0.0,0.0,0.0,0.0,0.0,0.0
B40_01,0.8376,0.7782,0.7754,0.805,0.7622,0.73,0.7248,0.7721,0.7128,0.7502,0.9318,0.9394,0.7544,0.7628,0.8322,0.8245,0.861,0.8227,0.9012,0.8326,0.8326,0.7582,0.9294,0.7488,0.9464,0.9532,0.8852,0.95,0.813,0.7972,0.898,0.8054,0.794,0.7946,0.7978,0.7766,0.6808,0.7124,0.7456,0.6156,0.7828,0.6013,0.6028,0.6816,0.7344,0.8176,0.8114,0.6884,0.5044,0.7372,0.765,0.7342,0.7924,0.6326,0.6338,0.6588,0.8016,0.7358,0.3118,0.5474,0.5856,0.3942,0.5754,0.0,0.0,0.0,0.0,0.0,0.0,0.0,0.0,0.0,0.0,0.0,0.0,0.0,0.0,0.0,0.0,0.0,0.0,0.0,0.0,0.0,0.0,0.0,0.0,0.0,0.0,0.0,0.0,0.0,0.0,0.0,0.0,0.0,0.0,0.0,0.0,0.0,0.0,0.0,0.0,0.0,0.0,0.0,0.0,0.0,0.0,0.0
B40_02,0.8918,0.8266,0.8342,0.8466,0.8164,0.7996,0.7814,0.8347,0.7832,0.8154,0.9474,0.952,0.8044,0.8146,0.8954,0.8899,0.9192,0.8723,0.9032,0.8694,0.8694,0.817,0.9314,0.8182,0.952,0.9594,0.9356,0.9658,0.8626,0.8554,0.9194,0.8712,0.866,0.8674,0.8202,0.8038,0.7498,0.7906,0.8318,0.7088,0.8664,0.7171,0.7172,0.7622,0.8206,0.8848,0.8874,0.779,0.5066,0.7684,0.7924,0.768,0.7978,0.702,0.682,0.7172,0.8798,0.8362,0.2878,0.6642,0.692,0.5196,0.6762,0.2192,0.0,0.0,0.0,0.0,0.0,0.0,0.0,0.0,0.0,0.0,0.0,0.0,0.0,0.0,0.0,0.0,0.0,0.0,0.0,0.0,0.0,0.0,0.0,0.0,0.0,0.0,0.0,0.0,0.0,0.0,0.0,0.0,0.0,0.0,0.0,0.0,0.0,0.0,0.0,0.0,0.0,0.0,0.0,0.0,0.0,0.0
B40_06,0.903,0.8436,0.8534,0.8468,0.8436,0.8134,0.797,0.8621,0.8066,0.8542,0.9448,0.9474,0.8628,0.871,0.916,0.9155,0.9314,0.8917,0.889,0.8696,0.8696,0.845,0.9334,0.86,0.9484,0.957,0.942,0.9584,0.8656,0.8652,0.9276,0.8954,0.8944,0.895,0.853,0.8528,0.778,0.8274,0.8652,0.7556,0.8912,0.7527,0.7552,0.7962,0.8654,0.9188,0.9308,0.8124,0.5414,0.7998,0.8128,0.7876,0.8166,0.7372,0.728,0.7614,0.8954,0.8668,0.4326,0.7384,0.7262,0.5906,0.7182,0.3498,0.2146,0.0,0.0,0.0,0.0,0.0,0.0,0.0,0.0,0.0,0.0,0.0,0.0,0.0,0.0,0.0,0.0,0.0,0.0,0.0,0.0,0.0,0.0,0.0,0.0,0.0,0.0,0.0,0.0,0.0,0.0,0.0,0.0,0.0,0.0,0.0,0.0,0.0,0.0,0.0,0.0,0.0,0.0,0.0,0.0,0.0
B42_01,0.8378,0.7254,0.7012,0.6908,0.6752,0.6642,0.6902,0.6827,0.6666,0.6488,0.9042,0.937,0.726,0.723,0.7182,0.6893,0.7212,0.7911,0.7346,0.7512,0.7512,0.683,0.8984,0.6146,0.9102,0.9238,0.753,0.9328,0.6882,0.6508,0.8506,0.1522,0.1114,0.1438,0.4494,0.5002,0.5132,0.6438,0.6088,0.6716,0.5256,0.6109,0.6086,0.651,0.6072,0.6452,0.6316,0.6798,0.8282,0.805,0.804,0.742,0.845,0.6194,0.7394,0.7286,0.5432,0.4008,0.772,0.7146,0.6064,0.5952,0.5868,0.7834,0.8542,0.8822,0.0,0.0,0.0,0.0,0.0,0.0,0.0,0.0,0.0,0.0,0.0,0.0,0.0,0.0,0.0,0.0,0.0,0.0,0.0,0.0,0.0,0.0,0.0,0.0,0.0,0.0,0.0,0.0,0.0,0.0,0.0,0.0,0.0,0.0,0.0,0.0,0.0,0.0,0.0,0.0,0.0,0.0,0.0,0.0
B44_02,0.779,0.8752,0.878,0.888,0.8688,0.8594,0.853,0.8757,0.85,0.8636,0.8904,0.8878,0.7544,0.7634,0.7878,0.7969,0.8552,0.7565,0.9226,0.7878,0.7878,0.7386,0.92,0.7508,0.9262,0.9324,0.8744,0.9154,0.8852,0.8826,0.8802,0.8958,0.8922,0.8986,0.8792,0.7978,0.8366,0.7392,0.745,0.7082,0.791,0.8005,0.7958,0.686,0.6736,0.8026,0.7844,0.7608,0.4262,0.7514,0.8244,0.815,0.858,0.803,0.8018,0.8152,0.8,0.8532,0.4816,0.707,0.8034,0.6648,0.7906,0.3926,0.378,0.4146,0.8858,0.0,0.0,0.0,0.0,0.0,0.0,0.0,0.0,0.0,0.0,0.0,0.0,0.0,0.0,0.0,0.0,0.0,0.0,0.0,0.0,0.0,0.0,0.0,0.0,0.0,0.0,0.0,0.0,0.0,0.0,0.0,0.0,0.0,0.0,0.0,0.0,0.0,0.0,0.0,0.0,0.0,0.0,0.0
B44_03,0.7798,0.8836,0.8892,0.902,0.8758,0.87,0.8618,0.8833,0.8588,0.871,0.8878,0.8822,0.7568,0.7676,0.7868,0.7989,0.8558,0.7479,0.9332,0.7862,0.7862,0.7444,0.9172,0.7638,0.9182,0.9246,0.8742,0.9058,0.8946,0.893,0.8786,0.9072,0.9048,0.9098,0.892,0.8132,0.8358,0.7424,0.7382,0.7008,0.7866,0.7949,0.7898,0.6914,0.6812,0.8148,0.796,0.7466,0.3892,0.7406,0.8156,0.8066,0.8504,0.8044,0.7976,0.8112,0.7896,0.8522,0.494,0.7038,0.7978,0.6668,0.7856,0.385,0.373,0.407,0.8974,0.0742,0.0,0.0,0.0,0.0,0.0,0.0,0.0,0.0,0.0,0.0,0.0,0.0,0.0,0.0,0.0,0.0,0.0,0.0,0.0,0.0,0.0,0.0,0.0,0.0,0.0,0.0,0.0,0.0,0.0,0.0,0.0,0.0,0.0,0.0,0.0,0.0,0.0,0.0,0.0,0.0,0.0,0.0
B45_01,0.8974,0.8728,0.8764,0.8672,0.8796,0.8466,0.8358,0.8933,0.8466,0.8942,0.947,0.945,0.907,0.911,0.9142,0.9167,0.9322,0.9055,0.9088,0.889,0.889,0.881,0.9476,0.9052,0.9478,0.9566,0.9426,0.9534,0.878,0.8804,0.9438,0.9234,0.9228,0.9238,0.8954,0.8948,0.8448,0.8598,0.8872,0.823,0.9108,0.8175,0.821,0.8188,0.8908,0.9418,0.9502,0.8604,0.5418,0.8672,0.88,0.8624,0.8814,0.8248,0.8168,0.8456,0.9156,0.9016,0.53,0.8054,0.7998,0.6888,0.7936,0.4214,0.3206,0.194,0.9172,0.3708,0.3668,0.0,0.0,0.0,0.0,0.0,0.0,0.0,0.0,0.0,0.0,0.0,0.0,0.0,0.0,0.0,0.0,0.0,0.0,0.0,0.0,0.0,0.0,0.0,0.0,0.0,0.0,0.0,0.0,0.0,0.0,0.0,0.0,0.0,0.0,0.0,0.0,0.0,0.0,0.0,0.0,0.0
B46_01,0.5934,0.6524,0.631,0.6396,0.6054,0.568,0.5944,0.6039,0.5644,0.5746,0.7698,0.7982,0.5968,0.6028,0.4426,0.4251,0.5136,0.4841,0.743,0.5172,0.5172,0.4318,0.854,0.4442,0.8568,0.8636,0.5776,0.8302,0.6258,0.5986,0.7376,0.5982,0.5718,0.593,0.6344,0.5934,0.5938,0.3336,0.2974,0.4168,0.2856,0.6185,0.6174,0.3484,0.3518,0.3938,0.3614,0.4776,0.6906,0.7394,0.7742,0.7106,0.853,0.65,0.7744,0.7354,0.4164,0.5044,0.7798,0.698,0.6638,0.6134,0.6398,0.7798,0.8718,0.9008,0.5508,0.808,0.812,0.9292,0.0,0.0,0.0,0.0,0.0,0.0,0.0,0.0,0.0,0.0,0.0,0.0,0.0,0.0,0.0,0.0,0.0,0.0,0.0,0.0,0.0,0.0,0.0,0.0,0.0,0.0,0.0,0.0,0.0,0.0,0.0,0.0,0.0,0.0,0.0,0.0,0.0,0.0,0.0,0.0
B48_01,0.8376,0.6116,0.604,0.6372,0.5558,0.5622,0.5628,0.6023,0.533,0.5318,0.8892,0.9366,0.6144,0.6228,0.7818,0.7599,0.7994,0.7487,0.7848,0.7336,0.7336,0.6088,0.8804,0.5148,0.9264,0.939,0.8332,0.9556,0.7294,0.6866,0.8162,0.6456,0.6252,0.6278,0.598,0.5788,0.452,0.5592,0.631,0.4626,0.677,0.4117,0.4078,0.5586,0.6172,0.676,0.661,0.5578,0.7124,0.5998,0.6326,0.569,0.6774,0.3708,0.4232,0.4448,0.7354,0.6076,0.4956,0.4016,0.3972,0.1852,0.3908,0.4776,0.5986,0.67,0.5962,0.7256,0.7276,0.7622,0.607,0.0,0.0,0.0,0.0,0.0,0.0,0.0,0.0,0.0,0.0,0.0,0.0,0.0,0.0,0.0,0.0,0.0,0.0,0.0,0.0,0.0,0.0,0.0,0.0,0.0,0.0,0.0,0.0,0.0,0.0,0.0,0.0,0.0,0.0,0.0,0.0,0.0,0.0,0.0
B51_01,0.7806,0.7214,0.7224,0.7164,0.6872,0.6524,0.6518,0.6605,0.6472,0.6714,0.9376,0.9444,0.689,0.694,0.682,0.6527,0.7138,0.7727,0.851,0.8272,0.8272,0.7338,0.9398,0.663,0.905,0.9274,0.7352,0.9132,0.5538,0.515,0.9002,0.5712,0.5394,0.5642,0.6572,0.6178,0.5934,0.7584,0.6802,0.7432,0.576,0.6505,0.6642,0.7452,0.5694,0.5866,0.6338,0.7262,0.7934,0.8424,0.8728,0.8386,0.9214,0.7436,0.837,0.8176,0.5426,0.4042,0.7822,0.6914,0.6524,0.6658,0.6262,0.8138,0.8592,0.8736,0.5034,0.8606,0.8658,0.9116,0.5984,0.709,0.0,0.0,0.0,0.0,0.0,0.0,0.0,0.0,0.0,0.0,0.0,0.0,0.0,0.0,0.0,0.0,0.0,0.0,0.0,0.0,0.0,0.0,0.0,0.0,0.0,0.0,0.0,0.0,0.0,0.0,0.0,0.0,0.0,0.0,0.0,0.0,0.0,0.0
B51_02,0.7702,0.7138,0.7076,0.698,0.6842,0.6296,0.6362,0.6563,0.6292,0.6728,0.9362,0.942,0.7182,0.7178,0.6814,0.6481,0.706,0.7897,0.8392,0.8154,0.8154,0.7352,0.9392,0.663,0.9174,0.9312,0.7272,0.9118,0.5386,0.5014,0.8994,0.5232,0.4942,0.516,0.668,0.6412,0.613,0.7498,0.6814,0.7464,0.565,0.6537,0.666,0.7396,0.5768,0.5566,0.6102,0.7336,0.8302,0.851,0.8738,0.8414,0.9218,0.7456,0.8402,0.8216,0.5264,0.3732,0.8082,0.7082,0.6608,0.6712,0.639,0.8258,0.8816,0.8912,0.4646,0.8814,0.888,0.9272,0.5754,0.7122,0.1168,0.0,0.0,0.0,0.0,0.0,0.0,0.0,0.0,0.0,0.0,0.0,0.0,0.0,0.0,0.0,0.0,0.0,0.0,0.0,0.0,0.0,0.0,0.0,0.0,0.0,0.0,0.0,0.0,0.0,0.0,0.0,0.0,0.0,0.0,0.0,0.0,0.0
B51_03,0.768,0.7132,0.716,0.7052,0.6814,0.6436,0.6428,0.6647,0.6414,0.671,0.9308,0.9394,0.6896,0.6948,0.6674,0.6379,0.7016,0.7717,0.8444,0.825,0.825,0.7308,0.9356,0.6618,0.8932,0.919,0.723,0.904,0.5254,0.4878,0.891,0.601,0.569,0.5958,0.652,0.6064,0.5814,0.7654,0.6906,0.7512,0.5948,0.6483,0.661,0.7382,0.573,0.6048,0.6586,0.7306,0.7612,0.8278,0.8602,0.826,0.9112,0.7336,0.821,0.8056,0.5672,0.4386,0.747,0.6734,0.645,0.652,0.6174,0.7854,0.8236,0.836,0.5306,0.821,0.8272,0.8718,0.6286,0.7004,0.1196,0.193,0.0,0.0,0.0,0.0,0.0,0.0,0.0,0.0,0.0,0.0,0.0,0.0,0.0,0.0,0.0,0.0,0.0,0.0,0.0,0.0,0.0,0.0,0.0,0.0,0.0,0.0,0.0,0.0,0.0,0.0,0.0,0.0,0.0,0.0,0.0,0.0
B52_01,0.769,0.6164,0.6262,0.628,0.5636,0.5466,0.531,0.5865,0.5166,0.5466,0.8876,0.9226,0.5398,0.5498,0.7206,0.6907,0.756,0.6997,0.766,0.7046,0.7046,0.5636,0.8852,0.4622,0.9094,0.927,0.7828,0.935,0.6014,0.5614,0.8168,0.7078,0.678,0.699,0.652,0.5798,0.5454,0.5996,0.6362,0.547,0.6534,0.5803,0.582,0.5822,0.5294,0.4954,0.5366,0.6412,0.7126,0.6706,0.7314,0.6826,0.7912,0.5426,0.6264,0.6166,0.698,0.609,0.5634,0.5392,0.5906,0.4384,0.5692,0.6158,0.6746,0.72,0.6452,0.7208,0.7298,0.7982,0.546,0.444,0.4484,0.4782,0.4362,0.0,0.0,0.0,0.0,0.0,0.0,0.0,0.0,0.0,0.0,0.0,0.0,0.0,0.0,0.0,0.0,0.0,0.0,0.0,0.0,0.0,0.0,0.0,0.0,0.0,0.0,0.0,0.0,0.0,0.0,0.0,0.0,0.0,0.0,0.0
B53_01,0.6662,0.7884,0.784,0.8164,0.7616,0.7436,0.751,0.7367,0.7308,0.7354,0.882,0.8782,0.6168,0.6278,0.5872,0.5743,0.6596,0.5933,0.9008,0.7228,0.7228,0.629,0.9202,0.5938,0.8866,0.8998,0.695,0.855,0.7082,0.6758,0.8474,0.5858,0.5726,0.5802,0.7432,0.6348,0.6956,0.6218,0.5028,0.6208,0.4054,0.6701,0.6788,0.5928,0.3384,0.5458,0.534,0.585,0.6592,0.7544,0.8322,0.8052,0.903,0.7794,0.8444,0.8126,0.2896,0.358,0.8104,0.655,0.6824,0.7032,0.6728,0.8038,0.873,0.9016,0.5462,0.7486,0.7498,0.9206,0.519,0.7366,0.4462,0.438,0.4668,0.624,0.0,0.0,0.0,0.0,0.0,0.0,0.0,0.0,0.0,0.0,0.0,0.0,0.0,0.0,0.0,0.0,0.0,0.0,0.0,0.0,0.0,0.0,0.0,0.0,0.0,0.0,0.0,0.0,0.0,0.0,0.0,0.0,0.0,0.0
B54_01,0.8198,0.7304,0.7302,0.6958,0.7294,0.6616,0.6642,0.7231,0.6836,0.752,0.9314,0.9338,0.8656,0.8672,0.7652,0.7543,0.7512,0.8349,0.8002,0.8304,0.8304,0.8184,0.9278,0.813,0.8822,0.9014,0.7578,0.8842,0.584,0.5786,0.9028,0.5644,0.573,0.5658,0.6968,0.7434,0.704,0.8308,0.7744,0.8378,0.6662,0.7459,0.7618,0.8204,0.755,0.763,0.8296,0.8078,0.8374,0.8868,0.8806,0.846,0.9184,0.793,0.8624,0.8546,0.593,0.537,0.8646,0.8274,0.7268,0.77,0.7122,0.8664,0.871,0.827,0.5438,0.9072,0.9102,0.851,0.7196,0.8166,0.5134,0.4938,0.5122,0.7376,0.591,0.0,0.0,0.0,0.0,0.0,0.0,0.0,0.0,0.0,0.0,0.0,0.0,0.0,0.0,0.0,0.0,0.0,0.0,0.0,0.0,0.0,0.0,0.0,0.0,0.0,0.0,0.0,0.0,0.0,0.0,0.0,0.0,0.0
B55_01,0.8528,0.764,0.7592,0.7072,0.7502,0.6994,0.7062,0.7549,0.7156,0.765,0.8994,0.916,0.854,0.8532,0.7748,0.7665,0.7532,0.8369,0.7014,0.7622,0.7622,0.7828,0.8974,0.7714,0.8862,0.8962,0.7616,0.8896,0.671,0.6546,0.872,0.4136,0.4482,0.4248,0.6152,0.6896,0.6532,0.7738,0.7346,0.7806,0.6356,0.7239,0.7328,0.7734,0.7404,0.7426,0.7882,0.771,0.8406,0.8536,0.8376,0.781,0.8718,0.7206,0.8134,0.8094,0.5918,0.5396,0.853,0.8256,0.7142,0.7408,0.6964,0.854,0.8656,0.8302,0.435,0.9074,0.9124,0.8602,0.6856,0.7728,0.5398,0.5134,0.5476,0.7318,0.6156,0.244,0.0,0.0,0.0,0.0,0.0,0.0,0.0,0.0,0.0,0.0,0.0,0.0,0.0,0.0,0.0,0.0,0.0,0.0,0.0,0.0,0.0,0.0,0.0,0.0,0.0,0.0,0.0,0.0,0.0,0.0,0.0,0.0
B55_02,0.8496,0.7518,0.7512,0.7096,0.7454,0.6902,0.6928,0.7433,0.7074,0.7672,0.9162,0.9256,0.867,0.8686,0.7948,0.7883,0.775,0.8415,0.7616,0.8058,0.8058,0.812,0.91,0.8054,0.886,0.8992,0.7814,0.89,0.6486,0.6368,0.8864,0.4838,0.5112,0.4892,0.6736,0.733,0.701,0.8172,0.7694,0.825,0.6704,0.7483,0.7618,0.813,0.7682,0.7782,0.8322,0.8046,0.8414,0.8756,0.8642,0.8222,0.8976,0.769,0.8408,0.839,0.5944,0.5422,0.862,0.8332,0.7268,0.7648,0.7136,0.8638,0.8654,0.824,0.4902,0.9114,0.9134,0.8494,0.732,0.805,0.5446,0.5208,0.5486,0.7586,0.6052,0.144,0.141,0.0,0.0,0.0,0.0,0.0,0.0,0.0,0.0,0.0,0.0,0.0,0.0,0.0,0.0,0.0,0.0,0.0,0.0,0.0,0.0,0.0,0.0,0.0,0.0,0.0,0.0,0.0,0.0,0.0,0.0,0.0
B56_01,0.837,0.736,0.7338,0.698,0.7248,0.6666,0.671,0.7229,0.6832,0.742,0.9138,0.9214,0.8444,0.847,0.7646,0.7539,0.7452,0.8249,0.762,0.7952,0.7952,0.7886,0.9088,0.7748,0.8816,0.8962,0.7548,0.883,0.6224,0.6056,0.8806,0.4678,0.4878,0.4704,0.6606,0.716,0.6676,0.788,0.7324,0.7932,0.6276,0.7131,0.7266,0.7822,0.7272,0.742,0.7978,0.7716,0.8292,0.8656,0.8586,0.8112,0.8976,0.7478,0.8294,0.8258,0.5586,0.4976,0.8528,0.8066,0.6966,0.7346,0.6832,0.8482,0.8658,0.8324,0.4628,0.9072,0.9084,0.86,0.685,0.7752,0.5056,0.4778,0.5148,0.723,0.5708,0.142,0.1458,0.072,0.0,0.0,0.0,0.0,0.0,0.0,0.0,0.0,0.0,0.0,0.0,0.0,0.0,0.0,0.0,0.0,0.0,0.0,0.0,0.0,0.0,0.0,0.0,0.0,0.0,0.0,0.0,0.0,0.0,0.0
B57_01,0.646,0.7856,0.7868,0.7984,0.7468,0.7278,0.7244,0.7621,0.7048,0.7384,0.8184,0.822,0.641,0.6434,0.6842,0.6599,0.7346,0.6785,0.6988,0.5958,0.5958,0.5414,0.8516,0.4796,0.9068,0.9034,0.7508,0.8718,0.712,0.707,0.7696,0.7516,0.7492,0.7564,0.8062,0.7172,0.7974,0.6138,0.6676,0.655,0.6498,0.8347,0.83,0.6232,0.5406,0.2472,0.2762,0.7386,0.8218,0.726,0.7978,0.7858,0.8516,0.774,0.8152,0.7972,0.6854,0.7394,0.8286,0.7792,0.8434,0.767,0.8362,0.8556,0.8954,0.9282,0.741,0.7816,0.7946,0.9442,0.5406,0.756,0.6986,0.6814,0.7072,0.6104,0.5792,0.827,0.8098,0.8346,0.8148,0.0,0.0,0.0,0.0,0.0,0.0,0.0,0.0,0.0,0.0,0.0,0.0,0.0,0.0,0.0,0.0,0.0,0.0,0.0,0.0,0.0,0.0,0.0,0.0,0.0,0.0,0.0,0.0,0.0
B57_02,0.6142,0.7452,0.735,0.761,0.7044,0.6634,0.6746,0.6881,0.6426,0.6822,0.8574,0.8614,0.5758,0.5696,0.6462,0.6083,0.7082,0.6701,0.7508,0.6204,0.6204,0.5114,0.881,0.4208,0.9276,0.9292,0.7378,0.8984,0.669,0.6536,0.7972,0.6924,0.6802,0.6872,0.7786,0.6914,0.7388,0.5788,0.619,0.6114,0.5978,0.7465,0.7466,0.5842,0.4846,0.2402,0.2274,0.6886,0.8084,0.7344,0.8086,0.7884,0.868,0.7342,0.7904,0.769,0.641,0.645,0.7714,0.7012,0.7676,0.6756,0.7498,0.7998,0.8706,0.921,0.674,0.7696,0.7836,0.941,0.479,0.6756,0.6354,0.6098,0.6564,0.5388,0.5364,0.836,0.8164,0.8444,0.8128,0.2542,0.0,0.0,0.0,0.0,0.0,0.0,0.0,0.0,0.0,0.0,0.0,0.0,0.0,0.0,0.0,0.0,0.0,0.0,0.0,0.0,0.0,0.0,0.0,0.0,0.0,0.0,0.0,0.0
B58_01,0.6292,0.7708,0.7706,0.7884,0.7394,0.7096,0.7064,0.7491,0.6872,0.7344,0.8312,0.8266,0.6424,0.646,0.6898,0.6667,0.7384,0.6741,0.7412,0.6124,0.6124,0.553,0.8684,0.4888,0.9144,0.9118,0.7522,0.8726,0.6976,0.6926,0.7814,0.7698,0.763,0.7696,0.827,0.743,0.7994,0.6192,0.6618,0.6502,0.6426,0.8145,0.815,0.6246,0.5328,0.2546,0.3022,0.726,0.8188,0.739,0.8118,0.8014,0.87,0.7876,0.8248,0.8052,0.6536,0.7052,0.8262,0.7598,0.8268,0.7474,0.821,0.8462,0.8952,0.9236,0.7542,0.7816,0.7944,0.94,0.5326,0.748,0.6786,0.6566,0.6906,0.5986,0.5442,0.8038,0.812,0.8234,0.7988,0.1472,0.2492,0.0,0.0,0.0,0.0,0.0,0.0,0.0,0.0,0.0,0.0,0.0,0.0,0.0,0.0,0.0,0.0,0.0,0.0,0.0,0.0,0.0,0.0,0.0,0.0,0.0,0.0,0.0
B58_02,0.6242,0.7822,0.7782,0.7942,0.7364,0.7132,0.7176,0.7463,0.694,0.7206,0.7888,0.7954,0.5972,0.5978,0.6524,0.6333,0.7014,0.6245,0.6766,0.5424,0.5424,0.4748,0.824,0.428,0.8868,0.8822,0.7164,0.8482,0.7092,0.6986,0.7306,0.7168,0.713,0.718,0.7844,0.6912,0.7462,0.5702,0.6112,0.592,0.594,0.7787,0.7752,0.5812,0.4932,0.2312,0.253,0.6778,0.7854,0.7052,0.7708,0.754,0.8362,0.739,0.789,0.7684,0.6216,0.6802,0.8022,0.7328,0.796,0.711,0.7856,0.828,0.8818,0.9168,0.701,0.769,0.7778,0.94,0.4762,0.704,0.6646,0.6454,0.6778,0.5632,0.531,0.8104,0.7868,0.815,0.789,0.1652,0.2268,0.1676,0.0,0.0,0.0,0.0,0.0,0.0,0.0,0.0,0.0,0.0,0.0,0.0,0.0,0.0,0.0,0.0,0.0,0.0,0.0,0.0,0.0,0.0,0.0,0.0,0.0,0.0
B67_01,0.7864,0.6974,0.6766,0.6934,0.6588,0.6112,0.6372,0.6485,0.6114,0.6354,0.913,0.932,0.7228,0.7242,0.6726,0.6443,0.6776,0.7551,0.8166,0.7676,0.7676,0.689,0.9174,0.6252,0.9104,0.9234,0.7126,0.9114,0.6346,0.5882,0.8638,0.2858,0.2576,0.2648,0.574,0.5954,0.5222,0.645,0.5602,0.638,0.4588,0.5293,0.5408,0.6448,0.5508,0.629,0.6274,0.6232,0.7846,0.8058,0.8126,0.757,0.864,0.64,0.7484,0.7318,0.427,0.2158,0.7502,0.6444,0.529,0.5372,0.5154,0.7296,0.8292,0.857,0.2352,0.8746,0.8786,0.901,0.5134,0.5766,0.451,0.406,0.4822,0.6214,0.441,0.4826,0.4266,0.4524,0.4118,0.7398,0.66,0.7218,0.6884,0.0,0.0,0.0,0.0,0.0,0.0,0.0,0.0,0.0,0.0,0.0,0.0,0.0,0.0,0.0,0.0,0.0,0.0,0.0,0.0,0.0,0.0,0.0,0.0,0.0
B73_01,0.9036,0.8176,0.827,0.8146,0.8076,0.7898,0.7774,0.8335,0.7924,0.8174,0.9326,0.9374,0.828,0.8398,0.8782,0.8791,0.876,0.8483,0.8332,0.8556,0.8556,0.8288,0.908,0.842,0.8826,0.9044,0.8838,0.9288,0.801,0.7934,0.907,0.8346,0.8402,0.8344,0.7386,0.761,0.5424,0.8478,0.8276,0.7424,0.828,0.5673,0.5674,0.8262,0.849,0.8964,0.9158,0.633,0.7432,0.541,0.5334,0.4912,0.535,0.504,0.4806,0.4958,0.8336,0.8042,0.7534,0.6204,0.5128,0.66,0.54,0.74,0.7258,0.6682,0.8178,0.8276,0.8166,0.7318,0.849,0.6784,0.8126,0.8312,0.7816,0.7464,0.8618,0.7164,0.7186,0.7136,0.7184,0.9206,0.9258,0.9168,0.9036,0.7826,0.0,0.0,0.0,0.0,0.0,0.0,0.0,0.0,0.0,0.0,0.0,0.0,0.0,0.0,0.0,0.0,0.0,0.0,0.0,0.0,0.0,0.0,0.0,0.0
B78_01,0.8028,0.727,0.7232,0.6898,0.7036,0.6426,0.6542,0.6973,0.6566,0.7024,0.9266,0.936,0.7934,0.795,0.6708,0.6475,0.6668,0.7941,0.778,0.7954,0.7954,0.7546,0.927,0.7158,0.881,0.9052,0.688,0.8906,0.5506,0.5188,0.8912,0.4622,0.4364,0.4582,0.5664,0.6198,0.5336,0.7368,0.6504,0.7356,0.5236,0.6311,0.6426,0.7276,0.6274,0.6552,0.6996,0.7064,0.7998,0.8666,0.8662,0.8074,0.9114,0.7174,0.8298,0.82,0.5048,0.387,0.8192,0.7548,0.6314,0.672,0.608,0.8256,0.867,0.8572,0.4002,0.9004,0.9058,0.8856,0.5718,0.719,0.335,0.3246,0.3512,0.605,0.521,0.2972,0.3006,0.3224,0.2776,0.7694,0.7386,0.756,0.7344,0.3614,0.7432,0.0,0.0,0.0,0.0,0.0,0.0,0.0,0.0,0.0,0.0,0.0,0.0,0.0,0.0,0.0,0.0,0.0,0.0,0.0,0.0,0.0,0.0,0.0
C01_02,0.7432,0.618,0.5838,0.6054,0.5606,0.5272,0.5702,0.4955,0.5282,0.503,0.8992,0.9282,0.6098,0.595,0.6646,0.6187,0.6824,0.7215,0.7724,0.7236,0.7236,0.603,0.8996,0.5222,0.912,0.9274,0.7244,0.9294,0.6028,0.5632,0.8388,0.5268,0.4792,0.501,0.5808,0.5904,0.5318,0.6084,0.5914,0.6372,0.5704,0.5577,0.5666,0.6218,0.5804,0.5332,0.5202,0.6582,0.8546,0.814,0.8236,0.7688,0.8788,0.624,0.7476,0.7164,0.6482,0.4868,0.7362,0.6544,0.5936,0.5418,0.5496,0.7552,0.8662,0.9132,0.4684,0.8962,0.9068,0.9454,0.4452,0.5278,0.5534,0.5254,0.5944,0.533,0.6524,0.7528,0.7082,0.7546,0.7114,0.6768,0.5382,0.6684,0.6214,0.461,0.8672,0.5816,0.0,0.0,0.0,0.0,0.0,0.0,0.0,0.0,0.0,0.0,0.0,0.0,0.0,0.0,0.0,0.0,0.0,0.0,0.0,0.0,0.0,0.0
C02_02,0.5782,0.6506,0.6244,0.6278,0.6076,0.5238,0.5612,0.5987,0.5306,0.5832,0.8064,0.8206,0.616,0.6198,0.46,0.4273,0.525,0.5453,0.7408,0.5404,0.5404,0.4386,0.8734,0.453,0.8802,0.8878,0.5836,0.8402,0.5544,0.5332,0.7652,0.6142,0.5842,0.6076,0.6604,0.6146,0.5832,0.4216,0.4032,0.4618,0.362,0.6057,0.609,0.4234,0.3982,0.3392,0.3248,0.5156,0.719,0.733,0.7648,0.709,0.84,0.6408,0.7524,0.7186,0.4638,0.4968,0.7574,0.6728,0.6444,0.5916,0.623,0.7584,0.8552,0.888,0.566,0.8048,0.8098,0.9228,0.1942,0.5932,0.5498,0.5174,0.5774,0.4988,0.521,0.7138,0.6982,0.739,0.6916,0.512,0.428,0.4962,0.4452,0.5138,0.8322,0.5638,0.4228,0.0,0.0,0.0,0.0,0.0,0.0,0.0,0.0,0.0,0.0,0.0,0.0,0.0,0.0,0.0,0.0,0.0,0.0,0.0,0.0,0.0
C03_02,0.5986,0.7002,0.6856,0.6968,0.6532,0.6088,0.6294,0.6423,0.6016,0.6218,0.8124,0.8214,0.6162,0.6216,0.5002,0.4751,0.562,0.5289,0.7692,0.5546,0.5546,0.4794,0.8804,0.48,0.884,0.8892,0.6158,0.8474,0.6366,0.6048,0.7784,0.5998,0.569,0.5882,0.647,0.6182,0.562,0.4258,0.355,0.4354,0.3236,0.5809,0.5828,0.4386,0.3952,0.3768,0.3498,0.4688,0.6924,0.7442,0.7794,0.7126,0.8538,0.6494,0.7676,0.7342,0.402,0.461,0.7728,0.675,0.6314,0.5912,0.6078,0.7674,0.8664,0.9018,0.5514,0.8212,0.8206,0.937,0.1738,0.6032,0.5684,0.5426,0.6084,0.5384,0.5088,0.71,0.6842,0.7284,0.6788,0.5376,0.4616,0.5154,0.4668,0.4846,0.8356,0.5494,0.4148,0.1774,0.0,0.0,0.0,0.0,0.0,0.0,0.0,0.0,0.0,0.0,0.0,0.0,0.0,0.0,0.0,0.0,0.0,0.0,0.0,0.0
C03_07,0.6668,0.6198,0.5988,0.6186,0.5698,0.5048,0.5322,0.5483,0.4928,0.5362,0.883,0.9016,0.6202,0.6196,0.598,0.5441,0.6242,0.6759,0.7644,0.6766,0.6766,0.5624,0.9024,0.4662,0.9154,0.9258,0.6688,0.9002,0.5464,0.502,0.8242,0.5764,0.5338,0.5568,0.6306,0.6128,0.551,0.548,0.5266,0.567,0.4918,0.5675,0.578,0.5606,0.4958,0.366,0.3698,0.6034,0.8098,0.7858,0.808,0.7558,0.8718,0.6372,0.7502,0.7216,0.5632,0.4418,0.7342,0.6466,0.6014,0.5332,0.5778,0.7456,0.8514,0.8956,0.5188,0.8562,0.8678,0.9364,0.3338,0.5448,0.4974,0.4558,0.5372,0.4514,0.5704,0.7226,0.7038,0.7468,0.697,0.5474,0.4092,0.5196,0.4888,0.4632,0.852,0.5472,0.2888,0.2414,0.2638,0.0,0.0,0.0,0.0,0.0,0.0,0.0,0.0,0.0,0.0,0.0,0.0,0.0,0.0,0.0,0.0,0.0,0.0,0.0
C03_15,0.5728,0.67,0.6568,0.67,0.6216,0.577,0.5958,0.6103,0.5648,0.5932,0.7998,0.8132,0.6014,0.6064,0.4906,0.4607,0.5562,0.5199,0.7618,0.5418,0.5418,0.4604,0.8712,0.4464,0.8806,0.885,0.608,0.8426,0.6022,0.57,0.7612,0.6246,0.5942,0.613,0.6668,0.6222,0.5914,0.4334,0.3884,0.4564,0.3616,0.6121,0.6164,0.4434,0.391,0.3274,0.3028,0.5104,0.7136,0.7446,0.7812,0.7242,0.856,0.662,0.7708,0.7362,0.4374,0.4858,0.773,0.6814,0.655,0.6008,0.6336,0.7744,0.8738,0.9078,0.5734,0.8164,0.8194,0.9404,0.1888,0.6052,0.5462,0.5196,0.5842,0.502,0.506,0.7272,0.7094,0.75,0.7016,0.501,0.419,0.4814,0.4304,0.5122,0.8526,0.5708,0.4052,0.1276,0.1066,0.2228,0.0,0.0,0.0,0.0,0.0,0.0,0.0,0.0,0.0,0.0,0.0,0.0,0.0,0.0,0.0,0.0,0.0,0.0
C04_01,0.645,0.6334,0.6222,0.66,0.5802,0.5856,0.5974,0.5199,0.56,0.5238,0.8616,0.8954,0.5152,0.5064,0.6704,0.6509,0.7096,0.6017,0.7898,0.6776,0.6776,0.5456,0.8616,0.5218,0.8798,0.8984,0.7452,0.912,0.667,0.6094,0.8034,0.5872,0.5592,0.562,0.6062,0.5474,0.516,0.6118,0.5598,0.5738,0.5592,0.4863,0.5036,0.6098,0.5324,0.6026,0.588,0.5576,0.7552,0.699,0.7224,0.6692,0.7972,0.5552,0.6648,0.62,0.5946,0.5044,0.6584,0.5308,0.5152,0.4856,0.4684,0.6924,0.7948,0.8504,0.5396,0.8196,0.8278,0.904,0.4976,0.4896,0.5924,0.5848,0.6096,0.5336,0.5982,0.754,0.7172,0.7542,0.7178,0.7132,0.5782,0.6952,0.6388,0.5028,0.7938,0.6286,0.3696,0.4758,0.4716,0.4106,0.4646,0.0,0.0,0.0,0.0,0.0,0.0,0.0,0.0,0.0,0.0,0.0,0.0,0.0,0.0,0.0,0.0,0.0
C05_01,0.5444,0.6258,0.6118,0.652,0.6064,0.5518,0.5746,0.5227,0.5346,0.5758,0.8922,0.9086,0.6666,0.6578,0.683,0.6423,0.7182,0.7123,0.8316,0.726,0.726,0.6348,0.9184,0.5606,0.9358,0.9404,0.7504,0.9216,0.625,0.5754,0.8476,0.6638,0.6312,0.6376,0.7372,0.71,0.6584,0.6456,0.6294,0.6532,0.6136,0.6055,0.6284,0.6402,0.587,0.5312,0.5202,0.6816,0.8276,0.814,0.8346,0.803,0.8912,0.7004,0.775,0.7498,0.6392,0.5324,0.6936,0.6414,0.629,0.5626,0.601,0.7224,0.8288,0.884,0.6272,0.8386,0.8502,0.9182,0.5086,0.5934,0.6038,0.569,0.6296,0.565,0.626,0.784,0.7792,0.8026,0.7678,0.6492,0.4786,0.6148,0.595,0.5604,0.884,0.6694,0.408,0.44,0.4672,0.3384,0.434,0.3396,0.0,0.0,0.0,0.0,0.0,0.0,0.0,0.0,0.0,0.0,0.0,0.0,0.0,0.0,0.0,0.0
C06_02,0.766,0.7322,0.7172,0.7026,0.6786,0.6466,0.669,0.6821,0.6546,0.6454,0.878,0.8994,0.6128,0.614,0.67,0.6493,0.7024,0.6843,0.7316,0.6818,0.6818,0.5662,0.8802,0.5812,0.8786,0.8976,0.7328,0.903,0.6596,0.644,0.8312,0.6744,0.6562,0.6648,0.6032,0.5746,0.4024,0.6542,0.6394,0.5602,0.6218,0.5071,0.4946,0.6524,0.6216,0.5922,0.5936,0.5268,0.7802,0.5456,0.569,0.4998,0.6222,0.4032,0.5098,0.49,0.695,0.6462,0.7338,0.5512,0.515,0.56,0.5042,0.7522,0.8246,0.852,0.6214,0.8478,0.852,0.9156,0.5242,0.5318,0.6056,0.6076,0.6156,0.5118,0.7012,0.7716,0.7324,0.7794,0.743,0.6972,0.6348,0.7046,0.6418,0.6328,0.6172,0.6338,0.4922,0.4534,0.5014,0.4802,0.4852,0.486,0.5868,0.0,0.0,0.0,0.0,0.0,0.0,0.0,0.0,0.0,0.0,0.0,0.0,0.0,0.0,0.0
C07_02,0.7198,0.7656,0.7552,0.7764,0.7086,0.7232,0.7386,0.6975,0.7128,0.6552,0.8336,0.8544,0.5102,0.512,0.6308,0.6283,0.6866,0.5277,0.787,0.6256,0.6256,0.51,0.8492,0.5738,0.8402,0.864,0.7252,0.8764,0.7646,0.7412,0.7924,0.679,0.6646,0.6694,0.6202,0.569,0.4384,0.5756,0.51,0.4628,0.5264,0.4759,0.4656,0.5848,0.5472,0.6366,0.6044,0.383,0.6762,0.5498,0.5894,0.5142,0.6574,0.4648,0.562,0.5258,0.5818,0.6162,0.7336,0.5252,0.5064,0.562,0.4782,0.739,0.83,0.869,0.6348,0.827,0.8206,0.9254,0.4796,0.539,0.6954,0.7052,0.7144,0.612,0.647,0.821,0.774,0.8168,0.7828,0.7288,0.6622,0.7298,0.6604,0.6232,0.6694,0.6978,0.515,0.4792,0.464,0.5368,0.4794,0.423,0.611,0.2964,0.0,0.0,0.0,0.0,0.0,0.0,0.0,0.0,0.0,0.0,0.0,0.0,0.0,0.0
C07_07,0.6708,0.7476,0.7364,0.7366,0.697,0.676,0.6958,0.6885,0.6728,0.6626,0.8148,0.8364,0.5964,0.5926,0.6336,0.6243,0.6788,0.6013,0.716,0.5936,0.5936,0.4876,0.8412,0.5238,0.8642,0.8742,0.704,0.8648,0.6928,0.6706,0.7748,0.6788,0.6664,0.668,0.647,0.5974,0.4712,0.6018,0.5884,0.5102,0.5826,0.5433,0.5332,0.6034,0.5736,0.5274,0.5136,0.4948,0.7508,0.5198,0.5504,0.4988,0.6152,0.452,0.5278,0.5004,0.642,0.6478,0.7348,0.5564,0.5522,0.571,0.5432,0.7528,0.838,0.8738,0.6354,0.829,0.8326,0.9302,0.478,0.5446,0.6468,0.6426,0.657,0.5428,0.654,0.807,0.7656,0.811,0.7758,0.6248,0.5572,0.6292,0.5514,0.6382,0.673,0.6854,0.5018,0.4016,0.4474,0.4672,0.4202,0.454,0.5456,0.187,0.2734,0.0,0.0,0.0,0.0,0.0,0.0,0.0,0.0,0.0,0.0,0.0,0.0,0.0
C08_01,0.6344,0.6196,0.6066,0.6406,0.5784,0.5068,0.5244,0.5293,0.4912,0.5512,0.9016,0.9132,0.6434,0.643,0.6438,0.6017,0.6652,0.6909,0.8046,0.714,0.714,0.6034,0.9098,0.528,0.9138,0.9258,0.7026,0.9084,0.551,0.4966,0.8426,0.6,0.56,0.5754,0.6476,0.6416,0.5194,0.6108,0.5572,0.5866,0.5178,0.4973,0.5198,0.6112,0.5282,0.4862,0.4978,0.5962,0.7816,0.7798,0.8024,0.7502,0.8674,0.625,0.7312,0.7034,0.5516,0.3906,0.6822,0.5846,0.5186,0.4744,0.4872,0.6972,0.8042,0.8518,0.543,0.848,0.8542,0.903,0.4128,0.5214,0.497,0.4676,0.5312,0.4786,0.5702,0.6696,0.6684,0.696,0.6484,0.6384,0.4912,0.5944,0.5698,0.4266,0.7986,0.5188,0.3316,0.343,0.3314,0.2088,0.328,0.3406,0.2696,0.5154,0.5476,0.5072,0.0,0.0,0.0,0.0,0.0,0.0,0.0,0.0,0.0,0.0,0.0,0.0
C08_02,0.5806,0.6534,0.6372,0.6764,0.63,0.5728,0.5934,0.5497,0.5544,0.5984,0.9092,0.9232,0.6816,0.6756,0.6856,0.6471,0.7168,0.7249,0.8374,0.7392,0.7392,0.6522,0.9278,0.5914,0.936,0.9438,0.751,0.9268,0.6334,0.5824,0.8678,0.6186,0.583,0.5914,0.695,0.6874,0.5948,0.644,0.6002,0.6336,0.5778,0.5389,0.5626,0.6434,0.5818,0.5538,0.5472,0.6412,0.81,0.8154,0.8314,0.7888,0.8888,0.671,0.7672,0.7418,0.6064,0.4684,0.6838,0.6108,0.5654,0.5162,0.5344,0.704,0.8186,0.8732,0.5812,0.8476,0.857,0.9106,0.4936,0.5662,0.587,0.5552,0.619,0.5696,0.6184,0.7516,0.7374,0.765,0.7254,0.6844,0.5188,0.648,0.6226,0.4912,0.8542,0.617,0.3732,0.4434,0.4346,0.324,0.4262,0.3224,0.1292,0.5868,0.5928,0.5622,0.2082,0.0,0.0,0.0,0.0,0.0,0.0,0.0,0.0,0.0,0.0,0.0
C12_02,0.616,0.6702,0.6452,0.6478,0.6236,0.5508,0.5856,0.6209,0.5592,0.5964,0.8146,0.8272,0.6234,0.6286,0.48,0.4543,0.5314,0.5451,0.7362,0.554,0.554,0.4622,0.8728,0.4826,0.866,0.876,0.5876,0.8372,0.5778,0.5588,0.7748,0.5946,0.5628,0.5854,0.6158,0.592,0.5212,0.4312,0.3778,0.4342,0.3372,0.5591,0.5588,0.4352,0.4082,0.3958,0.3868,0.4656,0.6918,0.7294,0.7566,0.6856,0.8332,0.6108,0.7392,0.7058,0.4372,0.4726,0.7528,0.6588,0.604,0.5642,0.579,0.7496,0.8444,0.8756,0.5382,0.817,0.8182,0.9178,0.181,0.575,0.5438,0.521,0.5754,0.5006,0.5272,0.6784,0.6578,0.7032,0.6524,0.5628,0.4934,0.5458,0.4926,0.4812,0.7984,0.5134,0.4126,0.1234,0.135,0.2638,0.1488,0.4682,0.476,0.4326,0.4394,0.406,0.3286,0.448,0.0,0.0,0.0,0.0,0.0,0.0,0.0,0.0,0.0,0.0
C12_04,0.6446,0.6508,0.6294,0.623,0.6014,0.5274,0.5606,0.5923,0.5374,0.5772,0.8246,0.8398,0.6336,0.634,0.5384,0.5031,0.5698,0.6167,0.699,0.5892,0.5892,0.4902,0.8678,0.4698,0.8754,0.8846,0.6114,0.85,0.5266,0.507,0.775,0.611,0.583,0.6028,0.6284,0.6074,0.5346,0.5298,0.511,0.5274,0.4698,0.5979,0.6,0.5346,0.4904,0.3638,0.38,0.5688,0.773,0.7444,0.7634,0.7068,0.8354,0.6202,0.7386,0.7102,0.552,0.5248,0.7626,0.676,0.6334,0.5884,0.6076,0.7738,0.8614,0.8894,0.5542,0.8438,0.8516,0.9328,0.299,0.5844,0.5042,0.4774,0.5352,0.4578,0.5792,0.6958,0.674,0.7216,0.6732,0.5358,0.4618,0.5274,0.4752,0.5268,0.8066,0.5274,0.3856,0.1762,0.2588,0.2352,0.2094,0.4746,0.455,0.375,0.4672,0.3514,0.342,0.46,0.1868,0.0,0.0,0.0,0.0,0.0,0.0,0.0,0.0,0.0
C12_05,0.6322,0.6686,0.6454,0.6414,0.616,0.5436,0.5784,0.6075,0.5534,0.5892,0.821,0.8346,0.6266,0.6264,0.5256,0.4921,0.5652,0.6041,0.6986,0.5728,0.5728,0.4716,0.8656,0.4626,0.8752,0.8836,0.6094,0.8488,0.5458,0.528,0.7706,0.6046,0.576,0.597,0.629,0.6014,0.5438,0.5094,0.4924,0.513,0.447,0.6031,0.6036,0.515,0.474,0.3392,0.3482,0.5574,0.766,0.7394,0.761,0.7044,0.8344,0.6226,0.7414,0.7118,0.5356,0.5246,0.7644,0.6792,0.6406,0.594,0.6154,0.7762,0.8644,0.8956,0.5492,0.8394,0.847,0.9364,0.2768,0.5898,0.5156,0.4876,0.5484,0.4682,0.5694,0.7118,0.6842,0.7326,0.6852,0.512,0.44,0.5062,0.45,0.527,0.82,0.5408,0.3836,0.1534,0.2342,0.2284,0.1838,0.4762,0.4546,0.3854,0.467,0.3526,0.349,0.4574,0.1718,0.0474,0.0,0.0,0.0,0.0,0.0,0.0,0.0,0.0
C14_02,0.7248,0.7404,0.7278,0.7454,0.6806,0.6956,0.712,0.6679,0.6838,0.6204,0.836,0.8632,0.453,0.4494,0.6152,0.6037,0.6658,0.5111,0.7646,0.604,0.604,0.483,0.8502,0.5374,0.8396,0.8684,0.7074,0.8848,0.735,0.7022,0.7938,0.6154,0.595,0.6042,0.5966,0.5564,0.4876,0.5402,0.462,0.468,0.4838,0.5189,0.5138,0.5514,0.5082,0.597,0.559,0.45,0.6902,0.6822,0.7196,0.6402,0.7906,0.5556,0.6858,0.6468,0.5548,0.5766,0.7444,0.6082,0.5772,0.5722,0.5434,0.7488,0.846,0.8944,0.5694,0.8336,0.8334,0.9376,0.4238,0.554,0.6652,0.6678,0.6894,0.5922,0.625,0.8008,0.7468,0.7978,0.76,0.7112,0.6298,0.7088,0.6364,0.5606,0.7782,0.6588,0.4452,0.4492,0.4006,0.4792,0.429,0.3734,0.5738,0.4304,0.2498,0.4196,0.495,0.5374,0.399,0.4424,0.4398,0.0,0.0,0.0,0.0,0.0,0.0,0.0
C15_02,0.6614,0.6062,0.5938,0.587,0.5662,0.4806,0.5008,0.5593,0.4742,0.557,0.8678,0.89,0.678,0.6742,0.6586,0.6079,0.668,0.7431,0.6802,0.6502,0.6502,0.565,0.8802,0.4716,0.9156,0.921,0.6944,0.9006,0.4924,0.4584,0.8048,0.6136,0.5848,0.599,0.6684,0.66,0.603,0.6392,0.6694,0.662,0.6338,0.6597,0.67,0.6472,0.6174,0.3528,0.3938,0.7242,0.8732,0.7984,0.804,0.766,0.8608,0.6592,0.749,0.7316,0.6994,0.578,0.7312,0.7084,0.6716,0.5822,0.6512,0.773,0.8496,0.8842,0.5708,0.8722,0.8884,0.924,0.4714,0.5894,0.5242,0.4864,0.541,0.4438,0.6766,0.7138,0.6942,0.7348,0.6966,0.5112,0.408,0.5052,0.4816,0.5546,0.8462,0.5762,0.396,0.347,0.4256,0.2466,0.3642,0.496,0.403,0.4908,0.6238,0.48,0.3338,0.425,0.393,0.2786,0.286,0.5888,0.0,0.0,0.0,0.0,0.0,0.0
C16_01,0.622,0.7152,0.6982,0.7044,0.6648,0.6118,0.637,0.6571,0.609,0.6372,0.8326,0.8372,0.6374,0.6366,0.5676,0.5361,0.61,0.6027,0.7256,0.5798,0.5798,0.4984,0.8764,0.4844,0.8914,0.8962,0.6502,0.8604,0.6158,0.586,0.786,0.5746,0.5428,0.563,0.6182,0.6094,0.5402,0.5144,0.4684,0.5108,0.4214,0.5965,0.6,0.5258,0.4746,0.358,0.3468,0.5432,0.7484,0.7754,0.7994,0.7372,0.8672,0.6528,0.7732,0.7492,0.485,0.485,0.7736,0.6896,0.6374,0.589,0.612,0.7832,0.8762,0.9078,0.5192,0.8478,0.8544,0.942,0.2766,0.608,0.5312,0.5038,0.573,0.5156,0.5494,0.7096,0.6742,0.7242,0.6768,0.516,0.4254,0.5008,0.4408,0.4916,0.846,0.5328,0.365,0.2164,0.1752,0.2192,0.1754,0.459,0.4382,0.4654,0.4876,0.4122,0.3038,0.4072,0.195,0.2038,0.183,0.4244,0.3304,0.0,0.0,0.0,0.0,0.0
C16_02,0.596,0.6898,0.6734,0.681,0.6378,0.5824,0.607,0.6247,0.5766,0.612,0.817,0.8246,0.625,0.6228,0.569,0.5357,0.6114,0.6007,0.7116,0.5654,0.5654,0.4772,0.8614,0.4472,0.8886,0.8914,0.6476,0.8556,0.5886,0.561,0.7654,0.608,0.5808,0.5978,0.6564,0.627,0.5856,0.5192,0.5052,0.528,0.4696,0.6367,0.6398,0.5294,0.4816,0.3066,0.2964,0.5868,0.7744,0.77,0.7918,0.7464,0.8628,0.6682,0.7706,0.7446,0.5316,0.5232,0.7678,0.698,0.6702,0.6046,0.6464,0.7858,0.8782,0.9124,0.5594,0.8408,0.849,0.9454,0.3044,0.6092,0.5318,0.5034,0.5692,0.4886,0.561,0.7378,0.7086,0.7536,0.7094,0.4646,0.3652,0.4536,0.3922,0.535,0.8608,0.5748,0.3782,0.2018,0.2326,0.2028,0.1752,0.469,0.4102,0.4592,0.5066,0.3898,0.3238,0.417,0.2352,0.1728,0.153,0.4678,0.2616,0.124,0.0,0.0,0.0,0.0
C16_04,0.6398,0.692,0.6714,0.6742,0.64,0.5694,0.6026,0.6337,0.5778,0.6114,0.8346,0.8388,0.624,0.628,0.5304,0.4973,0.5666,0.5941,0.7278,0.59,0.59,0.4866,0.8746,0.483,0.8726,0.8824,0.6106,0.845,0.5586,0.5402,0.7848,0.599,0.5656,0.5898,0.6198,0.6,0.5182,0.5104,0.4614,0.4984,0.4076,0.5767,0.577,0.515,0.458,0.3652,0.3712,0.5238,0.7358,0.7476,0.7732,0.713,0.8464,0.6266,0.7502,0.7224,0.4802,0.4728,0.761,0.6636,0.6118,0.572,0.5856,0.7652,0.857,0.8882,0.5392,0.8364,0.841,0.932,0.2562,0.5862,0.506,0.4806,0.5428,0.48,0.5386,0.6858,0.6668,0.7104,0.6606,0.5318,0.4578,0.514,0.4612,0.4914,0.8078,0.5074,0.3842,0.1744,0.179,0.2252,0.1746,0.472,0.4648,0.4202,0.4594,0.3924,0.3056,0.4372,0.1288,0.1372,0.1236,0.417,0.3356,0.129,0.171,0.0,0.0,0.0
C17_01,0.655,0.5284,0.506,0.538,0.481,0.4236,0.454,0.4495,0.4098,0.4502,0.8732,0.9012,0.6304,0.6304,0.627,0.5779,0.647,0.6935,0.7672,0.6884,0.6884,0.5744,0.8896,0.4486,0.9116,0.9208,0.6854,0.9038,0.5108,0.455,0.8046,0.6034,0.5632,0.5782,0.6426,0.6322,0.5672,0.5828,0.584,0.6094,0.5652,0.5711,0.5888,0.588,0.5404,0.4338,0.441,0.6532,0.8376,0.7834,0.7964,0.7522,0.8592,0.631,0.7288,0.6976,0.6268,0.474,0.709,0.634,0.589,0.5128,0.565,0.7302,0.8362,0.8806,0.5438,0.865,0.8764,0.925,0.4102,0.5068,0.518,0.4802,0.5464,0.4526,0.6176,0.7288,0.719,0.753,0.7074,0.5924,0.4528,0.564,0.544,0.4814,0.8394,0.5768,0.2884,0.3122,0.3692,0.1522,0.3172,0.3754,0.2894,0.4872,0.5628,0.478,0.2074,0.3044,0.3476,0.285,0.2924,0.5204,0.236,0.3214,0.278,0.314,0.0,0.0
C18_01,0.6854,0.6752,0.6614,0.692,0.6248,0.6252,0.6418,0.5733,0.6058,0.5722,0.8918,0.923,0.5338,0.5236,0.709,0.6887,0.7512,0.6599,0.7988,0.7124,0.7124,0.5838,0.8888,0.5636,0.9068,0.9248,0.7858,0.9396,0.7014,0.6512,0.841,0.6186,0.5918,0.5952,0.5934,0.5418,0.4578,0.6526,0.6128,0.575,0.6156,0.4429,0.4534,0.6524,0.5872,0.6356,0.6162,0.54,0.7622,0.6456,0.6728,0.6152,0.7364,0.4882,0.5924,0.557,0.6582,0.5616,0.644,0.4714,0.4666,0.4704,0.4274,0.6818,0.7798,0.8408,0.572,0.8208,0.8276,0.899,0.5532,0.466,0.6248,0.6212,0.6376,0.537,0.6558,0.7934,0.7542,0.7938,0.7614,0.7342,0.6062,0.724,0.6678,0.5554,0.7374,0.6682,0.3944,0.5134,0.518,0.4486,0.5116,0.1606,0.394,0.394,0.36,0.3718,0.395,0.3816,0.5048,0.486,0.491,0.3798,0.5132,0.4926,0.5006,0.5014,0.415,0.0
