Chain,ResNum,Residue,X,Y,Z,Weight
A,2,SER,-15.84430838333318,-13.558749439789892,-6.5238860372585865,0.0
A,3,HIS,-19.28624959061788,-8.007891897374488,-5.069292176945474,0.0
A,4,SER,-11.501400047806207,-6.706989624842285,-4.98284359079095,0.0
A,5,MET,-12.690944329216125,-2.62720151700534,0.8913753358474208,0.0
A,6,ARG,-7.518190706292601,-5.658968562174263,-4.883082882351251,0.0
A,7,TYR,-9.097040473170978,0.9770339339681048,1.2068422561834924,1.0
A,8,PHE,-4.924381111614726,0.7694464533283747,-6.169213247755247,0.0
A,9,HIS,-2.395242500276129,3.908938874107148,1.1223909188279189,5.4
A,10,THR,0.8655536761279081,7.0655830093604175,-5.416239706965063,0.0
A,11,SER,4.683134201106804,8.854651475789785,-0.3460522291914396,0.0
A,12,VAL,5.6522587429269775,11.421247076674906,-5.6906170986195175,0.0
A,13,SER,10.988004968214923,12.501184799440844,-1.943588930139394,0.0
A,14,ARG,5.651262542135383,17.411705234131997,-3.4844665313009577,0.0
A,15,PRO,13.736538419228486,15.867542013684371,-4.043198318440758,0.0
A,16,GLY,13.568333333333332,20.786,-2.260666666666667,0.0
A,17,ARG,9.960621512950206,20.90500877272905,-6.854281481056423,0.0
A,18,GLY,9.009,20.740333333333336,0.6813333333333333,0.0
A,19,GLU,7.297134936225216,17.355987590078968,4.9531806239356,0.0
A,20,PRO,7.477206697923212,13.38379118736334,1.3700520174951232,0.0
A,21,ARG,0.0844868375138511,15.732863017052658,-4.836211420773838,0.0
A,22,PHE,-0.4839143253683419,9.144467850998286,1.778271411465095,0.0
A,23,ILE,-2.479910205992289,11.367063618040795,-4.299631309555983,0.0
A,24,THR,-4.969731236795564,6.657304423945633,0.1256872590382815,1.2
A,25,VAL,-7.146144761294118,6.369769133695428,-5.339816275374988,0.0
A,26,GLY,-9.968333333333332,3.666333333333333,-2.442333333333333,0.0
A,27,TYR,-10.191034950204244,2.708406505450495,-7.813605785766207,0.0
A,28,VAL,-16.301389969417666,-1.3620051507101518,-3.2337619627859437,0.0
A,29,ASP,-16.558728826214907,-4.917528073407697,-7.118133571990936,0.0
A,30,ASP,-14.537129910198669,-2.529961592311801,-12.09653631185748,0.0
A,31,THR,-17.758097899228037,2.099198980903194,-8.044654062346398,0.0
A,32,LEU,-12.141811591619607,6.726777190234489,-6.912908222949119,0.0
A,33,PHE,-14.450179075424323,3.069323842176241,-1.3571528495479148,0.0
A,34,VAL,-12.770216448661625,6.142353963222263,0.0670824925073928,0.0
A,35,ARG,-7.867005000996432,11.588382589894634,-5.270302881219111,0.0
A,36,PHE,-5.518348308281207,12.137247165653616,2.920061536390401,0.0
A,37,ASP,-4.057087181628893,15.504662355776343,-2.802623619376093,0.0
A,38,SER,-0.415117082853002,14.93450972432761,1.29161037999885,0.0
A,39,ASP,0.2841291601890077,18.307146025415072,-2.0579694530924244,0.0
A,40,ALA,-6.3550515638654135,18.579458085591792,-0.3548236600256881,0.0
A,41,ALA,-7.013687794635997,23.79491436597911,0.744796939715085,0.0
A,42,SER,-9.294364066674532,21.82134489577944,4.337502418449565,0.0
A,43,PRO,-4.891109058130949,18.23252776628982,4.130849469627453,0.0
A,44,ARG,-13.050984148099428,17.295891961649904,4.197506611388242,0.0
A,45,GLU,-10.296561295549743,8.853424412225573,2.9856964401998702,2.8
A,46,GLU,-12.290948184543508,15.282338605961376,-0.4418058654331078,0.0
A,47,PRO,-17.1464017393936,11.744745882551715,0.4418245976079974,0.0
A,48,ARG,-13.514203165262208,11.40661341582188,-6.04993753571863,0.0
A,49,ALA,-19.252664082999527,6.501308465928087,-4.445388684335541,0.0
A,50,PRO,-23.35296323341359,8.381047419525082,-4.841526048433252,0.0
A,51,TRP,-20.83018502957292,3.1398565268380403,-2.2842146563524466,0.0
A,52,ILE,-18.356498161550217,5.735186020475776,0.7927354144181412,0.0
A,53,GLU,-22.011854395767564,11.734004614235738,-0.4340860937933654,0.0
A,54,GLN,-26.179759961653183,6.294360730370538,2.6949826667490733,0.0
A,55,GLU,-19.90515123656442,4.611237835221214,6.239875098677849,0.0
A,56,GLY,-21.33633333333333,8.516,9.849666666666668,0.0
A,57,PRO,-20.03966819932335,12.430415669302636,11.590744402809287,0.0
A,58,GLU,-18.222083283026965,8.102249877428877,15.81993389312877,0.0
A,59,TYR,-15.743947919455314,5.447118715474585,6.691992713370648,0.0
A,60,TRP,-16.504717197258334,10.0702650712478,5.147680789383738,0.0
A,61,ASP,-13.659986198756554,12.970259175295777,12.373965688390305,0.0
A,62,ARG,-11.0010376424965,3.623414316958914,11.894218498394448,0.0
A,63,GLU,-11.163099619273575,5.250176802632415,6.89027578583207,9.9
A,64,THR,-9.35233283188514,12.508035715120217,7.750868865420001,0.0
A,65,GLN,-7.856352881259586,10.538245464332851,13.684501755267616,0.0
A,66,ILE,-6.653396213243268,4.844827385613113,9.235402319311556,0.0
A,67,CYS,-6.004967295441267,8.462821636225563,4.582174983661364,7.6
A,68,LYS,-4.426449838438317,14.228858377123428,8.972130861500839,0.0
A,69,ALA,-1.1892615728386515,7.761736492929911,10.8918313394758,0.0
A,70,LYS,0.5417319364142619,4.27935208710226,4.712866931030644,3.2
A,71,ALA,0.8797728269220618,10.899593277695343,5.032916371761863,0.0
A,72,GLN,2.8927634997178218,11.65445447815233,10.73544886917689,0.0
A,73,THR,4.2982788228981565,4.9766267364644055,8.460591965329979,0.0
A,74,ASP,3.78781119206242,5.971025816384848,2.916723352010305,3.6
A,75,ARG,7.463752215427652,13.00859874665882,7.418046105437912,0.0
A,76,GLU,10.740406064894652,8.743048307060635,9.226463991088483,2.4
A,77,SER,8.534334760863052,4.03510935942705,4.632675242132399,2.7
A,78,LEU,9.28701311690214,8.294787745719956,0.0685645723570614,0.0
A,79,ARG,15.246524576164717,9.16590853528981,7.192866837056338,0.0
A,80,ASN,14.103449360124834,4.219801878893625,6.62198298682098,3.0
A,81,LEU,12.308232208503988,2.424869624128256,0.4404991241531142,0.0
A,82,ARG,18.49533344977833,9.29526955869022,0.6091209509511912,0.0
A,83,GLY,19.133666666666667,5.406666666666666,2.2230000000000003,0.0
A,84,TYR,16.797697404786494,0.2518368713779637,3.924589807074549,0.0
A,85,TYR,16.56091260955551,0.0345116604210106,-3.4220789583964355,0.0
A,86,ASN,24.0515342981814,3.1267122364453703,-1.3160839030304727,0.0
A,87,GLN,19.111230843805053,5.758825466994029,-5.799719172024321,0.0
A,88,SER,21.32541080601874,12.383586963428248,-5.244978208235374,0.0
A,89,GLU,20.52509476745504,14.41036886320954,0.7952042053773619,0.0
A,90,ALA,19.23351185581824,16.091520738737998,-5.709367107508782,0.0
A,91,GLY,16.869,12.712333333333332,-6.567333333333333,0.0
A,92,SER,10.907361430071315,12.840655495142222,-7.239955577138949,0.0
A,93,HIS,14.236508000788318,8.245250934329693,-5.0167431963159554,0.0
A,94,THR,6.789824089395711,7.46027649904476,-6.98934873562408,0.0
A,95,LEU,6.687672259076156,3.75415558923576,-0.6598165037355825,1.5
A,96,GLN,2.7883367792735085,3.5136346290403053,-7.094171281570723,0.0
A,97,ASN,0.8795138503403537,-0.3909321154049103,0.3291117165686406,4.7
A,98,MET,-2.9247780860707566,-3.899354434326293,-4.218523066727862,0.0
A,99,TYR,-4.620444591401058,-1.075571984462178,2.434417792341507,2.1
A,100,GLY,-6.856666666666667,-4.921333333333333,0.2963333333333333,0.0
A,101,CYS,-10.87626463371744,-7.66109626895393,1.7854466870482633,0.0
A,102,ASP,-10.21196249985013,-10.281603678843998,-4.066100991198376,0.0
A,103,VAL,-15.777542735685122,-10.52317324450842,0.0062972242656269,0.0
A,104,GLY,-16.02133333333333,-14.961666666666666,-2.276,0.0
A,105,PRO,-19.61887968227313,-16.41315756054157,-4.39933743047462,0.0
A,106,ASP,-18.64114968387693,-18.050279113496583,0.8734793720700667,0.0
A,107,GLY,-19.374666666666663,-13.454333333333333,1.2486666666666666,0.0
A,108,ARG,-17.778052751914736,-18.876356389574063,4.53965186380509,0.0
A,109,LEU,-10.155639208582118,-13.252727325306688,3.251910726528438,0.0
A,110,LEU,-11.918831256656796,-15.763530922857496,-3.3888707974485293,0.0
A,111,ARG,-6.971443065951812,-16.358527417177346,-3.2459863340604347,0.0
A,112,GLY,-6.221,-11.254,0.9036666666666666,0.0
A,113,TYR,-4.119472781784269,-10.918703400872904,-3.6235068885455,0.0
A,114,HIS,0.9139776143484548,-4.5600370033301605,2.5337323977723827,2.3
A,115,GLN,2.5947588988033607,-6.016800934271452,-5.157682572528434,0.0
A,116,ASP,4.729123294327503,-1.968046069642993,0.240675999824154,5.8
A,117,ALA,5.695684857513182,-0.6722961731776407,-6.293489677256652,0.0
A,118,TYR,12.15085255322459,3.5737644331276845,-3.534821862746552,0.0
A,119,ASP,12.02012977698203,5.025743302533648,-7.407598540345323,0.0
A,120,GLY,7.514,2.1340000000000003,-9.965999999999998,0.0
A,121,LYS,12.867369060525874,-1.163837004996143,-11.146697916916146,0.0
A,122,ASP,6.957654894312582,-6.062230478434225,-8.496275445709559,0.0
A,123,TYR,11.228050976537697,-2.234872441108785,-0.808637104932703,0.0
A,124,ILE,8.315470039745424,-6.444439934897469,1.0376111239826469,0.0
A,125,ALA,4.488499434040832,-8.884486539555558,-2.580928793539268,0.0
A,126,LEU,1.0386884579311078,-10.504615746911876,3.217506345704328,0.0
A,127,ASN,4.614158540763018,-14.90396079551527,-0.2758087398948463,0.0
A,128,GLU,-1.574300482293062,-16.85287920805016,-3.615238560658665,0.0
A,129,ASP,1.8375621105911224,-17.8729264414373,3.1452337812076623,0.0
A,130,LEU,-3.1758681203571584,-13.795046861444376,4.011779309584395,0.0
A,131,SER,1.4072604010275311,-16.637784689305025,7.346181937724848,0.0
A,132,SER,5.373611586046638,-16.302406717680125,3.4874152054002856,0.0
A,133,TRP,5.604189857347053,-9.464512088121255,4.357902407335652,0.0
A,134,THR,7.758792488813007,-12.90362683842507,-2.807505464029341,0.0
A,135,ALA,12.281100992921113,-9.603055374852644,-0.44189225896884,0.0
A,136,ALA,11.402935942805868,-7.280602633322973,-5.424455879230765,0.0
A,137,ASP,15.6418165323843,-5.111727093066473,-4.395247357648034,0.0
A,138,THR,20.38088046004651,-7.563675125294785,-1.6834510833107816,0.0
A,139,ALA,17.283026118575776,-2.7586427783023573,-1.1735614854522105,0.0
A,140,ALA,13.049036606121742,-5.682594280586721,-1.1013936272411105,0.0
A,141,GLN,17.073255894457755,-10.360795694783418,0.5497603724346735,0.0
A,142,ILE,17.861607715637774,-3.908655502479736,4.4193662240700124,0.0
A,143,THR,11.5548837962843,-3.3301635449002904,4.003992793080612,0.0
A,144,GLN,11.869200047339724,-11.04312411889127,3.523578483957253,0.0
A,145,ARG,17.937362164651937,-9.970797656508672,6.795491625070851,0.0
A,146,LYS,11.88225929598386,-2.0436072944126944,10.188334854211268,0.0
A,147,TRP,7.231394243558694,-4.505952532031966,5.971614518999642,0.0
A,148,GLU,10.78365011938535,-12.27252171209717,8.016116308384616,0.0
A,149,ALA,11.915944625147354,-8.574346605124717,13.50534299471576,0.0
A,150,ALA,7.786582861700694,-5.708494892291812,13.337586601136612,0.0
A,151,ARG,4.522844379389463,-12.5290989771579,15.530643607711884,0.0
A,152,VAL,4.456212408262954,-5.883223998691041,9.40676272102582,4.6
A,153,ALA,2.9689709443014074,-11.349672163606186,8.082350344560636,0.0
A,154,GLU,0.3077456824727614,-12.280864227915323,14.637169353332038,0.0
A,155,GLN,0.8049963450704734,-5.586419965491115,13.351178386848725,0.0
A,156,LEU,-0.4238952795590293,-6.480407904843694,6.602175543459698,3.7
A,157,ARG,-3.495357904005369,-15.560559678518713,8.798531654948492,0.0
A,158,ALA,-5.465634626144382,-9.380770290955796,12.438702422774432,1.4
A,159,TYR,-7.456347197645467,-3.790123358900485,6.945195820788424,0.0
A,160,LEU,-5.509646834994778,-8.498146112027905,4.298439666342757,0.0
A,161,GLU,-7.564253340198034,-14.161827114513816,8.07930033137399,0.0
A,162,GLY,-11.094,-9.541333333333332,9.675999999999998,0.0
A,163,GLU,-10.354960092030929,-3.7855295288409287,11.318408529546115,0.0
A,164,CYS,-10.304508595523975,-5.924449487369871,3.6292104764288258,0.0
A,165,VAL,-14.060481604258214,-10.19670110760666,5.081385197827444,0.0
A,166,GLU,-17.055723480901033,-5.761590610026206,10.412374562496687,0.0
A,167,TRP,-15.517268664843872,-0.4639609506787224,7.775324698827722,3.8
A,168,LEU,-15.713102159024306,-6.204097420420375,0.1719486519331374,0.0
A,169,ARG,-20.56936612559155,-9.61275255642671,5.730041755228196,0.0
A,170,ARG,-20.55813394322859,-2.6776715271795037,8.868548758018996,0.0
A,171,TYR,-16.95498167275107,0.4618958478892759,2.701885447868605,2.9
A,172,LEU,-20.526615189170418,-5.699413932442595,-1.7339029638090395,0.0
A,173,GLU,-24.98922318203268,-5.016358244338776,4.143733979090553,0.0
A,174,ASN,-23.760316016204868,1.2825427971139118,3.3205647633705304,0.0
A,175,GLY,-23.73166666666667,0.5650000000000001,-2.03,0.0
A,176,LYS,-29.00268877408453,-4.920760033137306,-2.6359067745731544,0.0
A,177,GLU,-30.564291155278703,1.2156223041102898,-5.29880585625377,0.0
A,178,THR,-24.28893476004621,2.6819661002043893,-7.510571936432629,0.0
A,179,LEU,-20.7786498012729,-0.9327585084322464,-5.028627112120242,0.0
