Residue,ResNum,Atom,AtomNum,X,Y,Z,Charge,Depth,InGroove
SER,2,N,1,-12.842,-14.206,-5.284,-0.4157,0.0,0.0
SER,2,CA,2,-12.242,-13.728,-4.691,-0.0249,0.0,0.0
SER,2,C,3,-12.178,-12.233,-4.588,0.5973,0.0,0.0
SER,2,O,4,-11.871,-11.552,-5.368,-0.5679,0.0,0.0
SER,2,CB,5,-11.279,-14.274,-4.999,0.2117,0.0,0.0
SER,2,OG,6,-10.435,-14.39,-5.206,-0.6546,0.0,0.0
HID,3,N,7,-12.513,-11.741,-3.614,-0.4157,0.0,0.0
HID,3,CA,8,-12.446,-10.355,-3.202,0.0188,0.0,0.0
HID,3,C,9,-11.155,-9.958,-2.502,0.5973,0.0,0.0
HID,3,O,10,-10.492,-10.786,-1.879,-0.5679,0.0,0.0
HID,3,CB,11,-13.647,-9.968,-2.347,-0.0462,0.0,0.0
HID,3,CG,12,-14.963,-10.193,-3.016,-0.0266,0.0,0.0
HID,3,CD2,13,-15.859,-11.199,-2.904,0.1292,0.0,0.0
HID,3,ND1,14,-15.493,-9.31,-3.929,-0.3811,0.0,0.0
HID,3,CE1,15,-16.657,-9.762,-4.353,0.2057,0.0,0.0
HID,3,NE2,16,-16.902,-10.907,-3.745,-0.5727,0.0,0.0
SER,4,N,17,-10.802,-8.683,-2.605,-0.4157,0.0,0.0
SER,4,CA,18,-9.565,-8.201,-2.014,-0.0249,0.0,0.0
SER,4,C,19,-9.733,-6.824,-1.391,0.5973,0.0,0.0
SER,4,O,20,-10.619,-6.057,-1.769,-0.5679,0.0,0.0
SER,4,CB,21,-8.466,-8.149,-3.074,0.2117,0.0,0.0
SER,4,OG,22,-8.767,-7.179,-4.06,-0.6546,0.0,0.0
MET,5,N,23,-8.882,-6.528,-0.42,-0.4157,0.0,0.0
MET,5,CA,24,-8.734,-5.172,0.081,-0.0237,0.0,0.0
MET,5,C,25,-7.269,-4.785,-0.056,0.5973,0.0,0.0
MET,5,O,26,-6.381,-5.597,0.201,-0.5679,0.0,0.0
MET,5,CB,27,-9.179,-5.062,1.539,0.0342,0.0,0.0
MET,5,CG,28,-9.061,-3.651,2.096,0.0018,0.0,0.0
MET,5,SD,29,-9.824,-3.423,3.71,-0.2737,0.0,0.0
MET,5,CE,30,-8.812,-4.466,4.735,-0.0536,0.0,0.0
ARG,6,N,31,-7.021,-3.553,-0.478,-0.3479,0.0,0.0
ARG,6,CA,32,-5.658,-3.075,-0.67,-0.2637,0.0,0.0
ARG,6,C,33,-5.518,-1.644,-0.189,0.7341,0.0,0.0
ARG,6,O,34,-6.387,-0.81,-0.439,-0.5894,0.0,0.0
ARG,6,CB,35,-5.275,-3.117,-2.15,-0.0007,0.0,0.0
ARG,6,CG,36,-5.2,-4.496,-2.754,0.039,0.0,0.0
ARG,6,CD,37,-3.947,-5.232,-2.325,0.0486,0.0,0.0
ARG,6,NE,38,-3.784,-6.446,-3.115,-0.5295,0.0,0.0
ARG,6,CZ,39,-4.393,-7.593,-2.845,0.8076,0.0,0.0
ARG,6,NH1,40,-4.198,-8.647,-3.625,-0.8627,0.0,0.0
ARG,6,NH2,41,-5.195,-7.687,-1.793,-0.8627,0.0,0.0
TYR,7,N,42,-4.419,-1.367,0.501,-0.4157,0.0,0.0
TYR,7,CA,43,-4.018,0.006,0.76,-0.0014,0.0,0.0
TYR,7,C,44,-2.781,0.322,-0.066,0.5973,0.0,0.0
TYR,7,O,45,-1.884,-0.512,-0.201,-0.5679,0.0,0.0
TYR,7,CB,46,-3.741,0.232,2.244,-0.0152,0.0,0.0
TYR,7,CG,47,-4.994,0.33,3.079,-0.0011,0.0,0.0
TYR,7,CD1,48,-5.733,1.502,3.121,-0.1906,0.0,0.0
TYR,7,CD2,49,-5.439,-0.749,3.825,-0.1906,0.0,0.0
TYR,7,CE1,50,-6.882,1.597,3.885,-0.2341,0.0,0.0
TYR,7,CE2,51,-6.586,-0.663,4.591,-0.2341,0.0,0.0
TYR,7,CZ,52,-7.303,0.511,4.617,0.3226,0.0,0.0
TYR,7,OH,53,-8.443,0.6,5.378,-0.5579,0.0,0.0
PHE,8,N,54,-2.753,1.523,-0.632,-0.4157,0.0,0.0
PHE,8,CA,55,-1.627,1.977,-1.432,-0.0024,0.0,0.0
PHE,8,C,56,-1.078,3.263,-0.828,0.5973,0.0,0.0
PHE,8,O,57,-1.762,4.287,-0.818,-0.5679,0.0,0.0
PHE,8,CB,58,-2.068,2.236,-2.874,-0.0343,0.0,0.0
PHE,8,CG,59,-2.652,1.031,-3.561,0.0118,0.0,0.0
PHE,8,CD1,60,-1.845,0.17,-4.285,-0.1256,0.0,0.0
PHE,8,CD2,61,-4.009,0.766,-3.491,-0.1256,0.0,0.0
PHE,8,CE1,62,-2.379,-0.938,-4.924,-0.1704,0.0,0.0
PHE,8,CE2,63,-4.55,-0.341,-4.127,-0.1704,0.0,0.0
PHE,8,CZ,64,-3.732,-1.192,-4.844,-0.1072,0.0,0.0
TYR,9,N,65,0.148,3.201,-0.317,-0.4157,0.0,0.0
TYR,9,CA,66,0.805,4.37,0.261,-0.0014,0.0,0.0
TYR,9,C,67,1.856,4.914,-0.694,0.5973,0.0,0.0
TYR,9,O,68,2.623,4.152,-1.278,-0.5679,0.0,0.0
TYR,9,CB,69,1.517,4.015,1.567,-0.0152,0.0,0.0
TYR,9,CG,70,0.642,3.55,2.708,-0.0011,0.0,0.0
TYR,9,CD1,71,1.217,3.038,3.863,-0.1906,0.0,0.0
TYR,9,CD2,72,-0.745,3.619,2.639,-0.1906,0.0,0.0
TYR,9,CE1,73,0.445,2.608,4.918,-0.2341,0.0,0.0
TYR,9,CE2,74,-1.533,3.185,3.699,-0.2341,0.0,0.0
TYR,9,CZ,75,-0.924,2.681,4.836,0.3226,0.0,0.0
TYR,9,OH,76,-1.674,2.243,5.904,-0.5579,0.0,0.0
THR,10,N,77,1.904,6.234,-0.827,-0.4157,0.0,0.0
THR,10,CA,78,2.932,6.89,-1.625,-0.0389,0.0,0.0
THR,10,C,79,3.509,8.077,-0.86,0.5973,0.0,0.0
THR,10,O,80,2.776,8.983,-0.471,-0.5679,0.0,0.0
THR,10,CB,81,2.375,7.396,-2.972,0.3654,0.0,0.0
THR,10,CG2,82,3.482,8.031,-3.807,-0.2438,0.0,0.0
THR,10,OG1,83,1.8,6.305,-3.701,-0.6761,0.0,0.0
SER,11,N,84,4.818,8.058,-0.634,-0.4157,0.0,0.0
SER,11,CA,85,5.513,9.204,-0.059,-0.0249,0.0,0.0
SER,11,C,86,6.567,9.707,-1.031,0.5973,0.0,0.0
SER,11,O,87,7.335,8.921,-1.583,-0.5679,0.0,0.0
SER,11,CB,88,6.164,8.842,1.277,0.2117,0.0,0.0
SER,11,OG,89,5.191,8.716,2.295,-0.6546,0.0,0.0
VAL,12,N,90,6.597,11.019,-1.238,-0.4157,0.0,0.0
VAL,12,CA,91,7.531,11.626,-2.174,-0.0875,0.0,0.0
VAL,12,C,92,8.252,12.788,-1.507,0.5973,0.0,0.0
VAL,12,O,93,7.617,13.725,-1.025,-0.5679,0.0,0.0
VAL,12,CB,94,6.807,12.148,-3.429,0.2985,0.0,0.0
VAL,12,CG1,95,7.812,12.702,-4.434,-0.3192,0.0,0.0
VAL,12,CG2,96,5.967,11.047,-4.057,-0.3192,0.0,0.0
SER,13,N,97,9.579,12.725,-1.473,-0.4157,0.0,0.0
SER,13,CA,98,10.362,13.803,-0.881,-0.0249,0.0,0.0
SER,13,C,99,10.458,14.983,-1.841,0.5973,0.0,0.0
SER,13,O,100,10.318,14.827,-3.052,-0.5679,0.0,0.0
SER,13,CB,101,11.759,13.316,-0.482,0.2117,0.0,0.0
SER,13,OG,102,12.522,12.951,-1.618,-0.6546,0.0,0.0
ARG,14,N,103,10.691,16.167,-1.288,-0.3479,0.0,0.0
ARG,14,CA,104,10.771,17.385,-2.077,-0.2637,0.0,0.0
ARG,14,C,105,11.733,18.349,-1.399,0.7341,0.0,0.0
ARG,14,O,106,11.316,19.346,-0.814,-0.5894,0.0,0.0
ARG,14,CB,107,9.385,18.013,-2.221,-0.0007,0.0,0.0
ARG,14,CG,108,8.609,18.059,-0.918,0.039,0.0,0.0
ARG,14,CD,109,7.15,18.446,-1.111,0.0486,0.0,0.0
ARG,14,NE,110,6.419,18.289,0.14,-0.5295,0.0,0.0
ARG,14,CZ,111,5.106,18.434,0.274,0.8076,0.0,0.0
ARG,14,NH1,112,4.354,18.748,-0.771,-0.8627,0.0,0.0
ARG,14,NH2,113,4.546,18.261,1.462,-0.8627,0.0,0.0
PRO,15,N,114,13.035,18.041,-1.474,-0.2548,0.0,0.0
PRO,15,CA,115,14.083,18.8,-0.792,-0.0266,0.0,0.0
PRO,15,C,116,13.979,20.291,-1.066,0.5896,0.0,0.0
PRO,15,O,117,13.864,20.701,-2.22,-0.5748,0.0,0.0
PRO,15,CB,118,15.369,18.245,-1.403,-0.007,0.0,0.0
PRO,15,CG,119,15.01,16.867,-1.839,0.0189,0.0,0.0
PRO,15,CD,120,13.585,16.949,-2.292,0.0192,0.0,0.0
GLY,16,N,121,14.017,21.09,-0.01,-0.4157,0.0,0.0
GLY,16,CA,122,13.936,22.528,-0.143,-0.0252,0.0,0.0
GLY,16,C,123,12.511,23.036,-0.168,0.5973,0.0,0.0
GLY,16,O,124,12.276,24.242,-0.154,-0.5679,0.0,0.0
GLY,16,1HA,125,14.398,22.793,-1.093,0.0698,0.0,0.0
GLY,16,2HA,126,14.452,22.985,0.696,0.0698,0.0,0.0
ARG,17,N,127,11.555,22.115,-0.201,-0.3479,0.0,0.0
ARG,17,CA,128,10.147,22.488,-0.255,-0.2637,0.0,0.0
ARG,17,C,129,9.334,21.787,0.831,0.7341,0.0,0.0
ARG,17,O,130,8.175,21.442,0.633,-0.5894,0.0,0.0
ARG,17,CB,131,9.572,22.206,-1.646,-0.0007,0.0,0.0
ARG,17,CG,132,10.243,23.02,-2.749,0.039,0.0,0.0
ARG,17,CD,133,9.627,22.778,-4.119,0.0486,0.0,0.0
ARG,17,NE,134,9.934,21.46,-4.642,-0.5295,0.0,0.0
ARG,17,CZ,135,9.045,20.504,-4.818,0.8076,0.0,0.0
ARG,17,NH1,136,7.786,20.717,-4.515,-0.8627,0.0,0.0
ARG,17,NH2,137,9.413,19.335,-5.302,-0.8627,0.0,0.0
GLY,18,N,138,9.954,21.583,1.982,-0.4157,0.0,0.0
GLY,18,CA,139,9.274,20.993,3.118,-0.0252,0.0,0.0
GLY,18,C,140,9.464,19.497,3.229,0.5973,0.0,0.0
GLY,18,O,141,10.318,18.916,2.559,-0.5679,0.0,0.0
GLY,18,1HA,142,9.653,21.454,4.026,0.0698,0.0,0.0
GLY,18,2HA,143,8.211,21.169,2.981,0.0698,0.0,0.0
GLU,19,N,144,8.66,18.877,4.083,-0.5163,0.0,0.0
GLU,19,CA,145,8.747,17.447,4.331,0.0397,0.0,0.0
GLU,19,C,146,8.038,16.655,3.241,0.5366,0.0,0.0
GLU,19,O,147,7.195,17.193,2.532,-0.5819,0.0,0.0
GLU,19,CB,148,8.143,17.118,5.695,0.056,0.0,0.0
GLU,19,CG,149,8.891,17.716,6.866,0.0136,0.0,0.0
GLU,19,CD,150,10.225,17.065,7.084,0.8054,0.0,0.0
GLU,19,OE1,151,10.428,15.922,6.683,-0.8188,0.0,0.0
GLU,19,OE2,152,11.071,17.694,7.663,-0.8188,0.0,0.0
PRO,20,N,153,8.382,15.366,3.104,-0.2548,0.0,0.0
PRO,20,CA,154,7.757,14.505,2.097,-0.0266,0.0,0.0
PRO,20,C,155,6.242,14.423,2.26,0.5896,0.0,0.0
PRO,20,O,156,5.739,14.342,3.377,-0.5748,0.0,0.0
PRO,20,CB,157,8.389,13.137,2.366,-0.007,0.0,0.0
PRO,20,CG,158,9.707,13.453,2.99,0.0189,0.0,0.0
PRO,20,CD,159,9.455,14.672,3.834,0.0192,0.0,0.0
ARG,21,N,160,5.529,14.448,1.143,-0.3479,0.0,0.0
ARG,21,CA,161,4.078,14.332,1.143,-0.2637,0.0,0.0
ARG,21,C,162,3.669,12.864,1.181,0.7341,0.0,0.0
ARG,21,O,163,4.193,12.055,0.423,-0.5894,0.0,0.0
ARG,21,CB,164,3.511,14.999,-0.106,-0.0007,0.0,0.0
ARG,21,CG,165,1.994,15.028,-0.185,0.039,0.0,0.0
ARG,21,CD,166,1.565,15.665,-1.49,0.0486,0.0,0.0
ARG,21,NE,167,0.128,15.898,-1.568,-0.5295,0.0,0.0
ARG,21,CZ,168,-0.468,16.485,-2.601,0.8076,0.0,0.0
ARG,21,NH1,169,0.254,16.892,-3.635,-0.8627,0.0,0.0
ARG,21,NH2,170,-1.781,16.666,-2.601,-0.8627,0.0,0.0
PHE,22,N,171,2.737,12.528,2.069,-0.4157,0.0,0.0
PHE,22,CA,172,2.236,11.163,2.195,-0.0024,0.0,0.0
PHE,22,C,173,0.793,11.081,1.717,0.5973,0.0,0.0
PHE,22,O,174,-0.064,11.849,2.158,-0.5679,0.0,0.0
PHE,22,CB,175,2.337,10.683,3.647,-0.0343,0.0,0.0
PHE,22,CG,176,1.71,9.33,3.898,0.0118,0.0,0.0
PHE,22,CD1,177,2.451,8.167,3.753,-0.1256,0.0,0.0
PHE,22,CD2,178,0.387,9.226,4.299,-0.1256,0.0,0.0
PHE,22,CE1,179,1.881,6.924,3.991,-0.1704,0.0,0.0
PHE,22,CE2,180,-0.192,7.987,4.539,-0.1704,0.0,0.0
PHE,22,CZ,181,0.557,6.834,4.384,-0.1072,0.0,0.0
ILE,23,N,182,0.535,10.152,0.803,-0.4157,0.0,0.0
ILE,23,CA,183,-0.811,9.917,0.305,-0.0597,0.0,0.0
ILE,23,C,184,-1.183,8.453,0.479,0.5973,0.0,0.0
ILE,23,O,185,-0.374,7.564,0.221,-0.5679,0.0,0.0
ILE,23,CB,186,-0.939,10.296,-1.179,0.1303,0.0,0.0
ILE,23,CG1,187,-0.825,11.812,-1.345,-0.043,0.0,0.0
ILE,23,CG2,188,-2.262,9.79,-1.748,-0.3204,0.0,0.0
ILE,23,CD1,189,-0.891,12.275,-2.778,-0.066,0.0,0.0
SER,24,N,190,-2.408,8.213,0.932,-0.4157,0.0,0.0
SER,24,CA,191,-2.909,6.859,1.094,-0.0249,0.0,0.0
SER,24,C,192,-4.277,6.727,0.454,0.5973,0.0,0.0
SER,24,O,193,-5.134,7.593,0.621,-0.5679,0.0,0.0
SER,24,CB,194,-3.002,6.493,2.576,0.2117,0.0,0.0
SER,24,OG,195,-3.705,5.273,2.748,-0.6546,0.0,0.0
VAL,25,N,196,-4.477,5.644,-0.285,-0.4157,0.0,0.0
VAL,25,CA,197,-5.799,5.308,-0.79,-0.0875,0.0,0.0
VAL,25,C,198,-6.093,3.849,-0.479,0.5973,0.0,0.0
VAL,25,O,199,-5.186,3.015,-0.456,-0.5679,0.0,0.0
VAL,25,CB,200,-5.932,5.57,-2.306,0.2985,0.0,0.0
VAL,25,CG1,201,-5.792,7.057,-2.602,-0.3192,0.0,0.0
VAL,25,CG2,202,-4.904,4.762,-3.087,-0.3192,0.0,0.0
GLY,26,N,203,-7.359,3.549,-0.217,-0.4157,0.0,0.0
GLY,26,CA,204,-7.773,2.19,0.073,-0.0252,0.0,0.0
GLY,26,C,205,-8.792,1.706,-0.938,0.5973,0.0,0.0
GLY,26,O,206,-9.66,2.466,-1.366,-0.5679,0.0,0.0
GLY,26,1HA,207,-6.901,1.536,0.043,0.0698,0.0,0.0
GLY,26,2HA,208,-8.229,2.169,1.063,0.0698,0.0,0.0
TYR,27,N,209,-8.677,0.44,-1.325,-0.4157,0.0,0.0
TYR,27,CA,210,-9.579,-0.157,-2.301,-0.0014,0.0,0.0
TYR,27,C,211,-10.181,-1.451,-1.778,0.5973,0.0,0.0
TYR,27,O,212,-9.515,-2.223,-1.086,-0.5679,0.0,0.0
TYR,27,CB,213,-8.831,-0.474,-3.599,-0.0152,0.0,0.0
TYR,27,CG,214,-8.594,0.704,-4.515,-0.0011,0.0,0.0
TYR,27,CD1,215,-7.557,1.596,-4.279,-0.1906,0.0,0.0
TYR,27,CD2,216,-9.391,0.907,-5.632,-0.1906,0.0,0.0
TYR,27,CE1,217,-7.331,2.669,-5.123,-0.2341,0.0,0.0
TYR,27,CE2,218,-9.172,1.976,-6.483,-0.2341,0.0,0.0
TYR,27,CZ,219,-8.141,2.853,-6.223,0.3226,0.0,0.0
TYR,27,OH,220,-7.92,3.918,-7.067,-0.5579,0.0,0.0
VAL,28,N,221,-11.444,-1.685,-2.105,-0.4157,0.0,0.0
VAL,28,CA,222,-12.024,-3.013,-2.05,-0.0875,0.0,0.0
VAL,28,C,223,-12.27,-3.443,-3.486,0.5973,0.0,0.0
VAL,28,O,224,-13.037,-2.826,-4.185,-0.5679,0.0,0.0
VAL,28,CB,225,-13.341,-3.055,-1.262,0.2985,0.0,0.0
VAL,28,CG1,226,-14.016,-4.403,-1.411,-0.3192,0.0,0.0
VAL,28,CG2,227,-13.101,-2.748,0.186,-0.3192,0.0,0.0
ASP,29,N,228,-11.582,-4.481,-3.924,-0.5163,0.0,0.0
ASP,29,CA,229,-11.592,-4.858,-5.329,0.0381,0.0,0.0
ASP,29,C,230,-11.214,-3.622,-6.142,0.5366,0.0,0.0
ASP,29,O,231,-10.204,-2.991,-5.861,-0.5819,0.0,0.0
ASP,29,CB,232,-12.955,-5.409,-5.751,-0.0303,0.0,0.0
ASP,29,CG,233,-13.337,-6.667,-4.988,0.7994,0.0,0.0
ASP,29,OD1,234,-12.438,-7.473,-4.682,-0.8014,0.0,0.0
ASP,29,OD2,235,-14.534,-6.844,-4.691,-0.8014,0.0,0.0
ASP,30,N,236,-12.024,-3.266,-7.13,-0.5163,0.0,0.0
ASP,30,CA,237,-11.725,-2.108,-7.97,0.0381,0.0,0.0
ASP,30,C,238,-12.421,-0.816,-7.542,0.5366,0.0,0.0
ASP,30,O,239,-12.533,0.129,-8.325,-0.5819,0.0,0.0
ASP,30,CB,240,-12.058,-2.432,-9.427,-0.0303,0.0,0.0
ASP,30,CG,241,-11.187,-3.535,-9.992,0.7994,0.0,0.0
ASP,30,OD1,242,-10.007,-3.622,-9.604,-0.8014,0.0,0.0
ASP,30,OD2,243,-11.681,-4.315,-10.826,-0.8014,0.0,0.0
THR,31,N,244,-12.876,-0.774,-6.295,-0.4157,0.0,0.0
THR,31,CA,245,-13.588,0.388,-5.776,-0.0389,0.0,0.0
THR,31,C,246,-12.79,1.096,-4.686,0.5973,0.0,0.0
THR,31,O,247,-12.528,0.524,-3.63,-0.5679,0.0,0.0
THR,31,CB,248,-14.953,-0.017,-5.187,0.3654,0.0,0.0
THR,31,CG2,249,-15.708,1.204,-4.682,-0.2438,0.0,0.0
THR,31,OG1,250,-15.731,-0.681,-6.188,-0.6761,0.0,0.0
GLN,32,N,251,-12.413,2.346,-4.932,-0.4157,0.0,0.0
GLN,32,CA,252,-11.734,3.126,-3.902,-0.0031,0.0,0.0
GLN,32,C,253,-12.744,3.535,-2.837,0.5973,0.0,0.0
GLN,32,O,254,-13.865,3.924,-3.163,-0.5679,0.0,0.0
GLN,32,CB,255,-11.072,4.37,-4.494,-0.0036,0.0,0.0
GLN,32,CG,256,-10.188,5.103,-3.496,-0.0645,0.0,0.0
GLN,32,CD,257,-9.823,6.504,-3.939,0.6951,0.0,0.0
GLN,32,NE2,258,-10.092,6.817,-5.199,-0.9407,0.0,0.0
GLN,32,OE1,259,-9.307,7.299,-3.153,-0.6086,0.0,0.0
PHE,33,N,260,-12.36,3.445,-1.567,-0.4157,0.0,0.0
PHE,33,CA,261,-13.289,3.783,-0.49,-0.0024,0.0,0.0
PHE,33,C,262,-12.766,4.805,0.526,0.5973,0.0,0.0
PHE,33,O,263,-13.555,5.429,1.234,-0.5679,0.0,0.0
PHE,33,CB,264,-13.826,2.52,0.205,-0.0343,0.0,0.0
PHE,33,CG,265,-12.812,1.802,1.049,0.0118,0.0,0.0
PHE,33,CD1,266,-11.888,0.948,0.471,-0.1256,0.0,0.0
PHE,33,CD2,267,-12.799,1.961,2.425,-0.1256,0.0,0.0
PHE,33,CE1,268,-10.959,0.278,1.249,-0.1704,0.0,0.0
PHE,33,CE2,269,-11.874,1.296,3.209,-0.1704,0.0,0.0
PHE,33,CZ,270,-10.952,0.453,2.622,-0.1072,0.0,0.0
VAL,34,N,271,-11.448,4.982,0.599,-0.4157,0.0,0.0
VAL,34,CA,272,-10.877,6.009,1.472,-0.0875,0.0,0.0
VAL,34,C,273,-9.673,6.703,0.85,0.5973,0.0,0.0
VAL,34,O,274,-9.042,6.178,-0.07,-0.5679,0.0,0.0
VAL,34,CB,275,-10.451,5.446,2.851,0.2985,0.0,0.0
VAL,34,CG1,276,-11.668,5.133,3.713,-0.3192,0.0,0.0
VAL,34,CG2,277,-9.56,4.221,2.682,-0.3192,0.0,0.0
ARG,35,N,278,-9.353,7.876,1.368,-0.3479,0.0,0.0
ARG,35,CA,279,-8.155,8.596,0.966,-0.2637,0.0,0.0
ARG,35,C,280,-7.61,9.422,2.121,0.7341,0.0,0.0
ARG,35,O,281,-8.345,9.824,3.011,-0.5894,0.0,0.0
ARG,35,CB,282,-8.452,9.523,-0.196,-0.0007,0.0,0.0
ARG,35,CG,283,-9.447,10.57,0.142,0.039,0.0,0.0
ARG,35,CD,284,-8.962,11.942,-0.125,0.0486,0.0,0.0
ARG,35,NE,285,-9.237,12.396,-1.473,-0.5295,0.0,0.0
ARG,35,CZ,286,-10.041,13.373,-1.806,0.8076,0.0,0.0
ARG,35,NH1,287,-10.683,14.018,-0.9,-0.8627,0.0,0.0
ARG,35,NH2,288,-10.208,13.692,-3.068,-0.8627,0.0,0.0
PHE,36,N,289,-6.317,9.69,2.068,-0.4157,0.0,0.0
PHE,36,CA,290,-5.653,10.542,3.045,-0.0024,0.0,0.0
PHE,36,C,291,-4.534,11.305,2.347,0.5973,0.0,0.0
PHE,36,O,292,-3.821,10.746,1.514,-0.5679,0.0,0.0
PHE,36,CB,293,-5.084,9.708,4.195,-0.0343,0.0,0.0
PHE,36,CG,294,-4.314,10.514,5.208,0.0118,0.0,0.0
PHE,36,CD1,295,-4.942,11.017,6.337,-0.1256,0.0,0.0
PHE,36,CD2,296,-2.961,10.765,5.032,-0.1256,0.0,0.0
PHE,36,CE1,297,-4.235,11.756,7.272,-0.1704,0.0,0.0
PHE,36,CE2,298,-2.248,11.504,5.962,-0.1704,0.0,0.0
PHE,36,CZ,299,-2.885,12.001,7.084,-0.1072,0.0,0.0
ASP,37,N,300,-4.389,12.582,2.683,-0.5163,0.0,0.0
ASP,37,CA,301,-3.36,13.426,2.088,0.0381,0.0,0.0
ASP,37,C,302,-2.732,14.292,3.172,0.5366,0.0,0.0
ASP,37,O,303,-3.408,15.115,3.785,-0.5819,0.0,0.0
ASP,37,CB,304,-3.968,14.297,0.986,-0.0303,0.0,0.0
ASP,37,CG,305,-2.956,15.224,0.341,0.7994,0.0,0.0
ASP,37,OD1,306,-1.756,15.154,0.673,-0.8014,0.0,0.0
ASP,37,OD2,307,-3.37,16.029,-0.505,-0.8014,0.0,0.0
SER,38,N,308,-1.44,14.098,3.413,-0.4157,0.0,0.0
SER,38,CA,309,-0.757,14.797,4.493,-0.0249,0.0,0.0
SER,38,C,310,-0.652,16.301,4.247,0.5973,0.0,0.0
SER,38,O,311,-0.427,17.069,5.178,-0.5679,0.0,0.0
SER,38,CB,312,0.633,14.201,4.731,0.2117,0.0,0.0
SER,38,OG,313,1.492,14.459,3.636,-0.6546,0.0,0.0
ASP,39,N,314,-0.816,16.721,2.998,-0.5163,0.0,0.0
ASP,39,CA,315,-0.758,18.14,2.664,0.0381,0.0,0.0
ASP,39,C,316,-2.069,18.862,2.958,0.5366,0.0,0.0
ASP,39,O,317,-2.114,20.087,2.96,-0.5819,0.0,0.0
ASP,39,CB,318,-0.371,18.346,1.2,-0.0303,0.0,0.0
ASP,39,CG,319,1.13,18.45,0.996,0.7994,0.0,0.0
ASP,39,OD1,320,1.883,18.33,1.98,-0.8014,0.0,0.0
ASP,39,OD2,321,1.556,18.657,-0.154,-0.8014,0.0,0.0
ALA,40,N,322,-3.134,18.106,3.201,-0.4157,0.0,0.0
ALA,40,CA,323,-4.442,18.696,3.464,0.0337,0.0,0.0
ALA,40,C,324,-4.386,19.641,4.655,0.5973,0.0,0.0
ALA,40,O,325,-3.612,19.431,5.584,-0.5679,0.0,0.0
ALA,40,CB,326,-5.485,17.616,3.693,-0.1825,0.0,0.0
ALA,41,N,327,-5.211,20.668,4.641,-0.4157,0.0,0.0
ALA,41,CA,328,-5.267,21.626,5.736,0.0337,0.0,0.0
ALA,41,C,329,-5.446,20.936,7.069,0.5973,0.0,0.0
ALA,41,O,330,-4.704,21.175,7.985,-0.5679,0.0,0.0
ALA,41,CB,331,-6.364,22.622,5.509,-0.1825,0.0,0.0
SER,42,N,332,-6.428,20.073,7.183,-0.4157,0.0,0.0
SER,42,CA,333,-6.577,19.299,8.389,-0.0249,0.0,0.0
SER,42,C,334,-6.618,17.835,8.012,0.5973,0.0,0.0
SER,42,O,335,-7.677,17.281,7.85,-0.5679,0.0,0.0
SER,42,CB,336,-7.855,19.68,9.106,0.2117,0.0,0.0
SER,42,OG,337,-7.71,20.753,9.825,-0.6546,0.0,0.0
PRO,43,N,338,-5.453,17.23,7.839,-0.2548,0.0,0.0
PRO,43,CA,339,-5.373,15.875,7.307,-0.0266,0.0,0.0
PRO,43,C,340,-6.293,14.9,8.025,0.5896,0.0,0.0
PRO,43,O,341,-6.16,14.693,9.226,-0.5748,0.0,0.0
PRO,43,CB,342,-3.914,15.498,7.537,-0.007,0.0,0.0
PRO,43,CG,343,-3.185,16.792,7.588,0.0189,0.0,0.0
PRO,43,CD,344,-4.135,17.744,8.233,0.0192,0.0,0.0
ARG,44,N,345,-7.214,14.307,7.279,-0.3479,0.0,0.0
ARG,44,CA,346,-8.137,13.319,7.807,-0.2637,0.0,0.0
ARG,44,C,347,-8.303,12.206,6.788,0.7341,0.0,0.0
ARG,44,O,348,-8.243,12.449,5.583,-0.5894,0.0,0.0
ARG,44,CB,349,-9.507,13.951,8.062,-0.0007,0.0,0.0
ARG,44,CG,350,-9.514,15.091,9.065,0.039,0.0,0.0
ARG,44,CD,351,-9.466,14.572,10.486,0.0486,0.0,0.0
ARG,44,NE,352,-10.581,13.678,10.771,-0.5295,0.0,0.0
ARG,44,CZ,353,-10.767,13.063,11.933,0.8076,0.0,0.0
ARG,44,NH1,354,-9.912,13.248,12.923,-0.8627,0.0,0.0
ARG,44,NH2,355,-11.807,12.262,12.105,-0.8627,0.0,0.0
GLU,45,N,356,-8.509,10.985,7.262,-0.5163,0.0,0.0
GLU,45,CA,357,-8.957,9.929,6.37,0.0397,0.0,0.0
GLU,45,C,358,-10.383,10.27,5.953,0.5366,0.0,0.0
GLU,45,O,359,-11.231,10.548,6.801,-0.5819,0.0,0.0
GLU,45,CB,360,-8.912,8.574,7.06,0.056,0.0,0.0
GLU,45,CG,361,-9.512,7.448,6.236,0.0136,0.0,0.0
GLU,45,CD,362,-8.53,6.444,5.782,0.8054,0.0,0.0
GLU,45,OE1,363,-8.687,5.293,6.137,-0.8188,0.0,0.0
GLU,45,OE2,364,-7.602,6.803,5.071,-0.8188,0.0,0.0
GLU,46,N,365,-10.64,10.268,4.648,-0.5163,0.0,0.0
GLU,46,CA,366,-11.932,10.694,4.118,0.0397,0.0,0.0
GLU,46,C,367,-12.598,9.598,3.294,0.5366,0.0,0.0
GLU,46,O,368,-11.921,8.834,2.608,-0.5819,0.0,0.0
GLU,46,CB,369,-11.762,11.953,3.266,0.056,0.0,0.0
GLU,46,CG,370,-11.178,13.137,4.021,0.0136,0.0,0.0
GLU,46,CD,371,-10.884,14.319,3.115,0.8054,0.0,0.0
GLU,46,OE1,372,-10.85,14.138,1.882,-0.8188,0.0,0.0
GLU,46,OE2,373,-10.682,15.427,3.638,-0.8188,0.0,0.0
PRO,47,N,374,-13.935,9.522,3.357,-0.2548,0.0,0.0
PRO,47,CA,375,-14.706,8.526,2.605,-0.0266,0.0,0.0
PRO,47,C,376,-14.689,8.817,1.107,0.5896,0.0,0.0
PRO,47,O,377,-14.711,9.979,0.7,-0.5748,0.0,0.0
PRO,47,CB,378,-16.123,8.695,3.159,-0.007,0.0,0.0
PRO,47,CG,379,-16.168,10.113,3.633,0.0189,0.0,0.0
PRO,47,CD,380,-14.801,10.374,4.191,0.0192,0.0,0.0
ARG,48,N,381,-14.672,7.768,0.313,-0.3479,0.0,0.0
ARG,48,CA,382,-14.643,7.9,-1.118,-0.2637,0.0,0.0
ARG,48,C,383,-15.653,6.971,-1.784,0.7341,0.0,0.0
ARG,48,O,384,-15.769,6.929,-2.997,-0.5894,0.0,0.0
ARG,48,CB,385,-13.252,7.602,-1.597,-0.0007,0.0,0.0
ARG,48,CG,386,-12.385,8.524,-1.639,0.039,0.0,0.0
ARG,48,CD,387,-11.87,9.475,-2.239,0.0486,0.0,0.0
ARG,48,NE,388,-12.706,10.594,-2.531,-0.5295,0.0,0.0
ARG,48,CZ,389,-12.628,11.342,-3.621,0.8076,0.0,0.0
ARG,48,NH1,390,-11.734,11.105,-4.558,-0.8627,0.0,0.0
ARG,48,NH2,391,-13.463,12.35,-3.769,-0.8627,0.0,0.0
ALA,49,N,392,-16.377,6.239,-0.952,-0.4157,0.0,0.0
ALA,49,CA,393,-17.459,5.37,-1.397,0.0337,0.0,0.0
ALA,49,C,394,-18.635,5.511,-0.435,0.5973,0.0,0.0
ALA,49,O,395,-18.438,5.714,0.761,-0.5679,0.0,0.0
ALA,49,CB,396,-16.991,3.925,-1.46,-0.1825,0.0,0.0
PRO,50,N,397,-19.866,5.408,-0.956,-0.2548,0.0,0.0
PRO,50,CA,398,-21.07,5.621,-0.145,-0.0266,0.0,0.0
PRO,50,C,399,-21.173,4.682,1.056,0.5896,0.0,0.0
PRO,50,O,400,-21.601,5.114,2.124,-0.5748,0.0,0.0
PRO,50,CB,401,-22.208,5.336,-1.132,-0.007,0.0,0.0
PRO,50,CG,402,-21.617,5.572,-2.475,0.0189,0.0,0.0
PRO,50,CD,403,-20.191,5.124,-2.363,0.0192,0.0,0.0
TRP,51,N,404,-20.785,3.423,0.884,-0.4157,0.0,0.0
TRP,51,CA,405,-20.979,2.412,1.924,-0.0275,0.0,0.0
TRP,51,C,406,-20.027,2.52,3.12,0.5973,0.0,0.0
TRP,51,O,407,-20.219,1.839,4.126,-0.5679,0.0,0.0
TRP,51,CB,408,-20.93,0.999,1.329,-0.005,0.0,0.0
TRP,51,CG,409,-19.811,0.782,0.357,-0.1415,0.0,0.0
TRP,51,CD1,410,-19.882,0.86,-1.004,-0.1638,0.0,0.0
TRP,51,CD2,411,-18.453,0.447,0.667,0.1243,0.0,0.0
TRP,51,CE2,412,-17.759,0.34,-0.555,0.138,0.0,0.0
TRP,51,CE3,413,-17.757,0.227,1.86,-0.2387,0.0,0.0
TRP,51,NE1,414,-18.654,0.596,-1.559,-0.3418,0.0,0.0
TRP,51,CZ2,415,-16.403,0.024,-0.62,-0.2601,0.0,0.0
TRP,51,CZ3,416,-16.409,-0.086,1.794,-0.1972,0.0,0.0
TRP,51,CH2,417,-15.748,-0.188,0.563,-0.1134,0.0,0.0
ILE,52,N,418,-19.01,3.369,3.019,-0.4157,0.0,0.0
ILE,52,CA,419,-18.08,3.55,4.131,-0.0597,0.0,0.0
ILE,52,C,420,-18.502,4.72,5.017,0.5973,0.0,0.0
ILE,52,O,421,-18.061,4.841,6.158,-0.5679,0.0,0.0
ILE,52,CB,422,-16.628,3.775,3.643,0.1303,0.0,0.0
ILE,52,CG1,423,-15.631,3.536,4.78,-0.043,0.0,0.0
ILE,52,CG2,424,-16.46,5.173,3.073,-0.3204,0.0,0.0
ILE,52,CD1,425,-15.505,2.084,5.193,-0.066,0.0,0.0
GLU,53,N,426,-19.369,5.575,4.488,-0.5163,0.0,0.0
GLU,53,CA,427,-19.795,6.774,5.204,0.0397,0.0,0.0
GLU,53,C,428,-20.443,6.46,6.552,0.5366,0.0,0.0
GLU,53,O,429,-20.404,7.277,7.472,-0.5819,0.0,0.0
GLU,53,CB,430,-20.743,7.608,4.338,0.056,0.0,0.0
GLU,53,CG,431,-20.1,8.141,3.069,0.0136,0.0,0.0
GLU,53,CD,432,-21.073,8.897,2.189,0.8054,0.0,0.0
GLU,53,OE1,433,-22.258,8.98,2.551,-0.8188,0.0,0.0
GLU,53,OE2,434,-20.652,9.406,1.132,-0.8188,0.0,0.0
GLN,54,N,435,-21.022,5.269,6.67,-0.4157,0.0,0.0
GLN,54,CA,436,-21.746,4.881,7.879,-0.0031,0.0,0.0
GLN,54,C,437,-20.836,4.591,9.071,0.5973,0.0,0.0
GLN,54,O,438,-21.303,4.534,10.209,-0.5679,0.0,0.0
GLN,54,CB,439,-22.639,3.67,7.601,-0.0036,0.0,0.0
GLN,54,CG,440,-21.883,2.436,7.14,-0.0645,0.0,0.0
GLN,54,CD,441,-22.803,1.302,6.741,0.6951,0.0,0.0
GLN,54,NE2,442,-22.97,1.108,5.438,-0.9407,0.0,0.0
GLN,54,OE1,443,-23.357,0.607,7.591,-0.6086,0.0,0.0
GLU,55,N,444,-19.545,4.396,8.818,-0.5163,0.0,0.0
GLU,55,CA,445,-18.605,4.145,9.904,0.0397,0.0,0.0
GLU,55,C,446,-18.573,5.337,10.858,0.5366,0.0,0.0
GLU,55,O,447,-18.635,6.488,10.427,-0.5819,0.0,0.0
GLU,55,CB,448,-17.204,3.847,9.362,0.056,0.0,0.0
GLU,55,CG,449,-17.136,2.635,8.439,0.0136,0.0,0.0
GLU,55,CD,450,-17.529,1.34,9.127,0.8054,0.0,0.0
GLU,55,OE1,451,-17.535,1.297,10.376,-0.8188,0.0,0.0
GLU,55,OE2,452,-17.826,0.357,8.416,-0.8188,0.0,0.0
GLY,56,N,453,-18.482,5.055,12.154,-0.4157,0.0,0.0
GLY,56,CA,454,-18.555,6.087,13.172,-0.0252,0.0,0.0
GLY,56,C,455,-17.269,6.866,13.37,0.5973,0.0,0.0
GLY,56,O,456,-16.233,6.52,12.806,-0.5679,0.0,0.0
GLY,56,1HA,457,-19.338,6.789,12.889,0.0698,0.0,0.0
GLY,56,2HA,458,-18.758,5.58,14.114,0.0698,0.0,0.0
PRO,57,N,459,-17.33,7.927,14.186,-0.2548,0.0,0.0
PRO,57,CA,460,-16.197,8.816,14.461,-0.0266,0.0,0.0
PRO,57,C,461,-14.955,8.071,14.937,0.5896,0.0,0.0
PRO,57,O,462,-13.846,8.483,14.612,-0.5748,0.0,0.0
PRO,57,CB,463,-16.723,9.72,15.577,-0.007,0.0,0.0
PRO,57,CG,464,-18.142,9.53,15.625,0.0189,0.0,0.0
PRO,57,CD,465,-18.548,8.351,14.896,0.0192,0.0,0.0
GLU,58,N,466,-15.138,7.008,15.697,-0.5163,0.0,0.0
GLU,58,CA,467,-14.014,6.234,16.192,0.0397,0.0,0.0
GLU,58,C,468,-13.209,5.622,15.04,0.5366,0.0,0.0
GLU,58,O,469,-11.992,5.58,15.086,-0.5819,0.0,0.0
GLU,58,CB,470,-14.476,5.167,17.184,0.056,0.0,0.0
GLU,58,CG,471,-14.85,5.738,18.558,0.0136,0.0,0.0
GLU,58,CD,472,-15.457,5.317,19.292,0.8054,0.0,0.0
GLU,58,OE1,473,-16.258,4.705,18.87,-0.8188,0.0,0.0
GLU,58,OE2,474,-15.14,5.606,20.293,-0.8188,0.0,0.0
TYR,59,N,475,-13.913,5.158,14.021,-0.4157,0.0,0.0
TYR,59,CA,476,-13.284,4.599,12.832,-0.0014,0.0,0.0
TYR,59,C,477,-12.41,5.648,12.156,0.5973,0.0,0.0
TYR,59,O,478,-11.242,5.405,11.856,-0.5679,0.0,0.0
TYR,59,CB,479,-14.353,4.101,11.857,-0.0152,0.0,0.0
TYR,59,CG,480,-13.816,3.59,10.535,-0.0011,0.0,0.0
TYR,59,CD1,481,-13.523,2.244,10.356,-0.1906,0.0,0.0
TYR,59,CD2,482,-13.616,4.452,9.463,-0.1906,0.0,0.0
TYR,59,CE1,483,-13.039,1.771,9.148,-0.2341,0.0,0.0
TYR,59,CE2,484,-13.13,3.987,8.251,-0.2341,0.0,0.0
TYR,59,CZ,485,-12.844,2.646,8.1,0.3226,0.0,0.0
TYR,59,OH,486,-12.362,2.181,6.897,-0.5579,0.0,0.0
TRP,60,N,487,-12.985,6.822,11.926,-0.4157,0.0,0.0
TRP,60,CA,488,-12.283,7.889,11.226,-0.0275,0.0,0.0
TRP,60,C,489,-11.13,8.463,12.045,0.5973,0.0,0.0
TRP,60,O,490,-10.077,8.786,11.497,-0.5679,0.0,0.0
TRP,60,CB,491,-13.265,8.979,10.794,-0.005,0.0,0.0
TRP,60,CG,492,-14.311,8.441,9.876,-0.1415,0.0,0.0
TRP,60,CD1,493,-15.625,8.218,10.168,-0.1638,0.0,0.0
TRP,60,CD2,494,-14.123,8.015,8.522,0.1243,0.0,0.0
TRP,60,CE2,495,-15.368,7.559,8.05,0.138,0.0,0.0
TRP,60,CE3,496,-13.022,7.981,7.662,-0.2387,0.0,0.0
TRP,60,NE1,497,-16.269,7.694,9.073,-0.3418,0.0,0.0
TRP,60,CZ2,498,-15.545,7.077,6.754,-0.2601,0.0,0.0
TRP,60,CZ3,499,-13.199,7.503,6.374,-0.1972,0.0,0.0
TRP,60,CH2,500,-14.451,7.058,5.934,-0.1134,0.0,0.0
ASP,61,N,501,-11.325,8.574,13.355,-0.5163,0.0,0.0
ASP,61,CA,502,-10.27,9.056,14.24,0.0381,0.0,0.0
ASP,61,C,503,-9.085,8.097,14.269,0.5366,0.0,0.0
ASP,61,O,504,-7.933,8.517,14.166,-0.5819,0.0,0.0
ASP,61,CB,505,-10.802,9.258,15.66,-0.0303,0.0,0.0
ASP,61,CG,506,-11.66,10.498,15.794,0.7994,0.0,0.0
ASP,61,OD1,507,-11.763,11.272,14.823,-0.8014,0.0,0.0
ASP,61,OD2,508,-12.232,10.699,16.878,-0.8014,0.0,0.0
ARG,62,N,509,-9.37,6.813,14.409,-0.3479,0.0,0.0
ARG,62,CA,510,-8.332,5.798,14.505,-0.2637,0.0,0.0
ARG,62,C,511,-7.5,5.725,13.228,0.7341,0.0,0.0
ARG,62,O,512,-6.279,5.705,13.263,-0.5894,0.0,0.0
ARG,62,CB,513,-8.943,4.43,14.808,-0.0007,0.0,0.0
ARG,62,CG,514,-7.954,3.279,14.807,0.039,0.0,0.0
ARG,62,CD,515,-8.173,2.354,15.249,0.0486,0.0,0.0
ARG,62,NE,516,-7.649,2.102,14.788,-0.5295,0.0,0.0
ARG,62,CZ,517,-7.557,1.722,14.342,0.8076,0.0,0.0
ARG,62,NH1,518,-7.63,2.227,14.317,-0.8627,0.0,0.0
ARG,62,NH2,519,-7.386,0.825,13.918,-0.8627,0.0,0.0
ASN,63,N,520,-8.186,5.673,12.096,-0.4157,0.0,0.0
ASN,63,CA,521,-7.493,5.571,10.82,0.0143,0.0,0.0
ASN,63,C,522,-6.744,6.851,10.461,0.5973,0.0,0.0
ASN,63,O,523,-5.673,6.803,9.862,-0.5679,0.0,0.0
ASN,63,CB,524,-8.458,5.149,9.71,-0.2041,0.0,0.0
ASN,63,CG,525,-8.81,3.673,9.783,0.713,0.0,0.0
ASN,63,ND2,526,-10.099,3.368,9.783,-0.9191,0.0,0.0
ASN,63,OD1,527,-7.93,2.817,9.844,-0.5931,0.0,0.0
THR,64,N,528,-7.302,7.994,10.841,-0.4157,0.0,0.0
THR,64,CA,529,-6.608,9.261,10.656,-0.0389,0.0,0.0
THR,64,C,530,-5.302,9.265,11.445,0.5973,0.0,0.0
THR,64,O,531,-4.261,9.683,10.938,-0.5679,0.0,0.0
THR,64,CB,532,-7.479,10.459,11.081,0.3654,0.0,0.0
THR,64,CG2,533,-6.66,11.742,11.08,-0.2438,0.0,0.0
THR,64,OG1,534,-8.573,10.603,10.166,-0.6761,0.0,0.0
GLN,65,N,535,-5.359,8.788,12.684,-0.4157,0.0,0.0
GLN,65,CA,536,-4.178,8.737,13.539,-0.0031,0.0,0.0
GLN,65,C,537,-3.106,7.814,12.964,0.5973,0.0,0.0
GLN,65,O,538,-1.918,8.137,12.986,-0.5679,0.0,0.0
GLN,65,CB,539,-4.552,8.297,14.954,-0.0036,0.0,0.0
GLN,65,CG,540,-3.386,8.309,15.928,-0.0645,0.0,0.0
GLN,65,CD,541,-3.082,9.053,16.357,0.6951,0.0,0.0
GLN,65,NE2,542,-3.843,9.423,16.654,-0.9407,0.0,0.0
GLN,65,OE1,543,-2.179,9.295,16.416,-0.6086,0.0,0.0
ILE,66,N,544,-3.529,6.664,12.452,-0.4157,0.0,0.0
ILE,66,CA,545,-2.599,5.729,11.828,-0.0597,0.0,0.0
ILE,66,C,546,-1.928,6.367,10.613,0.5973,0.0,0.0
ILE,66,O,547,-0.72,6.223,10.415,-0.5679,0.0,0.0
ILE,66,CB,548,-3.295,4.416,11.423,0.1303,0.0,0.0
ILE,66,CG1,549,-3.721,3.64,12.673,-0.043,0.0,0.0
ILE,66,CG2,550,-2.372,3.563,10.558,-0.3204,0.0,0.0
ILE,66,CD1,551,-4.574,2.425,12.384,-0.066,0.0,0.0
CYS,67,N,552,-2.71,7.08,9.809,-0.4157,0.0,0.0
CYS,67,CA,553,-2.174,7.767,8.638,0.0213,0.0,0.0
CYS,67,C,554,-1.181,8.862,9.022,0.5973,0.0,0.0
CYS,67,O,555,-0.164,9.051,8.353,-0.5679,0.0,0.0
CYS,67,CB,556,-3.3,8.347,7.781,-0.1231,0.0,0.0
CYS,67,SG,557,-4.208,7.116,6.812,-0.3119,0.0,0.0
LYS,68,N,558,-1.474,9.586,10.097,-0.3479,0.0,0.0
LYS,68,CA,559,-0.558,10.618,10.572,-0.24,0.0,0.0
LYS,68,C,560,0.749,10.003,11.059,0.7341,0.0,0.0
LYS,68,O,561,1.827,10.537,10.807,-0.5894,0.0,0.0
LYS,68,CB,562,-1.198,11.453,11.683,-0.0094,0.0,0.0
LYS,68,CG,563,-2.288,12.39,11.198,0.0187,0.0,0.0
LYS,68,CD,564,-2.82,13.236,12.339,-0.0479,0.0,0.0
LYS,68,CE,565,-3.863,14.221,11.85,-0.0143,0.0,0.0
LYS,68,NZ,566,-4.417,15.023,12.961,-0.3854,0.0,0.0
THR,69,N,567,0.648,8.879,11.759,-0.4157,0.0,0.0
THR,69,CA,568,1.833,8.166,12.217,-0.0389,0.0,0.0
THR,69,C,569,2.642,7.661,11.024,0.5973,0.0,0.0
THR,69,O,570,3.866,7.8,10.986,-0.5679,0.0,0.0
THR,69,CB,571,1.461,6.982,13.129,0.3654,0.0,0.0
THR,69,CG2,572,2.706,6.211,13.537,-0.2438,0.0,0.0
THR,69,OG1,573,0.806,7.473,14.305,-0.6761,0.0,0.0
ASN,70,N,574,1.948,7.082,10.048,-0.4157,0.0,0.0
ASN,70,CA,575,2.598,6.591,8.837,0.0143,0.0,0.0
ASN,70,C,576,3.308,7.701,8.067,0.5973,0.0,0.0
ASN,70,O,577,4.355,7.471,7.462,-0.5679,0.0,0.0
ASN,70,CB,578,1.59,5.882,7.929,-0.2041,0.0,0.0
ASN,70,CG,579,1.093,4.576,8.517,0.713,0.0,0.0
ASN,70,ND2,580,-0.028,4.086,8.002,-0.9191,0.0,0.0
ASN,70,OD1,581,1.709,4.014,9.421,-0.5931,0.0,0.0
THR,71,N,582,2.735,8.899,8.083,-0.4157,0.0,0.0
THR,71,CA,583,3.361,10.047,7.436,-0.0389,0.0,0.0
THR,71,C,584,4.751,10.27,8.018,0.5973,0.0,0.0
THR,71,O,585,5.728,10.435,7.286,-0.5679,0.0,0.0
THR,71,CB,586,2.532,11.333,7.621,0.3654,0.0,0.0
THR,71,CG2,587,3.248,12.521,6.995,-0.2438,0.0,0.0
THR,71,OG1,588,1.252,11.175,6.999,-0.6761,0.0,0.0
GLN,72,N,589,4.828,10.263,9.344,-0.4157,0.0,0.0
GLN,72,CA,590,6.09,10.472,10.044,-0.0031,0.0,0.0
GLN,72,C,591,7.055,9.31,9.833,0.5973,0.0,0.0
GLN,72,O,592,8.249,9.517,9.623,-0.5679,0.0,0.0
GLN,72,CB,593,5.838,10.691,11.536,-0.0036,0.0,0.0
GLN,72,CG,594,4.915,11.861,11.832,-0.0645,0.0,0.0
GLN,72,CD,595,5.453,13.173,11.292,0.6951,0.0,0.0
GLN,72,NE2,596,4.566,14.008,10.763,-0.9407,0.0,0.0
GLN,72,OE1,597,6.653,13.433,11.348,-0.6086,0.0,0.0
THR,73,N,598,6.537,8.089,9.891,-0.4157,0.0,0.0
THR,73,CA,599,7.368,6.902,9.707,-0.0389,0.0,0.0
THR,73,C,600,7.98,6.852,8.306,0.5973,0.0,0.0
THR,73,O,601,9.149,6.506,8.148,-0.5679,0.0,0.0
THR,73,CB,602,6.579,5.607,9.971,0.3654,0.0,0.0
THR,73,CG2,603,7.492,4.395,9.844,-0.2438,0.0,0.0
THR,73,OG1,604,6.029,5.644,11.293,-0.6761,0.0,0.0
ASP,74,N,605,7.186,7.196,7.296,-0.5163,0.0,0.0
ASP,74,CA,606,7.678,7.235,5.919,0.0381,0.0,0.0
ASP,74,C,607,8.793,8.262,5.742,0.5366,0.0,0.0
ASP,74,O,608,9.72,8.056,4.961,-0.5819,0.0,0.0
ASP,74,CB,609,6.541,7.523,4.935,-0.0303,0.0,0.0
ASP,74,CG,610,5.994,6.264,4.288,0.7994,0.0,0.0
ASP,74,OD1,611,6.219,5.162,4.833,-0.8014,0.0,0.0
ASP,74,OD2,612,5.34,6.374,3.232,-0.8014,0.0,0.0
ARG,75,N,613,8.702,9.373,6.462,-0.3479,0.0,0.0
ARG,75,CA,614,9.749,10.384,6.398,-0.2637,0.0,0.0
ARG,75,C,615,11.043,9.846,7.0,0.7341,0.0,0.0
ARG,75,O,616,12.132,10.112,6.495,-0.5894,0.0,0.0
ARG,75,CB,617,9.298,11.673,7.087,-0.0007,0.0,0.0
ARG,75,CG,618,8.157,12.352,6.347,0.039,0.0,0.0
ARG,75,CD,619,7.584,13.536,7.103,0.0486,0.0,0.0
ARG,75,NE,620,6.509,14.163,6.34,-0.5295,0.0,0.0
ARG,75,CZ,621,5.725,15.13,6.805,0.8076,0.0,0.0
ARG,75,NH1,622,5.892,15.584,8.039,-0.8627,0.0,0.0
ARG,75,NH2,623,4.773,15.639,6.036,-0.8627,0.0,0.0
GLU,76,N,624,10.925,9.067,8.061,-0.5163,0.0,0.0
GLU,76,CA,625,12.071,8.398,8.66,0.0397,0.0,0.0
GLU,76,C,626,12.645,7.389,7.68,0.5366,0.0,0.0
GLU,76,O,627,13.842,7.314,7.491,-0.5819,0.0,0.0
GLU,76,CB,628,11.631,7.693,9.926,0.056,0.0,0.0
GLU,76,CG,629,12.715,7.111,10.761,0.0136,0.0,0.0
GLU,76,CD,630,12.176,6.443,12.011,0.8054,0.0,0.0
GLU,76,OE1,631,12.942,5.823,12.725,-0.8188,0.0,0.0
GLU,76,OE2,632,10.987,6.547,12.287,-0.8188,0.0,0.0
SER,77,N,633,11.769,6.621,7.047,-0.4157,0.0,0.0
SER,77,CA,634,12.193,5.62,6.071,-0.0249,0.0,0.0
SER,77,C,635,12.942,6.246,4.899,0.5973,0.0,0.0
SER,77,O,636,13.98,5.739,4.476,-0.5679,0.0,0.0
SER,77,CB,637,10.992,4.826,5.555,0.2117,0.0,0.0
SER,77,OG,638,10.379,4.097,6.601,-0.6546,0.0,0.0
LEU,78,N,639,12.411,7.345,4.373,-0.4157,0.0,0.0
LEU,78,CA,640,13.048,8.028,3.252,-0.0518,0.0,0.0
LEU,78,C,641,14.452,8.506,3.618,0.5973,0.0,0.0
LEU,78,O,642,15.381,8.386,2.818,-0.5679,0.0,0.0
LEU,78,CB,643,12.186,9.194,2.763,-0.1102,0.0,0.0
LEU,78,CG,644,10.973,8.793,1.916,0.3531,0.0,0.0
LEU,78,CD1,645,10.002,9.952,1.758,-0.4121,0.0,0.0
LEU,78,CD2,646,11.417,8.271,0.555,-0.4121,0.0,0.0
ARG,79,N,647,14.605,9.039,4.821,-0.3479,0.0,0.0
ARG,79,CA,648,15.919,9.45,5.305,-0.2637,0.0,0.0
ARG,79,C,649,16.859,8.246,5.372,0.7341,0.0,0.0
ARG,79,O,650,17.994,8.309,4.939,-0.5894,0.0,0.0
ARG,79,CB,651,15.82,10.112,6.686,-0.0007,0.0,0.0
ARG,79,CG,652,15.188,11.483,6.683,0.039,0.0,0.0
ARG,79,CD,653,15.393,12.222,8.01,0.0486,0.0,0.0
ARG,79,NE,654,14.737,11.564,9.125,-0.5295,0.0,0.0
ARG,79,CZ,655,13.498,11.818,9.525,0.8076,0.0,0.0
ARG,79,NH1,656,12.771,12.719,8.905,-0.8627,0.0,0.0
ARG,79,NH2,657,12.988,11.17,10.558,-0.8627,0.0,0.0
ASN,80,N,658,16.362,7.149,5.918,-0.4157,0.0,0.0
ASN,80,CA,659,17.157,5.931,6.033,0.0143,0.0,0.0
ASN,80,C,660,17.585,5.39,4.673,0.5973,0.0,0.0
ASN,80,O,661,18.743,5.019,4.479,-0.5679,0.0,0.0
ASN,80,CB,662,16.392,4.856,6.807,-0.2041,0.0,0.0
ASN,80,CG,663,16.211,5.209,8.272,0.713,0.0,0.0
ASN,80,ND2,664,15.372,4.449,8.965,-0.9191,0.0,0.0
ASN,80,OD1,665,16.822,6.15,8.777,-0.5931,0.0,0.0
LEU,81,N,666,16.644,5.346,3.736,-0.4157,0.0,0.0
LEU,81,CA,667,16.913,4.842,2.393,-0.0518,0.0,0.0
LEU,81,C,668,17.984,5.671,1.692,0.5973,0.0,0.0
LEU,81,O,669,18.868,5.128,1.033,-0.5679,0.0,0.0
LEU,81,CB,670,15.627,4.826,1.564,-0.1102,0.0,0.0
LEU,81,CG,671,14.602,3.767,1.97,0.3531,0.0,0.0
LEU,81,CD1,672,13.202,4.148,1.507,-0.4121,0.0,0.0
LEU,81,CD2,673,15.002,2.406,1.424,-0.4121,0.0,0.0
ARG,82,N,674,17.901,6.977,1.831,-0.3479,0.0,0.0
ARG,82,CA,675,18.894,7.866,1.27,-0.2637,0.0,0.0
ARG,82,C,676,20.283,7.456,1.735,0.7341,0.0,0.0
ARG,82,O,677,21.227,7.446,0.967,-0.5894,0.0,0.0
ARG,82,CB,678,18.601,9.292,1.715,-0.0007,0.0,0.0
ARG,82,CG,679,19.033,10.305,0.831,0.039,0.0,0.0
ARG,82,CD,680,18.465,11.614,1.218,0.0486,0.0,0.0
ARG,82,NE,681,18.865,12.082,2.482,-0.5295,0.0,0.0
ARG,82,CZ,682,18.045,12.622,3.354,0.8076,0.0,0.0
ARG,82,NH1,683,16.794,12.741,3.115,-0.8627,0.0,0.0
ARG,82,NH2,684,18.467,13.028,4.473,-0.8627,0.0,0.0
GLY,83,N,685,20.395,7.129,3.009,-0.4157,0.0,0.0
GLY,83,CA,686,21.659,6.693,3.574,-0.0252,0.0,0.0
GLY,83,C,687,22.117,5.349,3.041,0.5973,0.0,0.0
GLY,83,O,688,23.293,5.175,2.722,-0.5679,0.0,0.0
GLY,83,1HA,689,22.419,7.438,3.34,0.0698,0.0,0.0
GLY,83,2HA,690,21.515,6.584,4.649,0.0698,0.0,0.0
TYR,84,N,691,21.193,4.395,2.945,-0.4157,0.0,0.0
TYR,84,CA,692,21.523,3.062,2.444,-0.0014,0.0,0.0
TYR,84,C,693,22.132,3.126,1.049,0.5973,0.0,0.0
TYR,84,O,694,23.011,2.342,0.713,-0.5679,0.0,0.0
TYR,84,CB,695,20.283,2.165,2.382,-0.0152,0.0,0.0
TYR,84,CG,696,19.586,1.898,3.696,-0.0011,0.0,0.0
TYR,84,CD1,697,20.257,1.992,4.904,-0.1906,0.0,0.0
TYR,84,CD2,698,18.25,1.527,3.718,-0.1906,0.0,0.0
TYR,84,CE1,699,19.608,1.737,6.102,-0.2341,0.0,0.0
TYR,84,CE2,700,17.597,1.271,4.902,-0.2341,0.0,0.0
TYR,84,CZ,701,18.276,1.377,6.09,0.3226,0.0,0.0
TYR,84,OH,702,17.608,1.117,7.264,-0.5579,0.0,0.0
TYR,85,N,703,21.647,4.049,0.23,-0.4157,0.0,0.0
TYR,85,CA,704,22.088,4.14,-1.158,-0.0014,0.0,0.0
TYR,85,C,705,23.107,5.251,-1.384,0.5973,0.0,0.0
TYR,85,O,706,23.452,5.558,-2.524,-0.5679,0.0,0.0
TYR,85,CB,707,20.892,4.33,-2.094,-0.0152,0.0,0.0
TYR,85,CG,708,19.997,3.118,-2.197,-0.0011,0.0,0.0
TYR,85,CD1,709,20.367,2.024,-2.966,-0.1906,0.0,0.0
TYR,85,CD2,710,18.779,3.07,-1.533,-0.1906,0.0,0.0
TYR,85,CE1,711,19.549,0.912,-3.067,-0.2341,0.0,0.0
TYR,85,CE2,712,17.956,1.965,-1.627,-0.2341,0.0,0.0
TYR,85,CZ,713,18.346,0.889,-2.395,0.3226,0.0,0.0
TYR,85,OH,714,17.528,-0.211,-2.493,-0.5579,0.0,0.0
ASN,86,N,715,23.583,5.849,-0.297,-0.4157,0.0,0.0
ASN,86,CA,716,24.574,6.913,-0.388,0.0143,0.0,0.0
ASN,86,C,717,24.141,8.031,-1.326,0.5973,0.0,0.0
ASN,86,O,718,24.926,8.509,-2.14,-0.5679,0.0,0.0
ASN,86,CB,719,25.92,6.344,-0.833,-0.2041,0.0,0.0
ASN,86,CG,720,26.429,5.297,0.107,0.713,0.0,0.0
ASN,86,ND2,721,26.578,4.091,-0.376,-0.9191,0.0,0.0
ASN,86,OD1,722,26.684,5.569,1.256,-0.5931,0.0,0.0
GLN,87,N,723,22.883,8.442,-1.204,-0.4157,0.0,0.0
GLN,87,CA,724,22.329,9.493,-2.047,-0.0031,0.0,0.0
GLN,87,C,725,22.364,10.839,-1.328,0.5973,0.0,0.0
GLN,87,O,726,22.351,10.893,-0.1,-0.5679,0.0,0.0
GLN,87,CB,727,20.898,9.132,-2.458,-0.0036,0.0,0.0
GLN,87,CG,728,20.823,7.911,-3.367,-0.0645,0.0,0.0
GLN,87,CD,729,19.427,7.322,-3.459,0.6951,0.0,0.0
GLN,87,NE2,730,19.156,6.621,-4.552,-0.9407,0.0,0.0
GLN,87,OE1,731,18.608,7.485,-2.554,-0.6086,0.0,0.0
SER,88,N,732,22.417,11.925,-2.093,-0.4157,0.0,0.0
SER,88,CA,733,22.469,13.259,-1.504,-0.0249,0.0,0.0
SER,88,C,734,21.081,13.708,-1.072,0.5973,0.0,0.0
SER,88,O,735,20.087,13.061,-1.376,-0.5679,0.0,0.0
SER,88,CB,736,23.058,14.27,-2.489,0.2117,0.0,0.0
SER,88,OG,737,22.137,14.573,-3.521,-0.6546,0.0,0.0
GLU,89,N,738,21.017,14.819,-0.363,-0.5163,0.0,0.0
GLU,89,CA,739,19.744,15.345,0.112,0.0397,0.0,0.0
GLU,89,C,740,19.071,16.236,-0.923,0.5366,0.0,0.0
GLU,89,O,741,18.014,16.799,-0.665,-0.5819,0.0,0.0
GLU,89,CB,742,19.935,16.123,1.407,0.056,0.0,0.0
GLU,89,CG,743,20.428,16.025,2.26,0.0136,0.0,0.0
GLU,89,CD,744,20.643,16.777,3.541,0.8054,0.0,0.0
GLU,89,OE1,745,20.107,17.714,3.756,-0.8188,0.0,0.0
GLU,89,OE2,746,21.354,16.43,4.332,-0.8188,0.0,0.0
ALA,90,N,747,19.681,16.355,-2.097,-0.4157,0.0,0.0
ALA,90,CA,748,19.191,17.273,-3.122,0.0337,0.0,0.0
ALA,90,C,749,18.108,16.676,-4.021,0.5973,0.0,0.0
ALA,90,O,750,17.301,17.405,-4.591,-0.5679,0.0,0.0
ALA,90,CB,751,20.346,17.796,-3.96,-0.1825,0.0,0.0
GLY,91,N,752,18.095,15.359,-4.155,-0.4157,0.0,0.0
GLY,91,CA,753,17.176,14.707,-5.069,-0.0252,0.0,0.0
GLY,91,C,754,15.852,14.3,-4.453,0.5973,0.0,0.0
GLY,91,O,755,15.769,14.028,-3.259,-0.5679,0.0,0.0
GLY,91,1HA,756,16.972,15.39,-5.891,0.0698,0.0,0.0
GLY,91,2HA,757,17.662,13.788,-5.39,0.0698,0.0,0.0
SER,92,N,758,14.813,14.26,-5.279,-0.4157,0.0,0.0
SER,92,CA,759,13.504,13.777,-4.856,-0.0249,0.0,0.0
SER,92,C,760,13.431,12.26,-4.999,0.5973,0.0,0.0
SER,92,O,761,13.891,11.701,-5.996,-0.5679,0.0,0.0
SER,92,CB,762,12.4,14.434,-5.686,0.2117,0.0,0.0
SER,92,OG,763,11.147,13.825,-5.445,-0.6546,0.0,0.0
HID,93,N,764,12.857,11.596,-4.001,-0.4157,0.0,0.0
HID,93,CA,765,12.743,10.143,-4.022,0.0188,0.0,0.0
HID,93,C,766,11.345,9.683,-3.628,0.5973,0.0,0.0
HID,93,O,767,10.601,10.418,-2.981,-0.5679,0.0,0.0
HID,93,CB,768,13.801,9.511,-3.117,-0.0462,0.0,0.0
HID,93,CG,769,15.203,9.801,-3.548,-0.0266,0.0,0.0
HID,93,CD2,770,16.075,10.762,-3.161,0.1292,0.0,0.0
HID,93,ND1,771,15.851,9.064,-4.513,-0.3811,0.0,0.0
HID,93,CE1,772,17.066,9.551,-4.695,0.2057,0.0,0.0
HID,93,NE2,773,17.227,10.581,-3.886,-0.5727,0.0,0.0
THR,94,N,774,10.999,8.465,-4.028,-0.4157,0.0,0.0
THR,94,CA,775,9.656,7.939,-3.825,-0.0389,0.0,0.0
THR,94,C,776,9.666,6.623,-3.058,0.5973,0.0,0.0
THR,94,O,777,10.457,5.728,-3.349,-0.5679,0.0,0.0
THR,94,CB,778,8.949,7.697,-5.171,0.3654,0.0,0.0
THR,94,CG2,779,7.518,7.228,-4.949,-0.2438,0.0,0.0
THR,94,OG1,780,8.939,8.908,-5.935,-0.6761,0.0,0.0
LEU,95,N,781,8.773,6.513,-2.082,-0.4157,0.0,0.0
LEU,95,CA,782,8.577,5.266,-1.362,-0.0518,0.0,0.0
LEU,95,C,783,7.124,4.839,-1.519,0.5973,0.0,0.0
LEU,95,O,784,6.209,5.603,-1.211,-0.5679,0.0,0.0
LEU,95,CB,785,8.926,5.434,0.117,-0.1102,0.0,0.0
LEU,95,CG,786,8.685,4.226,1.026,0.3531,0.0,0.0
LEU,95,CD1,787,9.472,3.012,0.547,-0.4121,0.0,0.0
LEU,95,CD2,788,9.045,4.56,2.465,-0.4121,0.0,0.0
GLN,96,N,789,6.915,3.625,-2.013,-0.4157,0.0,0.0
GLN,96,CA,790,5.568,3.106,-2.203,-0.0031,0.0,0.0
GLN,96,C,791,5.358,1.831,-1.407,0.5973,0.0,0.0
GLN,96,O,792,6.277,1.03,-1.245,-0.5679,0.0,0.0
GLN,96,CB,793,5.3,2.817,-3.68,-0.0036,0.0,0.0
GLN,96,CG,794,5.139,4.046,-4.546,-0.0645,0.0,0.0
GLN,96,CD,795,5.286,3.723,-6.017,0.6951,0.0,0.0
GLN,96,NE2,796,4.166,3.476,-6.688,-0.9407,0.0,0.0
GLN,96,OE1,797,6.396,3.684,-6.542,-0.6086,0.0,0.0
ARG,97,N,798,4.135,1.643,-0.928,-0.3479,0.0,0.0
ARG,97,CA,799,3.773,0.422,-0.232,-0.2637,0.0,0.0
ARG,97,C,800,2.395,-0.032,-0.677,0.7341,0.0,0.0
ARG,97,O,801,1.484,0.781,-0.831,-0.5894,0.0,0.0
ARG,97,CB,802,3.775,0.642,1.282,-0.0007,0.0,0.0
ARG,97,CG,803,3.386,-0.594,2.081,0.039,0.0,0.0
ARG,97,CD,804,3.235,-0.273,3.559,0.0486,0.0,0.0
ARG,97,NE,805,2.966,-1.468,4.348,-0.5295,0.0,0.0
ARG,97,CZ,806,2.777,-1.468,5.662,0.8076,0.0,0.0
ARG,97,NH1,807,2.827,-0.333,6.342,-0.8627,0.0,0.0
ARG,97,NH2,808,2.537,-2.605,6.295,-0.8627,0.0,0.0
MET,98,N,809,2.239,-1.32,-0.903,-0.4157,0.0,0.0
MET,98,CA,810,0.927,-1.892,-1.062,-0.0237,0.0,0.0
MET,98,C,811,0.802,-3.093,-0.146,0.5973,0.0,0.0
MET,98,O,812,1.717,-3.882,-0.029,-0.5679,0.0,0.0
MET,98,CB,813,0.643,-2.262,-2.502,0.0342,0.0,0.0
MET,98,CG,814,1.239,-3.432,-2.982,0.0018,0.0,0.0
MET,98,SD,815,0.268,-4.328,-3.292,-0.2737,0.0,0.0
MET,98,CE,816,0.158,-4.558,-4.56,-0.0536,0.0,0.0
TYR,99,N,817,-0.337,-3.192,0.524,-0.4157,0.0,0.0
TYR,99,CA,818,-0.604,-4.33,1.386,-0.0014,0.0,0.0
TYR,99,C,819,-2.098,-4.599,1.464,0.5973,0.0,0.0
TYR,99,O,820,-2.91,-3.736,1.139,-0.5679,0.0,0.0
TYR,99,CB,821,-0.003,-4.125,2.782,-0.0152,0.0,0.0
TYR,99,CG,822,-0.7,-3.09,3.637,-0.0011,0.0,0.0
TYR,99,CD1,823,-1.753,-3.446,4.471,-0.1906,0.0,0.0
TYR,99,CD2,824,-0.292,-1.762,3.63,-0.1906,0.0,0.0
TYR,99,CE1,825,-2.391,-2.508,5.263,-0.2341,0.0,0.0
TYR,99,CE2,826,-0.924,-0.813,4.422,-0.2341,0.0,0.0
TYR,99,CZ,827,-1.972,-1.194,5.236,0.3226,0.0,0.0
TYR,99,OH,828,-2.608,-0.261,6.026,-0.5579,0.0,0.0
GLY,100,N,829,-2.455,-5.803,1.887,-0.4157,0.0,0.0
GLY,100,CA,830,-3.854,-6.16,2.003,-0.0252,0.0,0.0
GLY,100,C,831,-4.077,-7.652,1.921,0.5973,0.0,0.0
GLY,100,O,832,-3.13,-8.438,1.941,-0.5679,0.0,0.0
GLY,100,1HA,833,-4.229,-5.802,2.961,0.0698,0.0,0.0
GLY,100,2HA,834,-4.384,-5.699,1.17,0.0698,0.0,0.0
CYS,101,N,835,-5.332,-8.044,1.798,-0.4157,0.0,0.0
CYS,101,CA,836,-5.703,-9.442,1.856,0.0213,0.0,0.0
CYS,101,C,837,-6.644,-9.826,0.728,0.5973,0.0,0.0
CYS,101,O,838,-7.371,-8.994,0.223,-0.5679,0.0,0.0
CYS,101,CB,839,-6.361,-9.745,3.201,-0.1231,0.0,0.0
CYS,101,SG,840,-7.555,-8.5,3.754,-0.3119,0.0,0.0
ASP,102,N,841,-6.595,-11.091,0.338,-0.5163,0.0,0.0
ASP,102,CA,842,-7.573,-11.681,-0.559,0.0381,0.0,0.0
ASP,102,C,843,-8.364,-12.688,0.257,0.5366,0.0,0.0
ASP,102,O,844,-7.785,-13.493,0.98,-0.5819,0.0,0.0
ASP,102,CB,845,-6.888,-12.406,-1.714,-0.0303,0.0,0.0
ASP,102,CG,846,-5.955,-11.511,-2.503,0.7994,0.0,0.0
ASP,102,OD1,847,-6.152,-10.281,-2.502,-0.8014,0.0,0.0
ASP,102,OD2,848,-5.022,-12.048,-3.134,-0.8014,0.0,0.0
VAL,103,N,849,-9.68,-12.645,0.153,-0.4157,0.0,0.0
VAL,103,CA,850,-10.51,-13.595,0.874,-0.0875,0.0,0.0
VAL,103,C,851,-11.177,-14.56,-0.069,0.5973,0.0,0.0
VAL,103,O,852,-11.55,-14.197,-1.166,-0.5679,0.0,0.0
VAL,103,CB,853,-11.579,-12.913,1.735,0.2985,0.0,0.0
VAL,103,CG1,854,-12.572,-12.178,0.876,-0.3192,0.0,0.0
VAL,103,CG2,855,-11.788,-13.32,2.764,-0.3192,0.0,0.0
GLY,104,N,856,-11.315,-15.792,0.362,-0.4157,0.0,0.0
GLY,104,CA,857,-11.945,-16.799,-0.434,-0.0252,0.0,0.0
GLY,104,C,858,-13.422,-16.835,-0.181,0.5973,0.0,0.0
GLY,104,O,859,-13.925,-16.108,0.666,-0.5679,0.0,0.0
GLY,104,1HA,860,-11.757,-16.596,-1.484,0.0698,0.0,0.0
GLY,104,2HA,861,-11.535,-17.749,-0.16,0.0698,0.0,0.0
PRO,105,N,862,-14.127,-17.686,-0.916,-0.2548,0.0,0.0
PRO,105,CA,863,-15.571,-17.802,-0.801,-0.0266,0.0,0.0
PRO,105,C,864,-16.02,-18.166,0.607,0.5896,0.0,0.0
PRO,105,O,865,-17.146,-17.89,0.974,-0.5748,0.0,0.0
PRO,105,CB,866,-15.905,-18.919,-1.78,-0.007,0.0,0.0
PRO,105,CG,867,-14.699,-19.128,-2.493,0.0189,0.0,0.0
PRO,105,CD,868,-13.578,-18.568,-1.949,0.0192,0.0,0.0
ASP,106,N,869,-15.15,-18.778,1.383,-0.5163,0.0,0.0
ASP,106,CA,870,-15.476,-19.157,2.75,0.0381,0.0,0.0
ASP,106,C,871,-15.191,-18.069,3.748,0.5366,0.0,0.0
ASP,106,O,872,-15.415,-18.243,4.943,-0.5819,0.0,0.0
ASP,106,CB,873,-14.744,-20.398,3.143,-0.0303,0.0,0.0
ASP,106,CG,874,-13.276,-20.221,3.132,0.7994,0.0,0.0
ASP,106,OD1,875,-12.796,-19.235,2.585,-0.8014,0.0,0.0
ASP,106,OD2,876,-12.601,-21.069,3.672,-0.8014,0.0,0.0
GLY,107,N,877,-14.69,-16.949,3.254,-0.4157,0.0,0.0
GLY,107,CA,878,-14.399,-15.832,4.101,-0.0252,0.0,0.0
GLY,107,C,879,-13.066,-15.922,4.767,0.5973,0.0,0.0
GLY,107,O,880,-12.733,-15.116,5.612,-0.5679,0.0,0.0
GLY,107,1HA,881,-14.422,-14.945,3.492,0.0698,0.0,0.0
GLY,107,2HA,882,-15.139,-15.814,4.893,0.0698,0.0,0.0
ARG,108,N,883,-12.298,-16.904,4.386,-0.3479,0.0,0.0
ARG,108,CA,884,-10.99,-17.076,4.931,-0.2637,0.0,0.0
ARG,108,C,885,-9.929,-16.44,4.071,0.7341,0.0,0.0
ARG,108,O,886,-10.098,-16.302,2.875,-0.5894,0.0,0.0
ARG,108,CB,887,-10.655,-18.519,5.08,-0.0007,0.0,0.0
ARG,108,CG,888,-10.928,-19.214,6.23,0.039,0.0,0.0
ARG,108,CD,889,-10.745,-20.075,6.937,0.0486,0.0,0.0
ARG,108,NE,890,-10.991,-20.759,8.051,-0.5295,0.0,0.0
ARG,108,CZ,891,-11.788,-21.562,8.314,0.8076,0.0,0.0
ARG,108,NH1,892,-12.422,-21.783,7.541,-0.8627,0.0,0.0
ARG,108,NH2,893,-11.955,-22.145,9.349,-0.8627,0.0,0.0
LEU,109,N,894,-8.833,-16.06,4.689,-0.4157,0.0,0.0
LEU,109,CA,895,-7.717,-15.497,3.971,-0.0518,0.0,0.0
LEU,109,C,896,-7.213,-16.46,2.91,0.5973,0.0,0.0
LEU,109,O,897,-6.886,-17.608,3.197,-0.5679,0.0,0.0
LEU,109,CB,898,-6.588,-15.166,4.923,-0.1102,0.0,0.0
LEU,109,CG,899,-5.345,-14.574,4.285,0.3531,0.0,0.0
LEU,109,CD1,900,-5.646,-13.194,3.748,-0.4121,0.0,0.0
LEU,109,CD2,901,-4.208,-14.522,5.271,-0.4121,0.0,0.0
LEU,110,N,902,-7.16,-15.992,1.689,-0.4157,0.0,0.0
LEU,110,CA,903,-6.603,-16.753,0.589,-0.0518,0.0,0.0
LEU,110,C,904,-5.132,-16.429,0.438,0.5973,0.0,0.0
LEU,110,O,905,-4.319,-17.297,0.215,-0.5679,0.0,0.0
LEU,110,CB,906,-7.323,-16.397,-0.696,-0.1102,0.0,0.0
LEU,110,CG,907,-7.983,-17.231,-1.504,0.3531,0.0,0.0
LEU,110,CD1,908,-8.638,-16.731,-2.681,-0.4121,0.0,0.0
LEU,110,CD2,909,-7.678,-18.522,-1.448,-0.4121,0.0,0.0
ARG,111,N,910,-4.804,-15.158,0.58,-0.3479,0.0,0.0
ARG,111,CA,911,-3.447,-14.701,0.404,-0.2637,0.0,0.0
ARG,111,C,912,-3.277,-13.315,0.992,0.7341,0.0,0.0
ARG,111,O,913,-4.145,-12.478,0.833,-0.5894,0.0,0.0
ARG,111,CB,914,-3.101,-14.669,-1.075,-0.0007,0.0,0.0
ARG,111,CG,915,-1.71,-14.45,-1.39,0.039,0.0,0.0
ARG,111,CD,916,-1.134,-14.428,-2.534,0.0486,0.0,0.0
ARG,111,NE,917,0.143,-13.899,-2.437,-0.5295,0.0,0.0
ARG,111,CZ,918,1.006,-13.97,-3.311,0.8076,0.0,0.0
ARG,111,NH1,919,0.728,-14.534,-4.355,-0.8627,0.0,0.0
ARG,111,NH2,920,2.145,-13.466,-3.143,-0.8627,0.0,0.0
GLY,112,N,921,-2.15,-13.084,1.653,-0.4157,0.0,0.0
GLY,112,CA,922,-1.824,-11.777,2.193,-0.0252,0.0,0.0
GLY,112,C,923,-0.722,-11.117,1.385,0.5973,0.0,0.0
GLY,112,O,924,0.076,-11.801,0.743,-0.5679,0.0,0.0
GLY,112,1HA,925,-2.713,-11.147,2.166,0.0698,0.0,0.0
GLY,112,2HA,926,-1.477,-11.901,3.219,0.0698,0.0,0.0
HID,113,N,927,-0.682,-9.789,1.416,-0.4157,0.0,0.0
HID,113,CA,928,0.306,-9.022,0.664,0.0188,0.0,0.0
HID,113,C,929,0.884,-7.897,1.51,0.5973,0.0,0.0
HID,113,O,930,0.174,-7.278,2.299,-0.5679,0.0,0.0
HID,113,CB,931,-0.325,-8.416,-0.591,-0.0462,0.0,0.0
HID,113,CG,932,-0.87,-9.426,-1.548,-0.0266,0.0,0.0
HID,113,CD2,933,-0.29,-10.071,-2.587,0.1292,0.0,0.0
HID,113,ND1,934,-2.171,-9.872,-1.498,-0.3811,0.0,0.0
HID,113,CE1,935,-2.37,-10.753,-2.461,0.2057,0.0,0.0
HID,113,NE2,936,-1.244,-10.891,-3.137,-0.5727,0.0,0.0
ASN,114,N,937,2.176,-7.638,1.338,-0.4157,0.0,0.0
ASN,114,CA,938,2.833,-6.503,1.975,0.0143,0.0,0.0
ASN,114,C,939,4.184,-6.25,1.322,0.5973,0.0,0.0
ASN,114,O,940,5.173,-6.895,1.664,-0.5679,0.0,0.0
ASN,114,CB,941,3.019,-6.742,3.473,-0.2041,0.0,0.0
ASN,114,CG,942,3.673,-5.565,4.174,0.713,0.0,0.0
ASN,114,ND2,943,4.755,-5.83,4.893,-0.9191,0.0,0.0
ASN,114,OD1,944,3.211,-4.433,4.072,-0.5931,0.0,0.0
GLN,115,N,945,4.225,-5.321,0.383,-0.4157,0.0,0.0
GLN,115,CA,946,5.454,-5.065,-0.349,-0.0031,0.0,0.0
GLN,115,C,947,5.754,-3.579,-0.546,0.5973,0.0,0.0
GLN,115,O,948,4.863,-2.748,-0.487,-0.5679,0.0,0.0
GLN,115,CB,949,5.452,-5.807,-1.678,-0.0036,0.0,0.0
GLN,115,CG,950,4.245,-5.581,-2.523,-0.0645,0.0,0.0
GLN,115,CD,951,4.17,-6.54,-3.696,0.6951,0.0,0.0
GLN,115,NE2,952,5.295,-6.781,-4.327,-0.9407,0.0,0.0
GLN,115,OE1,953,3.121,-7.045,-4.024,-0.6086,0.0,0.0
PHE,116,N,954,7.027,-3.282,-0.78,-0.4157,0.0,0.0
PHE,116,CA,955,7.505,-1.911,-0.873,-0.0024,0.0,0.0
PHE,116,C,956,8.338,-1.71,-2.131,0.5973,0.0,0.0
PHE,116,O,957,8.978,-2.644,-2.62,-0.5679,0.0,0.0
PHE,116,CB,958,8.377,-1.572,0.338,-0.0343,0.0,0.0
PHE,116,CG,959,7.649,-1.604,1.651,0.0118,0.0,0.0
PHE,116,CD1,960,7.343,-2.809,2.262,-0.1256,0.0,0.0
PHE,116,CD2,961,7.296,-0.427,2.29,-0.1256,0.0,0.0
PHE,116,CE1,962,6.679,-2.839,3.477,-0.1704,0.0,0.0
PHE,116,CE2,963,6.637,-0.449,3.507,-0.1704,0.0,0.0
PHE,116,CZ,964,6.329,-1.657,4.101,-0.1072,0.0,0.0
ALA,117,N,965,8.338,-0.484,-2.641,-0.4157,0.0,0.0
ALA,117,CA,966,9.204,-0.111,-3.751,0.0337,0.0,0.0
ALA,117,C,967,9.86,1.231,-3.465,0.5973,0.0,0.0
ALA,117,O,968,9.229,2.131,-2.917,-0.5679,0.0,0.0
ALA,117,CB,969,8.415,-0.049,-5.051,-0.1825,0.0,0.0
TYR,118,N,970,11.128,1.354,-3.831,-0.4157,0.0,0.0
TYR,118,CA,971,11.848,2.613,-3.691,-0.0014,0.0,0.0
TYR,118,C,972,12.239,3.108,-5.076,0.5973,0.0,0.0
TYR,118,O,973,12.839,2.372,-5.86,-0.5679,0.0,0.0
TYR,118,CB,974,13.084,2.427,-2.805,-0.0152,0.0,0.0
TYR,118,CG,975,13.873,3.694,-2.545,-0.0011,0.0,0.0
TYR,118,CD1,976,13.285,4.787,-1.923,-0.1906,0.0,0.0
TYR,118,CD2,977,15.214,3.787,-2.902,-0.1906,0.0,0.0
TYR,118,CE1,978,14.006,5.944,-1.675,-0.2341,0.0,0.0
TYR,118,CE2,979,15.943,4.94,-2.657,-0.2341,0.0,0.0
TYR,118,CZ,980,15.334,6.014,-2.044,0.3226,0.0,0.0
TYR,118,OH,981,16.052,7.164,-1.799,-0.5579,0.0,0.0
ASP,119,N,982,11.877,4.35,-5.375,-0.5163,0.0,0.0
ASP,119,CA,983,12.099,4.928,-6.697,0.0381,0.0,0.0
ASP,119,C,984,11.627,4.012,-7.827,0.5366,0.0,0.0
ASP,119,O,985,12.295,3.875,-8.851,-0.5819,0.0,0.0
ASP,119,CB,986,13.569,5.318,-6.878,-0.0303,0.0,0.0
ASP,119,CG,987,13.949,6.53,-6.051,0.7994,0.0,0.0
ASP,119,OD1,988,13.049,7.34,-5.741,-0.8014,0.0,0.0
ASP,119,OD2,989,15.141,6.678,-5.713,-0.8014,0.0,0.0
GLY,120,N,990,10.471,3.386,-7.625,-0.4157,0.0,0.0
GLY,120,CA,991,9.827,2.605,-8.665,-0.0252,0.0,0.0
GLY,120,C,992,10.317,1.177,-8.799,0.5973,0.0,0.0
GLY,120,O,993,9.841,0.438,-9.655,-0.5679,0.0,0.0
GLY,120,1HA,994,8.759,2.577,-8.453,0.0698,0.0,0.0
GLY,120,2HA,995,10.071,3.097,-9.606,0.0698,0.0,0.0
LYS,121,N,996,11.257,0.776,-7.956,-0.3479,0.0,0.0
LYS,121,CA,997,11.831,-0.561,-8.016,-0.24,0.0,0.0
LYS,121,C,998,11.486,-1.38,-6.769,0.7341,0.0,0.0
LYS,121,O,999,11.534,-0.877,-5.673,-0.5894,0.0,0.0
LYS,121,CB,1000,13.351,-0.478,-8.139,-0.0094,0.0,0.0
LYS,121,CG,1001,13.859,-0.145,-9.489,0.0187,0.0,0.0
LYS,121,CD,1002,15.276,0.198,-9.52,-0.0479,0.0,0.0
LYS,121,CE,1003,16.092,-0.835,-8.931,-0.0143,0.0,0.0
LYS,121,NZ,1004,17.53,-0.571,-9.006,-0.3854,0.0,0.0
ASP,122,N,1005,11.169,-2.649,-6.964,-0.5163,0.0,0.0
ASP,122,CA,1006,10.938,-3.556,-5.845,0.0381,0.0,0.0
ASP,122,C,1007,12.048,-3.418,-4.814,0.5366,0.0,0.0
ASP,122,O,1008,13.23,-3.445,-5.156,-0.5819,0.0,0.0
ASP,122,CB,1009,10.862,-5.001,-6.324,-0.0303,0.0,0.0
ASP,122,CG,1010,9.549,-5.326,-6.995,0.7994,0.0,0.0
ASP,122,OD1,1011,9.555,-5.923,-7.967,-0.8014,0.0,0.0
ASP,122,OD2,1012,8.508,-4.989,-6.548,-0.8014,0.0,0.0
TYR,123,N,1013,11.667,-3.272,-3.552,-0.4157,0.0,0.0
TYR,123,CA,1014,12.642,-3.106,-2.482,-0.0014,0.0,0.0
TYR,123,C,1015,12.601,-4.292,-1.524,0.5973,0.0,0.0
TYR,123,O,1016,13.585,-5.019,-1.378,-0.5679,0.0,0.0
TYR,123,CB,1017,12.396,-1.791,-1.735,-0.0152,0.0,0.0
TYR,123,CG,1018,13.389,-1.523,-0.626,-0.0011,0.0,0.0
TYR,123,CD1,1019,14.653,-1.016,-0.905,-0.1906,0.0,0.0
TYR,123,CD2,1020,13.064,-1.776,0.701,-0.1906,0.0,0.0
TYR,123,CE1,1021,15.565,-0.77,0.105,-0.2341,0.0,0.0
TYR,123,CE2,1022,13.97,-1.532,1.72,-0.2341,0.0,0.0
TYR,123,CZ,1023,15.218,-1.03,1.415,0.3226,0.0,0.0
TYR,123,OH,1024,16.125,-0.786,2.425,-0.5579,0.0,0.0
ILE,124,N,1025,11.458,-4.487,-0.876,-0.4157,0.0,0.0
ILE,124,CA,1026,11.279,-5.629,0.011,-0.0597,0.0,0.0
ILE,124,C,1027,9.82,-6.075,0.009,0.5973,0.0,0.0
ILE,124,O,1028,8.912,-5.257,-0.145,-0.5679,0.0,0.0
ILE,124,CB,1029,11.745,-5.312,1.451,0.1303,0.0,0.0
ILE,124,CG1,1030,11.958,-6.603,2.246,-0.043,0.0,0.0
ILE,124,CG2,1031,10.756,-4.384,2.149,-0.3204,0.0,0.0
ILE,124,CD1,1032,12.591,-6.386,3.607,-0.066,0.0,0.0
ALA,125,N,1033,9.599,-7.375,0.16,-0.4157,0.0,0.0
ALA,125,CA,1034,8.249,-7.919,0.154,0.0337,0.0,0.0
ALA,125,C,1035,8.101,-9.046,1.164,0.5973,0.0,0.0
ALA,125,O,1036,9.017,-9.848,1.357,-0.5679,0.0,0.0
ALA,125,CB,1037,7.878,-8.405,-1.24,-0.1825,0.0,0.0
LEU,126,N,1038,6.945,-9.093,1.813,-0.4157,0.0,0.0
LEU,126,CA,1039,6.6,-10.207,2.679,-0.0518,0.0,0.0
LEU,126,C,1040,6.204,-11.388,1.803,0.5973,0.0,0.0
LEU,126,O,1041,5.347,-11.263,0.931,-0.5679,0.0,0.0
LEU,126,CB,1042,5.446,-9.821,3.604,-0.1102,0.0,0.0
LEU,126,CG,1043,4.997,-10.858,4.635,0.3531,0.0,0.0
LEU,126,CD1,1044,6.127,-11.172,5.605,-0.4121,0.0,0.0
LEU,126,CD2,1045,3.768,-10.367,5.385,-0.4121,0.0,0.0
ASN,127,N,1046,6.844,-12.531,2.021,-0.4157,0.0,0.0
ASN,127,CA,1047,6.551,-13.724,1.236,0.0143,0.0,0.0
ASN,127,C,1048,5.159,-14.275,1.527,0.5973,0.0,0.0
ASN,127,O,1049,4.541,-13.922,2.528,-0.5679,0.0,0.0
ASN,127,CB,1050,7.621,-14.791,1.466,-0.2041,0.0,0.0
ASN,127,CG,1051,8.962,-14.392,0.889,0.713,0.0,0.0
ASN,127,ND2,1052,10.039,-14.856,1.511,-0.9191,0.0,0.0
ASN,127,OD1,1053,9.029,-13.672,-0.106,-0.5931,0.0,0.0
GLU,128,N,1054,4.672,-15.139,0.644,-0.5163,0.0,0.0
GLU,128,CA,1055,3.319,-15.671,0.761,0.0397,0.0,0.0
GLU,128,C,1056,3.1,-16.417,2.077,0.5366,0.0,0.0
GLU,128,O,1057,1.973,-16.508,2.567,-0.5819,0.0,0.0
GLU,128,CB,1058,2.992,-16.571,-0.432,0.056,0.0,0.0
GLU,128,CG,1059,1.535,-16.988,-0.509,0.0136,0.0,0.0
GLU,128,CD,1060,1.209,-17.739,-1.784,0.8054,0.0,0.0
GLU,128,OE1,1061,2.105,-17.892,-2.636,-0.8188,0.0,0.0
GLU,128,OE2,1062,0.054,-18.174,-1.938,-0.8188,0.0,0.0
ASP,129,N,1063,4.178,-16.941,2.655,-0.5163,0.0,0.0
ASP,129,CA,1064,4.083,-17.65,3.929,0.0381,0.0,0.0
ASP,129,C,1065,3.829,-16.699,5.095,0.5366,0.0,0.0
ASP,129,O,1066,3.543,-17.133,6.211,-0.5819,0.0,0.0
ASP,129,CB,1067,5.333,-18.499,4.187,-0.0303,0.0,0.0
ASP,129,CG,1068,6.604,-17.673,4.258,0.7994,0.0,0.0
ASP,129,OD1,1069,6.526,-16.436,4.327,-0.8014,0.0,0.0
ASP,129,OD2,1070,7.691,-18.268,4.249,-0.8014,0.0,0.0
LEU,130,N,1071,3.934,-15.402,4.821,-0.4157,0.0,0.0
LEU,130,CA,1072,3.711,-14.364,5.825,-0.0518,0.0,0.0
LEU,130,C,1073,4.656,-14.501,7.017,0.5973,0.0,0.0
LEU,130,O,1074,4.336,-14.07,8.122,-0.5679,0.0,0.0
LEU,130,CB,1075,2.256,-14.373,6.303,-0.1102,0.0,0.0
LEU,130,CG,1076,1.177,-14.318,5.22,0.3531,0.0,0.0
LEU,130,CD1,1077,-0.204,-14.189,5.846,-0.4121,0.0,0.0
LEU,130,CD2,1078,1.438,-13.17,4.257,-0.4121,0.0,0.0
SER,131,N,1079,5.824,-15.091,6.787,-0.4157,0.0,0.0
SER,131,CA,1080,6.776,-15.325,7.867,-0.0249,0.0,0.0
SER,131,C,1081,8.217,-15.024,7.463,0.5973,0.0,0.0
SER,131,O,1082,9.113,-15.026,8.302,-0.5679,0.0,0.0
SER,131,CB,1083,6.66,-16.763,8.377,0.2117,0.0,0.0
SER,131,OG,1084,6.868,-17.691,7.332,-0.6546,0.0,0.0
SER,132,N,1085,8.436,-14.766,6.181,-0.4157,0.0,0.0
SER,132,CA,1086,9.773,-14.461,5.681,-0.0249,0.0,0.0
SER,132,C,1087,9.737,-13.326,4.662,0.5973,0.0,0.0
SER,132,O,1088,8.675,-12.988,4.138,-0.5679,0.0,0.0
SER,132,CB,1089,10.418,-15.705,5.067,0.2117,0.0,0.0
SER,132,OG,1090,9.658,-16.189,3.976,-0.6546,0.0,0.0
TRP,133,N,1091,10.901,-12.745,4.384,-0.4157,0.0,0.0
TRP,133,CA,1092,10.996,-11.593,3.494,-0.0275,0.0,0.0
TRP,133,C,1093,11.845,-11.874,2.262,0.5973,0.0,0.0
TRP,133,O,1094,12.775,-12.679,2.303,-0.5679,0.0,0.0
TRP,133,CB,1095,11.602,-10.397,4.233,-0.005,0.0,0.0
TRP,133,CG,1096,10.861,-9.993,5.465,-0.1415,0.0,0.0
TRP,133,CD1,1097,11.103,-10.411,6.741,-0.1638,0.0,0.0
TRP,133,CD2,1098,9.76,-9.08,5.543,0.1243,0.0,0.0
TRP,133,CE2,1099,9.382,-8.997,6.897,0.138,0.0,0.0
TRP,133,CE3,1100,9.056,-8.329,4.598,-0.2387,0.0,0.0
TRP,133,NE1,1101,10.217,-9.818,7.608,-0.3418,0.0,0.0
TRP,133,CZ2,1102,8.331,-8.191,7.331,-0.2601,0.0,0.0
TRP,133,CZ3,1103,8.014,-7.529,5.029,-0.1972,0.0,0.0
TRP,133,CH2,1104,7.662,-7.466,6.383,-0.1134,0.0,0.0
THR,134,N,1105,11.522,-11.193,1.167,-0.4157,0.0,0.0
THR,134,CA,1106,12.373,-11.182,-0.014,-0.0389,0.0,0.0
THR,134,C,1107,12.938,-9.78,-0.212,0.5973,0.0,0.0
THR,134,O,1108,12.198,-8.84,-0.509,-0.5679,0.0,0.0
THR,134,CB,1109,11.606,-11.605,-1.279,0.3654,0.0,0.0
THR,134,CG2,1110,12.461,-11.381,-2.517,-0.2438,0.0,0.0
THR,134,OG1,1111,11.265,-12.992,-1.192,-0.6761,0.0,0.0
ALA,135,N,1112,14.247,-9.645,-0.031,-0.4157,0.0,0.0
ALA,135,CA,1113,14.924,-8.36,-0.167,0.0337,0.0,0.0
ALA,135,C,1114,15.603,-8.255,-1.528,0.5973,0.0,0.0
ALA,135,O,1115,16.317,-9.165,-1.944,-0.5679,0.0,0.0
ALA,135,CB,1116,15.942,-8.178,0.951,-0.1825,0.0,0.0
ALA,136,N,1117,15.389,-7.135,-2.21,-0.4157,0.0,0.0
ALA,136,CA,1118,15.867,-6.969,-3.581,0.0337,0.0,0.0
ALA,136,C,1119,17.372,-6.719,-3.687,0.5973,0.0,0.0
ALA,136,O,1120,17.997,-7.102,-4.674,-0.5679,0.0,0.0
ALA,136,CB,1121,15.095,-5.856,-4.277,-0.1825,0.0,0.0
ASP,137,N,1122,17.946,-6.071,-2.679,-0.5163,0.0,0.0
ASP,137,CA,1123,19.36,-5.707,-2.723,0.0381,0.0,0.0
ASP,137,C,1124,19.959,-5.587,-1.325,0.5366,0.0,0.0
ASP,137,O,1125,19.28,-5.83,-0.331,-0.5819,0.0,0.0
ASP,137,CB,1126,19.551,-4.403,-3.503,-0.0303,0.0,0.0
ASP,137,CG,1127,18.754,-3.252,-2.92,0.7994,0.0,0.0
ASP,137,OD1,1128,18.451,-3.286,-1.709,-0.8014,0.0,0.0
ASP,137,OD2,1129,18.429,-2.311,-3.675,-0.8014,0.0,0.0
THR,138,N,1130,21.232,-5.206,-1.256,-0.4157,0.0,0.0
THR,138,CA,1131,21.94,-5.135,0.02,-0.0389,0.0,0.0
THR,138,C,1132,21.335,-4.103,0.969,0.5973,0.0,0.0
THR,138,O,1133,21.384,-4.272,2.185,-0.5679,0.0,0.0
THR,138,CB,1134,23.444,-4.847,-0.17,0.3654,0.0,0.0
THR,138,CG2,1135,24.1,-5.965,-0.951,-0.2438,0.0,0.0
THR,138,OG1,1136,23.618,-3.618,-0.871,-0.6761,0.0,0.0
ALA,139,N,1137,20.768,-3.039,0.414,-0.4157,0.0,0.0
ALA,139,CA,1138,20.086,-2.038,1.228,0.0337,0.0,0.0
ALA,139,C,1139,18.856,-2.648,1.894,0.5973,0.0,0.0
ALA,139,O,1140,18.65,-2.504,3.099,-0.5679,0.0,0.0
ALA,139,CB,1141,19.695,-0.836,0.383,-0.1825,0.0,0.0
ALA,140,N,1142,18.043,-3.339,1.102,-0.4157,0.0,0.0
ALA,140,CA,1143,16.841,-3.982,1.62,0.0337,0.0,0.0
ALA,140,C,1144,17.169,-5.07,2.641,0.5973,0.0,0.0
ALA,140,O,1145,16.334,-5.42,3.472,-0.5679,0.0,0.0
ALA,140,CB,1146,16.006,-4.548,0.48,-0.1825,0.0,0.0
GLN,141,N,1147,18.383,-5.608,2.576,-0.4157,0.0,0.0
GLN,141,CA,1148,18.801,-6.617,3.543,-0.0031,0.0,0.0
GLN,141,C,1149,19.01,-5.999,4.924,0.5973,0.0,0.0
GLN,141,O,1150,18.834,-6.665,5.942,-0.5679,0.0,0.0
GLN,141,CB,1151,20.06,-7.346,3.068,-0.0036,0.0,0.0
GLN,141,CG,1152,19.809,-8.295,1.91,-0.0645,0.0,0.0
GLN,141,CD,1153,21.07,-8.963,1.421,0.6951,0.0,0.0
GLN,141,NE2,1154,21.714,-8.683,0.651,-0.9407,0.0,0.0
GLN,141,OE1,1155,21.459,-9.724,1.73,-0.6086,0.0,0.0
ILE,142,N,1156,19.378,-4.723,4.954,-0.4157,0.0,0.0
ILE,142,CA,1157,19.477,-3.991,6.212,-0.0597,0.0,0.0
ILE,142,C,1158,18.091,-3.87,6.834,0.5973,0.0,0.0
ILE,142,O,1159,17.902,-4.139,8.019,-0.5679,0.0,0.0
ILE,142,CB,1160,20.055,-2.58,6.008,0.1303,0.0,0.0
ILE,142,CG1,1161,21.442,-2.656,5.367,-0.043,0.0,0.0
ILE,142,CG2,1162,20.11,-1.827,7.331,-0.3204,0.0,0.0
ILE,142,CD1,1163,22.305,-2.792,5.746,-0.066,0.0,0.0
THR,143,N,1164,17.125,-3.461,6.019,-0.4157,0.0,0.0
THR,143,CA,1165,15.741,-3.362,6.461,-0.0389,0.0,0.0
THR,143,C,1166,15.241,-4.709,6.969,0.5973,0.0,0.0
THR,143,O,1167,14.608,-4.79,8.022,-0.5679,0.0,0.0
THR,143,CB,1168,14.824,-2.884,5.322,0.3654,0.0,0.0
THR,143,CG2,1169,13.38,-2.826,5.788,-0.2438,0.0,0.0
THR,143,OG1,1170,15.235,-1.58,4.894,-0.6761,0.0,0.0
GLN,144,N,1171,15.533,-5.765,6.217,-0.4157,0.0,0.0
GLN,144,CA,1172,15.101,-7.109,6.586,-0.0031,0.0,0.0
GLN,144,C,1173,15.598,-7.489,7.977,0.5973,0.0,0.0
GLN,144,O,1174,14.842,-8.018,8.791,-0.5679,0.0,0.0
GLN,144,CB,1175,15.577,-8.135,5.555,-0.0036,0.0,0.0
GLN,144,CG,1176,15.183,-9.57,5.877,-0.0645,0.0,0.0
GLN,144,CD,1177,15.597,-10.55,4.796,0.6951,0.0,0.0
GLN,144,NE2,1178,15.508,-11.834,5.092,-0.9407,0.0,0.0
GLN,144,OE1,1179,15.989,-10.158,3.709,-0.6086,0.0,0.0
ARG,145,N,1180,16.869,-7.213,8.25,-0.3479,0.0,0.0
ARG,145,CA,1181,17.443,-7.533,9.554,-0.2637,0.0,0.0
ARG,145,C,1182,16.742,-6.78,10.681,0.7341,0.0,0.0
ARG,145,O,1183,16.465,-7.35,11.733,-0.5894,0.0,0.0
ARG,145,CB,1184,18.947,-7.261,9.566,-0.0007,0.0,0.0
ARG,145,CG,1185,19.725,-8.15,8.621,0.039,0.0,0.0
ARG,145,CD,1186,21.162,-7.706,8.486,0.0486,0.0,0.0
ARG,145,NE,1187,21.834,-7.964,8.108,-0.5295,0.0,0.0
ARG,145,CZ,1188,22.813,-7.404,7.658,0.8076,0.0,0.0
ARG,145,NH1,1189,23.244,-6.549,7.527,-0.8627,0.0,0.0
ARG,145,NH2,1190,23.363,-7.701,7.338,-0.8627,0.0,0.0
LYS,146,N,1191,16.447,-5.504,10.455,-0.3479,0.0,0.0
LYS,146,CA,1192,15.707,-4.713,11.436,-0.24,0.0,0.0
LYS,146,C,1193,14.327,-5.307,11.692,0.7341,0.0,0.0
LYS,146,O,1194,13.883,-5.405,12.837,-0.5894,0.0,0.0
LYS,146,CB,1195,15.551,-3.263,10.974,-0.0094,0.0,0.0
LYS,146,CG,1196,16.839,-2.481,10.906,0.0187,0.0,0.0
LYS,146,CD,1197,16.581,-0.995,11.058,-0.0479,0.0,0.0
LYS,146,CE,1198,15.546,-0.509,10.075,-0.0143,0.0,0.0
LYS,146,NZ,1199,15.313,0.954,10.215,-0.3854,0.0,0.0
TRP,147,N,1200,13.651,-5.698,10.619,-0.4157,0.0,0.0
TRP,147,CA,1201,12.283,-6.191,10.724,-0.0275,0.0,0.0
TRP,147,C,1202,12.214,-7.606,11.289,0.5973,0.0,0.0
TRP,147,O,1203,11.23,-7.981,11.921,-0.5679,0.0,0.0
TRP,147,CB,1204,11.578,-6.099,9.37,-0.005,0.0,0.0
TRP,147,CG,1205,11.289,-4.681,8.976,-0.1415,0.0,0.0
TRP,147,CD1,1206,11.609,-3.556,9.68,-0.1638,0.0,0.0
TRP,147,CD2,1207,10.617,-4.237,7.792,0.1243,0.0,0.0
TRP,147,CE2,1208,10.564,-2.829,7.846,0.138,0.0,0.0
TRP,147,CE3,1209,10.052,-4.892,6.693,-0.2387,0.0,0.0
TRP,147,NE1,1210,11.176,-2.439,9.008,-0.3418,0.0,0.0
TRP,147,CZ2,1211,9.973,-2.064,6.841,-0.2601,0.0,0.0
TRP,147,CZ3,1212,9.466,-4.131,5.696,-0.1972,0.0,0.0
TRP,147,CH2,1213,9.43,-2.732,5.778,-0.1134,0.0,0.0
GLU,148,N,1214,13.257,-8.381,11.062,-0.5163,0.0,0.0
GLU,148,CA,1215,13.343,-9.7,11.666,0.0397,0.0,0.0
GLU,148,C,1216,13.521,-9.558,13.176,0.5366,0.0,0.0
GLU,148,O,1217,12.862,-10.209,13.944,-0.5819,0.0,0.0
GLU,148,CB,1218,14.48,-10.494,11.051,0.056,0.0,0.0
GLU,148,CG,1219,14.19,-10.972,9.651,0.0136,0.0,0.0
GLU,148,CD,1220,15.385,-11.588,8.96,0.8054,0.0,0.0
GLU,148,OE1,1221,16.515,-11.324,9.373,-0.8188,0.0,0.0
GLU,148,OE2,1222,15.194,-12.331,7.996,-0.8188,0.0,0.0
ALA,149,N,1223,14.399,-8.664,13.58,-0.4157,0.0,0.0
ALA,149,CA,1224,14.644,-8.411,14.994,0.0337,0.0,0.0
ALA,149,C,1225,13.396,-7.879,15.693,0.5973,0.0,0.0
ALA,149,O,1226,13.146,-8.193,16.855,-0.5679,0.0,0.0
ALA,149,CB,1227,15.804,-7.442,15.167,-0.1825,0.0,0.0
ALA,150,N,1228,12.613,-7.079,14.979,-0.4157,0.0,0.0
ALA,150,CA,1229,11.406,-6.488,15.543,0.0337,0.0,0.0
ALA,150,C,1230,10.188,-7.388,15.353,0.5973,0.0,0.0
ALA,150,O,1231,9.078,-7.032,15.742,-0.5679,0.0,0.0
ALA,150,CB,1232,11.153,-5.116,14.935,-0.1825,0.0,0.0
ARG,151,N,1233,10.405,-8.553,14.752,-0.3479,0.0,0.0
ARG,151,CA,1234,9.33,-9.509,14.507,-0.2637,0.0,0.0
ARG,151,C,1235,8.153,-8.871,13.774,0.7341,0.0,0.0
ARG,151,O,1236,6.995,-9.067,14.144,-0.5894,0.0,0.0
ARG,151,CB,1237,8.863,-10.14,15.815,-0.0007,0.0,0.0
ARG,151,CG,1238,9.956,-10.834,16.571,0.039,0.0,0.0
ARG,151,CD,1239,9.782,-11.902,17.009,0.0486,0.0,0.0
ARG,151,NE,1240,10.777,-12.611,17.744,-0.5295,0.0,0.0
ARG,151,CZ,1241,11.647,-13.355,17.289,0.8076,0.0,0.0
ARG,151,NH1,1242,11.65,-13.487,16.094,-0.8627,0.0,0.0
ARG,151,NH2,1243,12.517,-13.966,18.027,-0.8627,0.0,0.0
VAL,152,N,1244,8.459,-8.109,12.73,-0.4157,0.0,0.0
VAL,152,CA,1245,7.433,-7.429,11.953,-0.0875,0.0,0.0
VAL,152,C,1246,6.529,-8.415,11.221,0.5973,0.0,0.0
VAL,152,O,1247,5.315,-8.225,11.159,-0.5679,0.0,0.0
VAL,152,CB,1248,8.055,-6.448,10.94,0.2985,0.0,0.0
VAL,152,CG1,1249,6.983,-5.872,10.029,-0.3192,0.0,0.0
VAL,152,CG2,1250,8.801,-5.34,11.665,-0.3192,0.0,0.0
ALA,153,N,1251,7.121,-9.47,10.672,-0.4157,0.0,0.0
ALA,153,CA,1252,6.359,-10.462,9.922,0.0337,0.0,0.0
ALA,153,C,1253,5.212,-11.049,10.745,0.5973,0.0,0.0
ALA,153,O,1254,4.101,-11.217,10.243,-0.5679,0.0,0.0
ALA,153,CB,1255,7.275,-11.568,9.413,-0.1825,0.0,0.0
GLU,154,N,1256,5.484,-11.358,12.007,-0.5163,0.0,0.0
GLU,154,CA,1257,4.468,-11.923,12.893,0.0397,0.0,0.0
GLU,154,C,1258,3.307,-10.959,13.104,0.5366,0.0,0.0
GLU,154,O,1259,2.145,-11.36,13.094,-0.5819,0.0,0.0
GLU,154,CB,1260,5.081,-12.301,14.24,0.056,0.0,0.0
GLU,154,CG,1261,6.13,-13.351,14.155,0.0136,0.0,0.0
GLU,154,CD,1262,6.972,-13.481,15.383,0.8054,0.0,0.0
GLU,154,OE1,1263,6.455,-13.263,16.481,-0.8188,0.0,0.0
GLU,154,OE2,1264,8.153,-13.801,15.246,-0.8188,0.0,0.0
GLN,155,N,1265,3.628,-9.686,13.294,-0.4157,0.0,0.0
GLN,155,CA,1266,2.609,-8.668,13.506,-0.0031,0.0,0.0
GLN,155,C,1267,1.744,-8.496,12.26,0.5973,0.0,0.0
GLN,155,O,1268,0.527,-8.351,12.354,-0.5679,0.0,0.0
GLN,155,CB,1269,3.253,-7.34,13.9,-0.0036,0.0,0.0
GLN,155,CG,1270,4.098,-7.42,15.16,-0.0645,0.0,0.0
GLN,155,CD,1271,4.796,-6.116,15.479,0.6951,0.0,0.0
GLN,155,NE2,1272,4.017,-5.062,15.67,-0.9407,0.0,0.0
GLN,155,OE1,1273,6.023,-6.056,15.546,-0.6086,0.0,0.0
LEU,156,N,1274,2.38,-8.518,11.094,-0.4157,0.0,0.0
LEU,156,CA,1275,1.656,-8.406,9.833,-0.0518,0.0,0.0
LEU,156,C,1276,0.777,-9.627,9.588,0.5973,0.0,0.0
LEU,156,O,1277,-0.35,-9.502,9.114,-0.5679,0.0,0.0
LEU,156,CB,1278,2.624,-8.205,8.666,-0.1102,0.0,0.0
LEU,156,CG,1279,2.927,-6.759,8.275,0.3531,0.0,0.0
LEU,156,CD1,1280,2.433,-5.908,8.839,-0.4121,0.0,0.0
LEU,156,CD2,1281,3.996,-6.459,8.298,-0.4121,0.0,0.0
ARG,157,N,1282,1.294,-10.807,9.91,-0.3479,0.0,0.0
ARG,157,CA,1283,0.521,-12.03,9.74,-0.2637,0.0,0.0
ARG,157,C,1284,-0.766,-11.954,10.552,0.7341,0.0,0.0
ARG,157,O,1285,-1.836,-12.325,10.074,-0.5894,0.0,0.0
ARG,157,CB,1286,1.333,-13.258,10.155,-0.0007,0.0,0.0
ARG,157,CG,1287,0.588,-14.561,9.957,0.039,0.0,0.0
ARG,157,CD,1288,1.41,-15.765,10.365,0.0486,0.0,0.0
ARG,157,NE,1289,0.76,-16.976,10.149,-0.5295,0.0,0.0
ARG,157,CZ,1290,1.072,-18.188,10.484,0.8076,0.0,0.0
ARG,157,NH1,1291,2.029,-18.355,11.054,-0.8627,0.0,0.0
ARG,157,NH2,1292,0.424,-19.231,10.25,-0.8627,0.0,0.0
THR,158,N,1293,-0.654,-11.465,11.782,-0.4157,0.0,0.0
THR,158,CA,1294,-1.809,-11.316,12.658,-0.0389,0.0,0.0
THR,158,C,1295,-2.846,-10.379,12.047,0.5973,0.0,0.0
THR,158,O,1296,-4.037,-10.687,12.024,-0.5679,0.0,0.0
THR,158,CB,1297,-1.398,-10.79,14.044,0.3654,0.0,0.0
THR,158,CG2,1298,-2.625,-10.576,14.921,-0.2438,0.0,0.0
THR,158,OG1,1299,-0.528,-11.736,14.675,-0.6761,0.0,0.0
TYR,159,N,1300,-2.386,-9.237,11.549,-0.4157,0.0,0.0
TYR,159,CA,1301,-3.274,-8.287,10.887,-0.0014,0.0,0.0
TYR,159,C,1302,-3.936,-8.893,9.654,0.5973,0.0,0.0
TYR,159,O,1303,-5.15,-8.801,9.482,-0.5679,0.0,0.0
TYR,159,CB,1304,-2.515,-7.015,10.497,-0.0152,0.0,0.0
TYR,159,CG,1305,-3.285,-6.132,9.539,-0.0011,0.0,0.0
TYR,159,CD1,1306,-4.273,-5.272,9.999,-0.1906,0.0,0.0
TYR,159,CD2,1307,-3.028,-6.167,8.175,-0.1906,0.0,0.0
TYR,159,CE1,1308,-4.983,-4.467,9.127,-0.2341,0.0,0.0
TYR,159,CE2,1309,-3.733,-5.364,7.295,-0.2341,0.0,0.0
TYR,159,CZ,1310,-4.707,-4.517,7.775,0.3226,0.0,0.0
TYR,159,OH,1311,-5.408,-3.72,6.901,-0.5579,0.0,0.0
LEU,160,N,1312,-3.133,-9.513,8.795,-0.4157,0.0,0.0
LEU,160,CA,1313,-3.631,-10.039,7.529,-0.0518,0.0,0.0
LEU,160,C,1314,-4.631,-11.182,7.706,0.5973,0.0,0.0
LEU,160,O,1315,-5.607,-11.279,6.964,-0.5679,0.0,0.0
LEU,160,CB,1316,-2.466,-10.479,6.638,-0.1102,0.0,0.0
LEU,160,CG,1317,-1.553,-9.353,6.146,0.3531,0.0,0.0
LEU,160,CD1,1318,-0.301,-9.914,5.487,-0.4121,0.0,0.0
LEU,160,CD2,1319,-2.3,-8.432,5.193,-0.4121,0.0,0.0
GLU,161,N,1320,-4.387,-12.042,8.688,-0.5163,0.0,0.0
GLU,161,CA,1321,-5.253,-13.194,8.924,0.0397,0.0,0.0
GLU,161,C,1322,-6.493,-12.846,9.747,0.5366,0.0,0.0
GLU,161,O,1323,-7.486,-13.572,9.723,-0.5819,0.0,0.0
GLU,161,CB,1324,-4.473,-14.322,9.603,0.056,0.0,0.0
GLU,161,CG,1325,-3.437,-14.982,8.709,0.0136,0.0,0.0
GLU,161,CD,1326,-2.732,-16.134,9.369,0.8054,0.0,0.0
GLU,161,OE1,1327,-2.628,-16.185,10.59,-0.8188,0.0,0.0
GLU,161,OE2,1328,-2.277,-16.987,8.665,-0.8188,0.0,0.0
GLY,162,N,1329,-6.434,-11.739,10.474,-0.4157,0.0,0.0
GLY,162,CA,1330,-7.537,-11.338,11.328,-0.0252,0.0,0.0
GLY,162,C,1331,-8.196,-10.044,10.893,0.5973,0.0,0.0
GLY,162,O,1332,-9.116,-10.048,10.076,-0.5679,0.0,0.0
GLY,162,1HA,1333,-8.287,-12.128,11.319,0.0698,0.0,0.0
GLY,162,2HA,1334,-7.129,-11.172,12.325,0.0698,0.0,0.0
THR,163,N,1335,-7.714,-8.936,11.443,-0.4157,0.0,0.0
THR,163,CA,1336,-8.268,-7.611,11.181,-0.0389,0.0,0.0
THR,163,C,1337,-8.587,-7.354,9.711,0.5973,0.0,0.0
THR,163,O,1338,-9.691,-6.926,9.375,-0.5679,0.0,0.0
THR,163,CB,1339,-7.31,-6.51,11.668,0.3654,0.0,0.0
THR,163,CG2,1340,-7.901,-5.133,11.404,-0.2438,0.0,0.0
THR,163,OG1,1341,-7.076,-6.664,13.072,-0.6761,0.0,0.0
CYS,164,N,1342,-7.625,-7.605,8.84,-0.4157,0.0,0.0
CYS,164,CA,1343,-7.779,-7.298,7.43,0.0213,0.0,0.0
CYS,164,C,1344,-8.995,-7.99,6.83,0.5973,0.0,0.0
CYS,164,O,1345,-9.837,-7.348,6.237,-0.5679,0.0,0.0
CYS,164,CB,1346,-6.521,-7.667,6.652,-0.1231,0.0,0.0
CYS,164,SG,1347,-6.494,-7.089,4.953,-0.3119,0.0,0.0
VAL,165,N,1348,-9.078,-9.302,6.995,-0.4157,0.0,0.0
VAL,165,CA,1349,-10.176,-10.067,6.416,-0.0875,0.0,0.0
VAL,165,C,1350,-11.508,-9.734,7.077,0.5973,0.0,0.0
VAL,165,O,1351,-12.548,-9.744,6.424,-0.5679,0.0,0.0
VAL,165,CB,1352,-9.922,-11.587,6.485,0.2985,0.0,0.0
VAL,165,CG1,1353,-8.693,-11.954,5.672,-0.3192,0.0,0.0
VAL,165,CG2,1354,-10.18,-12.175,7.247,-0.3192,0.0,0.0
GLU,166,N,1355,-11.473,-9.433,8.37,-0.5163,0.0,0.0
GLU,166,CA,1356,-12.687,-9.082,9.097,0.0397,0.0,0.0
GLU,166,C,1357,-13.305,-7.796,8.551,0.5366,0.0,0.0
GLU,166,O,1358,-14.512,-7.727,8.326,-0.5819,0.0,0.0
GLU,166,CB,1359,-12.408,-8.951,10.593,0.056,0.0,0.0
GLU,166,CG,1360,-11.986,-10.252,11.251,0.0136,0.0,0.0
GLU,166,CD,1361,-11.709,-10.105,12.732,0.8054,0.0,0.0
GLU,166,OE1,1362,-11.058,-10.938,13.31,-0.8188,0.0,0.0
GLU,166,OE2,1363,-12.138,-9.158,13.316,-0.8188,0.0,0.0
TRP,167,N,1364,-12.477,-6.781,8.336,-0.4157,0.0,0.0
TRP,167,CA,1365,-12.966,-5.523,7.781,-0.0275,0.0,0.0
TRP,167,C,1366,-13.402,-5.674,6.329,0.5973,0.0,0.0
TRP,167,O,1367,-14.411,-5.105,5.917,-0.5679,0.0,0.0
TRP,167,CB,1368,-11.924,-4.415,7.926,-0.005,0.0,0.0
TRP,167,CG,1369,-11.883,-3.834,9.301,-0.1415,0.0,0.0
TRP,167,CD1,1370,-10.98,-4.107,10.272,-0.1638,0.0,0.0
TRP,167,CD2,1371,-12.799,-2.889,9.867,0.1243,0.0,0.0
TRP,167,CE2,1372,-12.384,-2.631,11.182,0.138,0.0,0.0
TRP,167,CE3,1373,-13.926,-2.234,9.387,-0.2387,0.0,0.0
TRP,167,NE1,1374,-11.272,-3.386,11.404,-0.3418,0.0,0.0
TRP,167,CZ2,1375,-13.055,-1.746,12.023,-0.2601,0.0,0.0
TRP,167,CZ3,1376,-14.592,-1.356,10.224,-0.1972,0.0,0.0
TRP,167,CH2,1377,-14.154,-1.12,11.527,-0.1134,0.0,0.0
LEU,168,N,1378,-12.649,-6.45,5.556,-0.4157,0.0,0.0
LEU,168,CA,1379,-13.024,-6.711,4.172,-0.0518,0.0,0.0
LEU,168,C,1380,-14.416,-7.33,4.097,0.5973,0.0,0.0
LEU,168,O,1381,-15.251,-6.905,3.301,-0.5679,0.0,0.0
LEU,168,CB,1382,-12.001,-7.621,3.492,-0.1102,0.0,0.0
LEU,168,CG,1383,-12.347,-8.089,2.077,0.3531,0.0,0.0
LEU,168,CD1,1384,-12.718,-6.914,1.179,-0.4121,0.0,0.0
LEU,168,CD2,1385,-11.197,-8.888,1.476,-0.4121,0.0,0.0
ARG,169,N,1386,-14.665,-8.334,4.929,-0.3479,0.0,0.0
ARG,169,CA,1387,-15.967,-8.989,4.945,-0.2637,0.0,0.0
ARG,169,C,1388,-17.069,-8.015,5.349,0.7341,0.0,0.0
ARG,169,O,1389,-18.174,-8.056,4.809,-0.5894,0.0,0.0
ARG,169,CB,1390,-15.954,-10.206,5.862,-0.0007,0.0,0.0
ARG,169,CG,1391,-15.066,-11.324,5.408,0.039,0.0,0.0
ARG,169,CD,1392,-15.393,-12.615,6.079,0.0486,0.0,0.0
ARG,169,NE,1393,-14.969,-13.046,6.936,-0.5295,0.0,0.0
ARG,169,CZ,1394,-15.206,-13.004,7.723,0.8076,0.0,0.0
ARG,169,NH1,1395,-15.539,-13.096,7.338,-0.8627,0.0,0.0
ARG,169,NH2,1396,-15.107,-12.873,8.897,-0.8627,0.0,0.0
ARG,170,N,1397,-16.759,-7.132,6.291,-0.3479,0.0,0.0
ARG,170,CA,1398,-17.703,-6.102,6.709,-0.2637,0.0,0.0
ARG,170,C,1399,-18.033,-5.155,5.557,0.7341,0.0,0.0
ARG,170,O,1400,-19.202,-4.873,5.288,-0.5894,0.0,0.0
ARG,170,CB,1401,-17.152,-5.319,7.901,-0.0007,0.0,0.0
ARG,170,CG,1402,-17.963,-4.087,8.266,0.039,0.0,0.0
ARG,170,CD,1403,-17.443,-3.441,9.538,0.0486,0.0,0.0
ARG,170,NE,1404,-18.055,-2.139,9.778,-0.5295,0.0,0.0
ARG,170,CZ,1405,-19.229,-1.965,10.372,0.8076,0.0,0.0
ARG,170,NH1,1406,-19.927,-3.013,10.787,-0.8627,0.0,0.0
ARG,170,NH2,1407,-19.709,-0.742,10.548,-0.8627,0.0,0.0
TYR,171,N,1408,-16.999,-4.668,4.877,-0.4157,0.0,0.0
TYR,171,CA,1409,-17.191,-3.779,3.736,-0.0014,0.0,0.0
TYR,171,C,1410,-18.017,-4.455,2.648,0.5973,0.0,0.0
TYR,171,O,1411,-18.905,-3.842,2.059,-0.5679,0.0,0.0
TYR,171,CB,1412,-15.846,-3.341,3.151,-0.0152,0.0,0.0
TYR,171,CG,1413,-14.957,-2.592,4.117,-0.0011,0.0,0.0
TYR,171,CD1,1414,-15.497,-1.768,5.096,-0.1906,0.0,0.0
TYR,171,CD2,1415,-13.577,-2.694,4.034,-0.1906,0.0,0.0
TYR,171,CE1,1416,-14.685,-1.08,5.977,-0.2341,0.0,0.0
TYR,171,CE2,1417,-12.755,-2.006,4.909,-0.2341,0.0,0.0
TYR,171,CZ,1418,-13.315,-1.2,5.877,0.3226,0.0,0.0
TYR,171,OH,1419,-12.502,-0.515,6.75,-0.5579,0.0,0.0
LEU,172,N,1420,-17.713,-5.721,2.382,-0.4157,0.0,0.0
LEU,172,CA,1421,-18.415,-6.472,1.345,-0.0518,0.0,0.0
LEU,172,C,1422,-19.908,-6.586,1.641,0.5973,0.0,0.0
LEU,172,O,1423,-20.734,-6.515,0.732,-0.5679,0.0,0.0
LEU,172,CB,1424,-17.793,-7.86,1.17,-0.1102,0.0,0.0
LEU,172,CG,1425,-16.409,-7.879,0.518,0.3531,0.0,0.0
LEU,172,CD1,1426,-15.764,-9.248,0.644,-0.4121,0.0,0.0
LEU,172,CD2,1427,-16.493,-7.451,-0.94,-0.4121,0.0,0.0
GLU,173,N,1428,-20.252,-6.753,2.913,-0.5163,0.0,0.0
GLU,173,CA,1429,-21.654,-6.83,3.311,0.0397,0.0,0.0
GLU,173,C,1430,-22.334,-5.464,3.235,0.5366,0.0,0.0
GLU,173,O,1431,-23.419,-5.334,2.67,-0.5819,0.0,0.0
GLU,173,CB,1432,-21.791,-7.417,4.718,0.056,0.0,0.0
GLU,173,CG,1433,-23.228,-7.48,5.23,0.0136,0.0,0.0
GLU,173,CD,1434,-24.111,-8.404,4.409,0.8054,0.0,0.0
GLU,173,OE1,1435,-23.572,-9.268,3.687,-0.8188,0.0,0.0
GLU,173,OE2,1436,-25.35,-8.272,4.49,-0.8188,0.0,0.0
ASN,174,N,1437,-21.69,-4.445,3.798,-0.4157,0.0,0.0
ASN,174,CA,1438,-22.252,-3.097,3.801,0.0143,0.0,0.0
ASN,174,C,1439,-22.424,-2.509,2.402,0.5973,0.0,0.0
ASN,174,O,1440,-23.353,-1.741,2.154,-0.5679,0.0,0.0
ASN,174,CB,1441,-21.41,-2.162,4.673,-0.2041,0.0,0.0
ASN,174,CG,1442,-21.519,-2.488,6.149,0.713,0.0,0.0
ASN,174,ND2,1443,-20.724,-1.81,6.966,-0.9191,0.0,0.0
ASN,174,OD1,1444,-22.31,-3.339,6.55,-0.5931,0.0,0.0
GLY,175,N,1445,-21.532,-2.875,1.488,-0.4157,0.0,0.0
GLY,175,CA,1446,-21.605,-2.378,0.126,-0.0252,0.0,0.0
GLY,175,C,1447,-21.99,-3.443,-0.881,0.5973,0.0,0.0
GLY,175,O,1448,-21.681,-3.326,-2.064,-0.5679,0.0,0.0
GLY,175,1HA,1449,-22.347,-1.58,0.088,0.0698,0.0,0.0
GLY,175,2HA,1450,-20.61,-2.024,-0.142,0.0698,0.0,0.0
LYS,176,N,1451,-22.697,-4.469,-0.43,-0.3479,0.0,0.0
LYS,176,CA,1452,-23.006,-5.609,-1.269,-0.24,0.0,0.0
LYS,176,C,1453,-23.782,-5.236,-2.515,0.7341,0.0,0.0
LYS,176,O,1454,-23.64,-5.869,-3.53,-0.5894,0.0,0.0
LYS,176,CB,1455,-23.742,-6.693,-0.484,-0.0094,0.0,0.0
LYS,176,CG,1456,-25.057,-6.277,0.093,0.0187,0.0,0.0
LYS,176,CD,1457,-25.808,-7.44,0.652,-0.0479,0.0,0.0
LYS,176,CE,1458,-26.531,-7.64,0.848,-0.0143,0.0,0.0
LYS,176,NZ,1459,-26.847,-7.932,1.156,-0.3854,0.0,0.0
GLU,177,N,1460,-24.595,-4.2,-2.426,-0.5163,0.0,0.0
GLU,177,CA,1461,-25.424,-3.774,-3.55,0.0397,0.0,0.0
GLU,177,C,1462,-24.602,-3.345,-4.761,0.5366,0.0,0.0
GLU,177,O,1463,-25.087,-3.382,-5.89,-0.5819,0.0,0.0
GLU,177,CB,1464,-26.362,-2.642,-3.132,0.056,0.0,0.0
GLU,177,CG,1465,-27.532,-3.034,-2.437,0.0136,0.0,0.0
GLU,177,CD,1466,-28.279,-3.428,-2.2,0.8054,0.0,0.0
GLU,177,OE1,1467,-28.542,-3.447,-3.038,-0.8188,0.0,0.0
GLU,177,OE2,1468,-28.603,-3.719,-1.176,-0.8188,0.0,0.0
THR,178,N,1469,-23.362,-2.935,-4.526,-0.4157,0.0,0.0
THR,178,CA,1470,-22.487,-2.501,-5.609,-0.0389,0.0,0.0
THR,178,C,1471,-21.247,-3.382,-5.722,0.5973,0.0,0.0
THR,178,O,1472,-20.848,-3.761,-6.819,-0.5679,0.0,0.0
THR,178,CB,1473,-22.05,-1.035,-5.429,0.3654,0.0,0.0
THR,178,CG2,1474,-23.228,-0.1,-5.622,-0.2438,0.0,0.0
THR,178,OG1,1475,-21.521,-0.853,-4.113,-0.6761,0.0,0.0
LEU,179,N,1476,-20.647,-3.706,-4.584,-0.4157,0.0,0.0
LEU,179,CA,1477,-19.415,-4.489,-4.557,-0.0518,0.0,0.0
LEU,179,C,1478,-19.615,-5.931,-5.015,0.5973,0.0,0.0
LEU,179,O,1479,-18.724,-6.526,-5.62,-0.5679,0.0,0.0
LEU,179,CB,1480,-18.799,-4.472,-3.158,-0.1102,0.0,0.0
LEU,179,CG,1481,-18.346,-3.108,-2.637,0.3531,0.0,0.0
LEU,179,CD1,1482,-17.8,-3.237,-1.224,-0.4121,0.0,0.0
LEU,179,CD2,1483,-17.307,-2.502,-3.565,-0.4121,0.0,0.0
GLN,180,N,1484,-20.78,-6.498,-4.72,-0.4157,0.0,0.0
GLN,180,CA,1485,-21.051,-7.884,-5.084,-0.0031,0.0,0.0
GLN,180,C,1486,-22.045,-7.972,-6.232,0.5973,0.0,0.0
GLN,180,O,1487,-22.735,-8.971,-6.399,-0.5679,0.0,0.0
GLN,180,CB,1488,-21.543,-8.674,-3.873,-0.0036,0.0,0.0
GLN,180,CG,1489,-20.577,-8.653,-2.705,-0.0645,0.0,0.0
GLN,180,CD,1490,-20.97,-9.603,-1.604,0.6951,0.0,0.0
GLN,180,NE2,1491,-21.159,-9.077,-0.404,-0.9407,0.0,0.0
GLN,180,OE1,1492,-21.096,-10.799,-1.828,-0.6086,0.0,0.0
