Residue,ResNum,Atom,AtomNum,X,Y,Z,Charge,Hydrophobicity
SER,2,N,1,-17.692,-12.11,-7.667,-0.4157,-0.0062
SER,2,CA,2,-16.702,-11.779,-6.654,-0.0249,-0.1217
SER,2,C,3,-16.553,-10.27,-6.517,0.5973,-0.2645
SER,2,O,4,-16.525,-9.545,-7.515,-0.5679,0.4881
SER,2,CB,5,-15.349,-12.407,-6.99,0.2117,-0.1217
SER,2,OG,6,-14.804,-11.84,-8.168,-0.6546,0.4881
HIS,3,N,7,-16.455,-9.803,-5.276,-0.4157,-0.0062
HIS,3,CA,8,-16.316,-8.386,-4.989,0.0188,-0.1217
HIS,3,C,9,-14.992,-8.16,-4.274,0.5973,-0.2645
HIS,3,O,10,-14.424,-9.073,-3.669,-0.5679,0.4881
HIS,3,CB,11,-17.466,-7.859,-4.116,-0.0462,0.2169
HIS,3,CG,12,-18.809,-7.902,-4.778,-0.0266,-0.1217
HIS,3,CD2,13,-19.81,-8.811,-4.709,0.1292,-0.1217
HIS,3,ND1,14,-19.255,-6.903,-5.615,-0.3811,0.3544
HIS,3,CE1,15,-20.469,-7.2,-6.044,0.2057,-0.1217
HIS,3,NE2,16,-20.829,-8.352,-5.508,-0.5727,0.3544
SER,4,N,17,-14.504,-6.925,-4.35,-0.4157,-0.0062
SER,4,CA,18,-13.227,-6.58,-3.746,-0.0249,-0.1217
SER,4,C,19,-13.248,-5.138,-3.265,0.5973,-0.2645
SER,4,O,20,-13.986,-4.299,-3.792,-0.5679,0.4881
SER,4,CB,21,-12.069,-6.784,-4.731,0.2117,-0.1217
SER,4,OG,22,-12.215,-5.947,-5.866,-0.6546,0.4881
MET,5,N,23,-12.428,-4.864,-2.255,-0.4157,-0.0062
MET,5,CA,24,-12.151,-3.511,-1.798,-0.0237,-0.1217
MET,5,C,25,-10.645,-3.305,-1.843,0.5973,-0.2645
MET,5,O,26,-9.887,-4.132,-1.323,-0.5679,0.4881
MET,5,CB,27,-12.688,-3.254,-0.384,0.0342,0.2169
MET,5,CG,28,-12.603,-1.786,0.031,0.0018,-0.1217
MET,5,SD,29,-13.165,-1.429,1.708,-0.2737,0.4989
MET,5,CE,30,-12.038,-2.425,2.678,-0.0536,-0.1217
ARG,6,N,31,-10.218,-2.208,-2.463,-0.3479,-0.0062
ARG,6,CA,32,-8.807,-1.924,-2.677,-0.2637,-0.1217
ARG,6,C,33,-8.486,-0.481,-2.331,0.7341,-0.2645
ARG,6,O,34,-9.282,0.425,-2.59,-0.5894,0.4881
ARG,6,CB,35,-8.372,-2.135,-4.141,-0.0007,0.2169
ARG,6,CG,36,-8.827,-3.381,-4.876,0.039,0.2169
ARG,6,CD,37,-7.714,-4.418,-4.815,0.0486,-0.1217
ARG,6,NE,38,-8.184,-5.789,-4.985,-0.5295,-0.0062
ARG,6,CZ,39,-8.092,-6.464,-6.126,0.8076,-0.2645
TYR,7,N,40,-7.306,-0.283,-1.753,-0.4157,-0.0062
TYR,7,CA,41,-6.761,1.033,-1.456,-0.0014,-0.1217
TYR,7,C,42,-5.458,1.165,-2.228,0.5973,-0.2645
TYR,7,O,43,-4.62,0.258,-2.19,-0.5679,0.4881
TYR,7,CB,44,-6.523,1.228,0.046,-0.0152,0.2169
TYR,7,CG,45,-7.753,1.643,0.825,-0.0011,-0.2607
TYR,7,CD1,46,-8.089,2.984,0.964,-0.1906,-0.2607
TYR,7,CD2,47,-8.573,0.696,1.425,-0.1906,-0.2607
TYR,7,CE1,48,-9.208,3.371,1.676,-0.2341,-0.2607
TYR,7,CE2,49,-9.697,1.075,2.14,-0.2341,-0.2607
TYR,7,CZ,50,-10.008,2.414,2.262,0.3226,-0.1217
PHE,8,N,51,-5.282,2.286,-2.922,-0.4157,-0.0062
PHE,8,CA,52,-4.087,2.524,-3.721,-0.0024,-0.1217
PHE,8,C,53,-3.382,3.747,-3.162,0.5973,-0.2645
PHE,8,O,54,-3.985,4.819,-3.046,-0.5679,0.4881
PHE,8,CB,55,-4.428,2.719,-5.202,-0.0343,0.2169
PHE,8,CG,56,-5.17,1.562,-5.814,0.0118,-0.2607
PHE,8,CD1,57,-4.489,0.588,-6.526,-0.1256,-0.2607
PHE,8,CD2,58,-6.546,1.454,-5.691,-0.1256,-0.2607
PHE,8,CE1,59,-5.164,-0.476,-7.094,-0.1704,-0.2607
PHE,8,CE2,60,-7.227,0.392,-6.26,-0.1704,-0.2607
PHE,8,CZ,61,-6.533,-0.574,-6.961,-0.1072,-0.2607
PHE,9,N,62,-2.11,3.584,-2.812,-0.4157,-0.0062
PHE,9,CA,63,-1.313,4.655,-2.238,-0.0024,-0.1217
PHE,9,C,64,-0.141,4.95,-3.158,0.5973,-0.2645
PHE,9,O,65,0.544,4.029,-3.614,-0.5679,0.4881
PHE,9,CB,66,-0.809,4.258,-0.848,-0.0343,0.2169
PHE,9,CG,67,-1.91,3.943,0.122,0.0118,-0.2607
PHE,9,CD1,68,-2.781,4.929,0.549,-0.1256,-0.2607
PHE,9,CD2,69,-2.079,2.653,0.601,-0.1256,-0.2607
PHE,9,CE1,70,-3.796,4.637,1.439,-0.1704,-0.2607
PHE,9,CE2,71,-3.092,2.355,1.49,-0.1704,-0.2607
PHE,9,CZ,72,-3.951,3.348,1.91,-0.1072,-0.2607
THR,10,N,73,0.082,6.231,-3.432,-0.4157,-0.0062
THR,10,CA,74,1.222,6.684,-4.216,-0.0389,-0.1217
THR,10,C,75,1.872,7.837,-3.47,0.5973,-0.2645
THR,10,O,76,1.191,8.804,-3.111,-0.5679,0.4881
THR,10,CB,77,0.8,7.129,-5.622,0.3654,-0.1217
THR,10,CG2,78,2.023,7.378,-6.492,-0.2438,0.2169
THR,10,OG1,79,-0.009,6.113,-6.226,-0.6761,0.4881
SER,11,N,80,3.179,7.741,-3.239,-0.4157,-0.0062
SER,11,CA,81,3.919,8.809,-2.58,-0.0249,-0.1217
SER,11,C,82,5.145,9.16,-3.407,0.5973,-0.2645
SER,11,O,83,5.988,8.297,-3.669,-0.5679,0.4881
SER,11,CB,84,4.327,8.406,-1.16,0.2117,-0.1217
SER,11,OG,85,4.753,9.529,-0.41,-0.6546,0.4881
VAL,12,N,86,5.237,10.423,-3.813,-0.4157,-0.0062
VAL,12,CA,87,6.332,10.923,-4.636,-0.0875,-0.1217
VAL,12,C,88,7.021,12.043,-3.87,0.5973,-0.2645
VAL,12,O,89,6.353,12.939,-3.342,-0.5679,0.4881
VAL,12,CB,90,5.831,11.431,-6.001,0.2985,1.5299
VAL,12,CG1,91,6.999,11.869,-6.87,-0.3192,-0.9227
VAL,12,CG2,92,5.008,10.361,-6.7,-0.3192,-0.9227
SER,13,N,93,8.348,11.995,-3.811,-0.4157,-0.0062
SER,13,CA,94,9.115,12.973,-3.053,-0.0249,-0.1217
SER,13,C,95,9.53,14.101,-3.987,0.5973,-0.2645
SER,13,O,96,10.056,13.846,-5.075,-0.5679,0.4881
SER,13,CB,97,10.348,12.329,-2.421,0.2117,-0.1217
SER,13,OG,98,11.325,12.037,-3.405,-0.6546,0.4881
ARG,14,N,99,9.294,15.344,-3.566,-0.3479,-0.0062
ARG,14,CA,100,9.736,16.5,-4.34,-0.2637,-0.1217
ARG,14,C,101,10.916,17.185,-3.659,0.7341,-0.2645
ARG,14,O,102,10.729,17.906,-2.667,-0.5894,0.4881
ARG,14,CB,103,8.572,17.48,-4.528,-0.0007,0.2169
ARG,14,CG,104,7.267,16.779,-4.889,0.039,0.2169
ARG,14,CD,105,6.066,17.713,-4.952,0.0486,-0.1217
ARG,14,NE,106,5.365,17.846,-3.677,-0.5295,-0.0062
ARG,14,CZ,107,4.159,18.393,-3.55,0.8076,-0.2645
PRO,15,N,108,12.144,16.994,-4.15,-0.2548,-0.0062
PRO,15,CA,109,13.334,17.521,-3.461,-0.0266,-0.1217
PRO,15,C,110,13.474,19.023,-3.668,0.5896,-0.2645
PRO,15,O,111,13.637,19.488,-4.798,-0.5748,0.4881
PRO,15,CB,112,14.49,16.76,-4.124,-0.007,0.2169
PRO,15,CG,113,13.88,15.549,-4.725,0.0189,0.2169
PRO,15,CD,114,12.48,15.925,-5.105,0.0192,-0.1217
GLY,16,N,115,13.414,19.784,-2.579,-0.4157,-0.0062
GLY,16,CA,116,13.234,21.217,-2.71,-0.0252,-0.1217
GLY,16,C,117,11.826,21.719,-2.473,0.5973,-0.2645
GLY,16,O,118,11.497,22.207,-1.388,-0.5679,0.4881
GLY,16,1HA,119,13.466,21.454,-3.748,0.0698,nan
GLY,16,2HA,120,13.891,21.705,-1.991,0.0698,nan
ARG,17,N,121,10.99,21.599,-3.503,-0.3479,-0.0062
ARG,17,CA,122,9.646,22.167,-3.495,-0.2637,-0.1217
ARG,17,C,123,8.766,21.381,-2.539,0.7341,-0.2645
ARG,17,O,124,8.295,20.28,-2.84,-0.5894,0.4881
ARG,17,CB,125,9.067,22.198,-4.904,-0.0007,0.2169
ARG,17,CG,126,9.176,20.897,-5.677,0.039,0.2169
ARG,17,CD,127,8.941,21.137,-7.157,0.0486,-0.1217
ARG,17,NE,128,8.543,19.923,-7.862,-0.5295,-0.0062
ARG,17,CZ,129,9.324,18.858,-8.012,0.8076,-0.2645
GLY,18,N,130,8.556,21.963,-1.372,-0.4157,-0.0062
GLY,18,CA,131,7.671,21.429,-0.374,-0.0252,-0.1217
GLY,18,C,132,7.921,20.007,0.064,0.5973,-0.2645
GLY,18,O,133,9.043,19.482,0.027,-0.5679,0.4881
GLY,18,1HA,134,7.745,22.064,0.509,0.0698,nan
GLY,18,2HA,135,6.687,21.415,-0.843,0.0698,nan
GLU,19,N,136,6.855,19.404,0.541,-0.5163,-0.0062
GLU,19,CA,137,6.94,18.059,1.08,0.0397,-0.1217
GLU,19,C,138,6.583,16.981,0.041,0.5366,-0.2645
GLU,19,O,139,6.249,17.319,-1.106,-0.5819,0.4881
GLU,19,CB,140,6.151,18.032,2.391,0.056,0.2169
GLU,19,CG,141,7.061,18.604,3.47,0.0136,0.2169
GLU,19,CD,142,8.22,17.747,3.711,0.8054,-0.2645
GLU,19,OE1,143,9.15,17.858,2.927,-0.8188,0.7653
GLU,19,OE2,144,8.271,17.007,4.667,-0.8188,0.7653
PRO,20,N,145,6.654,15.682,0.357,-0.2548,-0.0062
PRO,20,CA,146,6.32,14.692,-0.671,-0.0266,-0.1217
PRO,20,C,147,4.825,14.586,-0.926,0.5896,-0.2645
PRO,20,O,148,3.986,14.71,-0.029,-0.5748,0.4881
PRO,20,CB,149,6.864,13.385,-0.079,-0.007,0.2169
PRO,20,CG,150,6.687,13.564,1.374,0.0189,0.2169
PRO,20,CD,151,7.113,15.007,1.59,0.0192,-0.1217
ARG,21,N,152,4.518,14.345,-2.2,-0.3479,-0.0062
ARG,21,CA,153,3.153,14.198,-2.686,-0.2637,-0.1217
ARG,21,C,154,2.58,12.831,-2.343,0.7341,-0.2645
ARG,21,O,155,3.213,11.803,-2.597,-0.5894,0.4881
ARG,21,CB,156,3.181,14.367,-4.208,-0.0007,0.2169
ARG,21,CG,157,1.88,14.214,-4.975,0.039,0.2169
ARG,21,CD,158,1.077,15.486,-4.989,0.0486,-0.1217
ARG,21,NE,159,-0.113,15.363,-5.823,-0.5295,-0.0062
ARG,21,CZ,160,-0.136,15.644,-7.122,0.8076,-0.2645
PHE,22,N,161,1.378,12.821,-1.767,-0.4157,-0.0062
PHE,22,CA,162,0.715,11.587,-1.36,-0.0024,-0.1217
PHE,22,C,163,-0.69,11.56,-1.943,0.5973,-0.2645
PHE,22,O,164,-1.479,12.482,-1.705,-0.5679,0.4881
PHE,22,CB,165,0.667,11.451,0.164,-0.0343,0.2169
PHE,22,CG,166,0.037,10.169,0.635,0.0118,-0.2607
PHE,22,CD1,167,0.749,8.981,0.586,-0.1256,-0.2607
PHE,22,CD2,168,-1.261,10.146,1.118,-0.1256,-0.2607
PHE,22,CE1,169,0.179,7.797,1.012,-0.1704,-0.2607
PHE,22,CE2,170,-1.837,8.963,1.546,-0.1704,-0.2607
PHE,22,CZ,171,-1.113,7.788,1.492,-0.1072,-0.2607
ILE,23,N,172,-1.009,10.513,-2.7,-0.4157,-0.0062
ILE,23,CA,173,-2.343,10.328,-3.261,-0.0597,-0.1217
ILE,23,C,174,-2.882,8.993,-2.77,0.5973,-0.2645
ILE,23,O,175,-2.183,7.975,-2.837,-0.5679,0.4881
ILE,23,CB,176,-2.341,10.395,-4.798,0.1303,0.2169
ILE,23,CG1,177,-1.678,11.691,-5.273,-0.043,0.2169
ILE,23,CG2,178,-3.763,10.295,-5.34,-0.3204,-0.9227
ILE,23,CD1,179,-2.554,12.92,-5.11,-0.066,0.2169
ALA,24,N,180,-4.123,8.994,-2.29,-0.4157,-0.0062
ALA,24,CA,181,-4.779,7.78,-1.828,0.0337,-0.1217
ALA,24,C,182,-6.151,7.687,-2.471,0.5973,-0.2645
ALA,24,O,183,-6.906,8.665,-2.469,-0.5679,0.4881
ALA,24,CB,184,-4.903,7.762,-0.301,-0.1825,0.2169
VAL,25,N,185,-6.472,6.517,-3.018,-0.4157,-0.0062
VAL,25,CA,186,-7.767,6.265,-3.644,-0.0875,-0.1217
VAL,25,C,187,-8.261,4.897,-3.196,0.5973,-0.2645
VAL,25,O,188,-7.468,3.973,-2.984,-0.5679,0.4881
VAL,25,CB,189,-7.709,6.352,-5.188,0.2985,1.5299
VAL,25,CG1,190,-7.105,7.674,-5.636,-0.3192,-0.9227
VAL,25,CG2,191,-6.933,5.189,-5.772,-0.3192,-0.9227
GLY,26,N,192,-9.573,4.78,-3.026,-0.4157,-0.0062
GLY,26,CA,193,-10.183,3.532,-2.614,-0.0252,-0.1217
GLY,26,C,194,-11.218,3.043,-3.603,0.5973,-0.2645
GLY,26,O,195,-12.041,3.832,-4.078,-0.5679,0.4881
GLY,26,1HA,196,-9.404,2.776,-2.519,0.0698,nan
GLY,26,2HA,197,-10.687,3.707,-1.664,0.0698,nan
TYR,27,N,198,-11.192,1.755,-3.935,-0.4157,-0.0062
TYR,27,CA,199,-12.127,1.196,-4.898,-0.0014,-0.1217
TYR,27,C,200,-12.904,0.042,-4.283,0.5973,-0.2645
TYR,27,O,201,-12.345,-0.782,-3.554,-0.5679,0.4881
TYR,27,CB,202,-11.405,0.691,-6.155,-0.0152,0.2169
TYR,27,CG,203,-10.975,1.765,-7.128,-0.0011,-0.2607
TYR,27,CD1,204,-9.968,2.663,-6.804,-0.1906,-0.2607
TYR,27,CD2,205,-11.566,1.864,-8.381,-0.1906,-0.2607
TYR,27,CE1,206,-9.569,3.639,-7.698,-0.2341,-0.2607
TYR,27,CE2,207,-11.174,2.835,-9.28,-0.2341,-0.2607
TYR,27,CZ,208,-10.176,3.721,-8.933,0.3226,-0.1217
VAL,28,N,209,-14.197,0.001,-4.587,-0.4157,-0.0062
VAL,28,CA,210,-15.038,-1.171,-4.383,-0.0875,-0.1217
VAL,28,C,211,-15.534,-1.585,-5.759,0.5973,-0.2645
VAL,28,O,212,-16.25,-0.82,-6.418,-0.5679,0.4881
VAL,28,CB,213,-16.209,-0.893,-3.428,0.2985,1.5299
VAL,28,CG1,214,-17.11,-2.118,-3.327,-0.3192,-0.9227
VAL,28,CG2,215,-15.688,-0.495,-2.055,-0.3192,-0.9227
ASP,29,N,216,-15.147,-2.785,-6.194,-0.5163,-0.0062
ASP,29,CA,217,-15.388,-3.256,-7.56,0.0381,-0.1217
ASP,29,C,218,-14.673,-2.282,-8.489,0.5366,-0.2645
ASP,29,O,219,-13.444,-2.139,-8.371,-0.5819,0.4881
ASP,29,CB,220,-16.893,-3.423,-7.793,-0.0303,0.2169
ASP,29,CG,221,-17.451,-4.673,-7.144,0.7994,-0.2645
ASP,29,OD1,222,-16.652,-5.531,-6.717,-0.8014,0.7653
ASP,29,OD2,223,-18.692,-4.793,-7.056,-0.8014,0.7653
ASP,30,N,224,-15.365,-1.606,-9.406,-0.5163,-0.0062
ASP,30,CA,225,-14.759,-0.623,-10.294,0.0381,-0.1217
ASP,30,C,226,-15.196,0.802,-9.965,0.5366,-0.2645
ASP,30,O,227,-15.062,1.697,-10.805,-0.5819,0.4881
ASP,30,CB,228,-15.086,-0.956,-11.749,-0.0303,0.2169
ASP,30,CG,229,-14.433,-2.243,-12.213,0.7994,-0.2645
ASP,30,OD1,230,-13.241,-2.454,-11.905,-0.8014,0.7653
ASP,30,OD2,231,-15.117,-3.045,-12.883,-0.8014,0.7653
THR,31,N,232,-15.723,1.026,-8.765,-0.4157,-0.0062
THR,31,CA,233,-16.21,2.332,-8.341,-0.0389,-0.1217
THR,31,C,234,-15.281,2.944,-7.301,0.5973,-0.2645
THR,31,O,235,-14.914,2.284,-6.322,-0.5679,0.4881
THR,31,CB,236,-17.627,2.222,-7.771,0.3654,-0.1217
THR,31,CG2,237,-18.16,3.597,-7.382,-0.2438,0.2169
THR,31,OG1,238,-18.493,1.63,-8.748,-0.6761,0.4881
GLN,32,N,239,-14.899,4.202,-7.521,-0.4157,-0.0062
GLN,32,CA,240,-14.065,4.943,-6.583,-0.0031,-0.1217
GLN,32,C,241,-14.966,5.689,-5.607,0.5973,-0.2645
GLN,32,O,242,-15.866,6.426,-6.026,-0.5679,0.4881
GLN,32,CB,243,-13.159,5.926,-7.324,-0.0036,0.2169
GLN,32,CG,244,-12.297,6.789,-6.415,-0.0645,0.2169
GLN,32,CD,245,-11.761,8.021,-7.12,0.6951,-0.2645
GLN,32,NE2,246,-10.784,8.678,-6.504,-0.9407,-0.0062
GLN,32,OE1,247,-12.22,8.379,-8.204,-0.6086,0.4881
PHE,33,N,248,-14.721,5.501,-4.307,-0.4157,-0.0062
PHE,33,CA,249,-15.567,6.084,-3.274,-0.0024,-0.1217
PHE,33,C,250,-14.858,7.014,-2.297,0.5973,-0.2645
PHE,33,O,251,-15.543,7.774,-1.604,-0.5679,0.4881
PHE,33,CB,252,-16.293,4.983,-2.475,-0.0343,0.2169
PHE,33,CG,253,-15.387,4.101,-1.648,0.0118,-0.2607
PHE,33,CD1,254,-14.443,3.281,-2.244,-0.1256,-0.2607
PHE,33,CD2,255,-15.507,4.077,-0.268,-0.1256,-0.2607
PHE,33,CE1,256,-13.626,2.468,-1.476,-0.1704,-0.2607
PHE,33,CE2,257,-14.69,3.27,0.502,-0.1704,-0.2607
PHE,33,CZ,258,-13.749,2.464,-0.103,-0.1072,-0.2607
VAL,34,N,259,-13.527,7.001,-2.228,-0.4157,-0.0062
VAL,34,CA,260,-12.787,7.854,-1.301,-0.0875,-0.1217
VAL,34,C,261,-11.505,8.336,-1.962,0.5973,-0.2645
VAL,34,O,262,-10.957,7.685,-2.857,-0.5679,0.4881
VAL,34,CB,263,-12.445,7.144,0.033,0.2985,1.5299
VAL,34,CG1,264,-13.699,6.813,0.825,-0.3192,-0.9227
VAL,34,CG2,265,-11.626,5.887,-0.222,-0.3192,-0.9227
ARG,35,N,266,-11.031,9.498,-1.513,-0.3479,-0.0062
ARG,35,CA,267,-9.792,10.054,-2.029,-0.2637,-0.1217
ARG,35,C,268,-9.134,10.902,-0.954,0.7341,-0.2645
ARG,35,O,269,-9.792,11.407,-0.04,-0.5894,0.4881
ARG,35,CB,270,-10.033,10.924,-3.269,-0.0007,0.2169
ARG,35,CG,271,-10.696,12.286,-2.985,0.039,0.2169
ARG,35,CD,272,-10.01,13.377,-3.808,0.0486,-0.1217
ARG,35,NE,273,-10.574,14.716,-3.698,-0.5295,-0.0062
ARG,35,CZ,274,-10.011,15.806,-4.209,0.8076,-0.2645
PHE,36,N,275,-7.816,11.043,-1.072,-0.4157,-0.0062
PHE,36,CA,276,-7.063,11.94,-0.207,-0.0024,-0.1217
PHE,36,C,277,-5.935,12.54,-1.033,0.5973,-0.2645
PHE,36,O,278,-5.221,11.81,-1.726,-0.5679,0.4881
PHE,36,CB,279,-6.526,11.187,1.019,-0.0343,0.2169
PHE,36,CG,280,-5.73,12.039,1.972,0.0118,-0.2607
PHE,36,CD1,281,-6.287,12.446,3.172,-0.1256,-0.2607
PHE,36,CD2,282,-4.42,12.397,1.694,-0.1256,-0.2607
PHE,36,CE1,283,-5.566,13.219,4.062,-0.1704,-0.2607
PHE,36,CE2,284,-3.694,13.171,2.578,-0.1704,-0.2607
PHE,36,CZ,285,-4.268,13.581,3.765,-0.1072,-0.2607
ASP,37,N,286,-5.78,13.859,-0.964,-0.5163,-0.0062
ASP,37,CA,287,-4.713,14.554,-1.673,0.0381,-0.1217
ASP,37,C,288,-3.929,15.382,-0.668,0.5366,-0.2645
ASP,37,O,289,-4.521,16.114,0.133,-0.5819,0.4881
ASP,37,CB,290,-5.271,15.437,-2.8,-0.0303,0.2169
ASP,37,CG,291,-4.192,15.913,-3.765,0.7994,-0.2645
ASP,37,OD1,292,-3.02,16.042,-3.351,-0.8014,0.7653
ASP,37,OD2,293,-4.517,16.156,-4.948,-0.8014,0.7653
SER,38,N,294,-2.598,15.264,-0.707,-0.4157,-0.0062
SER,38,CA,295,-1.761,16.041,0.202,-0.0249,-0.1217
SER,38,C,296,-1.793,17.526,-0.135,0.5973,-0.2645
SER,38,O,297,-1.58,18.366,0.747,-0.5679,0.4881
SER,38,CB,298,-0.323,15.52,0.174,0.2117,-0.1217
SER,38,OG,299,0.436,16.15,-0.844,-0.6546,0.4881
ASP,39,N,300,-2.066,17.869,-1.394,-0.5163,-0.0062
ASP,39,CA,301,-2.158,19.255,-1.826,0.0381,-0.1217
ASP,39,C,302,-3.589,19.765,-1.857,0.5366,-0.2645
ASP,39,O,303,-3.832,20.873,-2.347,-0.5819,0.4881
ASP,39,CB,304,-1.515,19.411,-3.204,-0.0303,0.2169
ASP,39,CG,305,-0.089,18.926,-3.227,0.7994,-0.2645
ASP,39,OD1,306,0.122,17.698,-3.223,-0.8014,0.7653
ASP,39,OD2,307,0.821,19.777,-3.25,-0.8014,0.7653
ALA,40,N,308,-4.535,18.987,-1.343,-0.4157,-0.0062
ALA,40,CA,309,-5.921,19.418,-1.271,0.0337,-0.1217
ALA,40,C,310,-6.11,20.348,-0.082,0.5973,-0.2645
ALA,40,O,311,-5.51,20.15,0.98,-0.5679,0.4881
ALA,40,CB,312,-6.856,18.216,-1.154,-0.1825,0.2169
ALA,41,N,313,-6.945,21.371,-0.263,-0.4157,-0.0062
ALA,41,CA,314,-7.179,22.314,0.824,0.0337,-0.1217
ALA,41,C,315,-7.873,21.645,2.004,0.5973,-0.2645
ALA,41,O,316,-7.608,22.003,3.158,-0.5679,0.4881
ALA,41,CB,317,-8.004,23.499,0.323,-0.1825,0.2169
SER,42,N,318,-8.76,20.682,1.738,-0.4157,-0.0062
SER,42,CA,319,-9.492,20.027,2.819,-0.0249,-0.1217
SER,42,C,320,-8.555,19.268,3.753,0.5973,-0.2645
SER,42,O,321,-8.742,19.288,4.976,-0.5679,0.4881
SER,42,CB,322,-10.547,19.083,2.244,0.2117,-0.1217
SER,42,OG,323,-9.991,17.809,1.966,-0.6546,0.4881
GLN,43,N,324,-7.548,18.587,3.197,-0.4157,-0.0062
GLN,43,CA,325,-6.635,17.742,3.973,-0.0031,-0.1217
GLN,43,C,326,-7.399,16.655,4.728,0.5973,-0.2645
GLN,43,O,327,-7.011,16.252,5.829,-0.5679,0.4881
GLN,43,CB,328,-5.768,18.573,4.924,-0.0036,0.2169
GLN,43,CG,329,-4.605,19.279,4.231,-0.0645,0.2169
GLN,43,CD,330,-3.398,18.378,4.037,0.6951,-0.2645
GLN,43,NE2,331,-2.506,18.768,3.131,-0.9407,-0.0062
GLN,43,OE1,332,-3.27,17.342,4.69,-0.6086,0.4881
ARG,44,N,333,-8.488,16.179,4.131,-0.3479,-0.0062
ARG,44,CA,334,-9.375,15.192,4.726,-0.2637,-0.1217
ARG,44,C,335,-9.717,14.114,3.708,0.7341,-0.2645
ARG,44,O,336,-9.536,14.288,2.501,-0.5894,0.4881
ARG,44,CB,337,-10.682,15.835,5.212,-0.0007,0.2169
ARG,44,CG,338,-10.62,16.587,6.526,0.039,0.2169
ARG,44,CD,339,-12.024,17.035,6.914,0.0486,-0.1217
ARG,44,NE,340,-12.941,15.914,7.126,-0.5295,-0.0062
ARG,44,CZ,341,-13.11,15.274,8.279,0.8076,-0.2645
MET,45,N,342,-10.218,12.991,4.217,-0.4157,-0.0062
MET,45,CA,343,-10.728,11.937,3.352,-0.0237,-0.1217
MET,45,C,344,-12.066,12.376,2.772,0.5973,-0.2645
MET,45,O,345,-13.037,12.574,3.51,-0.5679,0.4881
MET,45,CB,346,-10.879,10.639,4.139,0.0342,0.2169
MET,45,CG,347,-11.379,9.469,3.316,0.0018,-0.1217
MET,45,SD,348,-10.055,8.656,2.404,-0.2737,0.4989
MET,45,CE,349,-9.417,7.555,3.662,-0.0536,-0.1217
GLU,46,N,350,-12.117,12.523,1.469,-0.5163,-0.0062
GLU,46,CA,351,-13.329,13.048,0.869,0.0397,-0.1217
GLU,46,C,352,-14.127,11.934,0.208,0.5366,-0.2645
GLU,46,O,353,-13.555,10.938,-0.246,-0.5819,0.4881
GLU,46,CB,354,-13.007,14.124,-0.168,0.056,0.2169
GLU,46,CG,355,-11.994,15.151,0.293,0.0136,0.2169
GLU,46,CD,356,-11.693,16.162,-0.786,0.8054,-0.2645
GLU,46,OE1,357,-11.774,15.791,-1.972,-0.8188,0.7653
GLU,46,OE2,358,-11.38,17.323,-0.451,-0.8188,0.7653
PRO,47,N,359,-15.45,12.067,0.143,-0.2548,-0.0062
PRO,47,CA,360,-16.253,11.047,-0.536,-0.0266,-0.1217
PRO,47,C,361,-16.378,11.334,-2.025,0.5896,-0.2645
PRO,47,O,362,-16.539,12.477,-2.459,-0.5748,0.4881
PRO,47,CB,363,-17.61,11.168,0.17,-0.007,0.2169
PRO,47,CG,364,-17.698,12.614,0.549,0.0189,0.2169
PRO,47,CD,365,-16.285,13.112,0.762,0.0192,-0.1217
ARG,48,N,366,-16.295,10.265,-2.819,-0.3479,-0.0062
ARG,48,CA,367,-16.42,10.358,-4.266,-0.2637,-0.1217
ARG,48,C,368,-17.638,9.634,-4.818,0.7341,-0.2645
ARG,48,O,369,-17.927,9.771,-6.013,-0.5894,0.4881
ARG,48,CB,370,-15.16,9.798,-4.946,-0.0007,0.2169
ARG,48,CG,371,-13.88,10.518,-4.562,0.039,0.2169
ARG,48,CD,372,-13.917,11.976,-4.979,0.0486,-0.1217
ARG,48,NE,373,-13.682,12.14,-6.411,-0.5295,-0.0062
ARG,48,CZ,374,-13.49,13.314,-7.005,0.8076,-0.2645
ALA,49,N,375,-18.352,8.88,-3.995,-0.4157,-0.0062
ALA,49,CA,376,-19.551,8.146,-4.358,0.0337,-0.1217
ALA,49,C,377,-20.688,8.507,-3.416,0.5973,-0.2645
ALA,49,O,378,-20.453,8.802,-2.24,-0.5679,0.4881
ALA,49,CB,379,-19.308,6.631,-4.319,-0.1825,0.2169
PRO,50,N,380,-21.928,8.531,-3.91,-0.2548,-0.0062
PRO,50,CA,381,-23.034,8.95,-3.038,-0.0266,-0.1217
PRO,50,C,382,-23.234,8.013,-1.86,0.5896,-0.2645
PRO,50,O,383,-23.588,8.469,-0.765,-0.5748,0.4881
PRO,50,CB,384,-24.235,8.944,-3.995,-0.007,0.2169
PRO,50,CG,385,-23.613,9.252,-5.322,0.0189,0.2169
PRO,50,CD,386,-22.372,8.399,-5.308,0.0192,-0.1217
TRP,51,N,387,-23.02,6.709,-2.055,-0.4157,-0.0062
TRP,51,CA,388,-23.305,5.758,-0.986,-0.0275,-0.1217
TRP,51,C,389,-22.344,5.918,0.188,0.5973,-0.2645
TRP,51,O,390,-22.675,5.522,1.309,-0.5679,0.4881
TRP,51,CB,391,-23.277,4.324,-1.524,-0.005,0.2169
TRP,51,CG,392,-22.01,3.939,-2.229,-0.1415,-0.2607
TRP,51,CD1,393,-21.72,4.121,-3.55,-0.1638,-0.1217
TRP,51,CD2,394,-20.869,3.288,-1.655,0.1243,-0.2607
TRP,51,CE2,395,-19.924,3.115,-2.687,0.138,-0.1217
TRP,51,CE3,396,-20.552,2.839,-0.37,-0.2387,-0.2607
TRP,51,NE1,397,-20.47,3.63,-3.833,-0.3418,-0.0062
TRP,51,CZ2,398,-18.687,2.513,-2.473,-0.2601,-0.2607
TRP,51,CZ3,399,-19.321,2.241,-0.159,-0.1972,-0.2607
ILE,52,N,400,-21.13,6.419,-0.05,-0.4157,-0.0062
ILE,52,CA,401,-20.218,6.648,1.066,-0.0597,-0.1217
ILE,52,C,402,-20.498,7.978,1.767,0.5973,-0.2645
ILE,52,O,403,-20.131,8.143,2.938,-0.5679,0.4881
ILE,52,CB,404,-18.754,6.561,0.597,0.1303,0.2169
ILE,52,CG1,405,-17.802,6.436,1.789,-0.043,0.2169
ILE,52,CG2,406,-18.384,7.767,-0.223,-0.3204,-0.9227
ILE,52,CD1,407,-17.885,5.11,2.509,-0.066,0.2169
GLU,53,N,408,-21.16,8.926,1.087,-0.5163,-0.0062
GLU,53,CA,409,-21.394,10.25,1.665,0.0397,-0.1217
GLU,53,C,410,-22.259,10.196,2.916,0.5366,-0.2645
GLU,53,O,411,-22.154,11.068,3.787,-0.5819,0.4881
GLU,53,CB,412,-22.105,11.133,0.636,0.056,0.2169
GLU,53,CG,413,-21.247,11.984,-0.269,0.0136,0.2169
GLU,53,CD,414,-22.106,12.882,-1.146,0.8054,-0.2645
GLU,53,OE1,415,-23.288,13.098,-0.797,-0.8188,0.7653
GLU,53,OE2,416,-21.61,13.365,-2.185,-0.8188,0.7653
GLN,54,N,417,-23.108,9.183,3.02,-0.4157,-0.0062
GLN,54,CA,418,-24.047,8.962,4.108,-0.0031,-0.1217
GLN,54,C,419,-23.418,8.377,5.374,0.5973,-0.2645
GLN,54,O,420,-24.153,7.847,6.217,-0.5679,0.4881
GLN,54,CB,421,-25.188,8.106,3.573,-0.0036,0.2169
GLN,54,CG,422,-24.704,6.806,3.007,-0.0645,0.2169
GLN,54,CD,423,-25.737,6.127,2.142,0.6951,-0.2645
GLN,54,NE2,424,-25.376,4.978,1.58,-0.9407,-0.0062
GLN,54,OE1,425,-26.837,6.642,1.952,-0.6086,0.4881
GLU,55,N,426,-22.099,8.438,5.533,-0.5163,-0.0062
GLU,55,CA,427,-21.456,7.956,6.746,0.0397,-0.1217
GLU,55,C,428,-21.429,9.046,7.81,0.5366,-0.2645
GLU,55,O,429,-21.395,10.241,7.505,-0.5819,0.4881
GLU,55,CB,430,-20.034,7.472,6.463,0.056,0.2169
GLU,55,CG,431,-19.959,6.149,5.725,0.0136,0.2169
GLU,55,CD,432,-20.368,4.977,6.6,0.8054,-0.2645
GLU,55,OE1,433,-19.846,4.867,7.733,-0.8188,0.7653
GLU,55,OE2,434,-21.21,4.168,6.161,-0.8188,0.7653
GLY,56,N,435,-21.445,8.616,9.068,-0.4157,-0.0062
GLY,56,CA,436,-21.449,9.527,10.187,-0.0252,-0.1217
GLY,56,C,437,-20.114,10.224,10.353,0.5973,-0.2645
GLY,56,O,438,-19.09,9.787,9.817,-0.5679,0.4881
GLY,56,1HA,439,-22.222,10.279,10.027,0.0698,nan
GLY,56,2HA,440,-21.642,8.95,11.091,0.0698,nan
PRO,57,N,441,-20.1,11.334,11.096,-0.2548,-0.0062
PRO,57,CA,442,-18.83,12.044,11.321,-0.0266,-0.1217
PRO,57,C,443,-17.814,11.231,12.104,0.5896,-0.2645
PRO,57,O,444,-16.619,11.546,12.055,-0.5748,0.4881
PRO,57,CB,445,-19.267,13.297,12.089,-0.007,0.2169
PRO,57,CG,446,-20.474,12.852,12.843,0.0189,0.2169
PRO,57,CD,447,-21.18,11.849,11.955,0.0192,-0.1217
GLU,58,N,448,-18.251,10.197,12.827,-0.5163,-0.0062
GLU,58,CA,449,-17.313,9.327,13.529,0.0397,-0.1217
GLU,58,C,450,-16.446,8.546,12.547,0.5366,-0.2645
GLU,58,O,451,-15.249,8.349,12.786,-0.5819,0.4881
GLU,58,CB,452,-18.081,8.377,14.449,0.056,0.2169
GLU,58,CG,453,-17.346,7.995,15.723,0.0136,0.2169
GLU,58,CD,454,-16.427,6.804,15.534,0.8054,-0.2645
GLU,58,OE1,455,-16.49,6.165,14.461,-0.8188,0.7653
GLU,58,OE2,456,-15.645,6.504,16.459,-0.8188,0.7653
TYR,59,N,457,-17.036,8.097,11.438,-0.4157,-0.0062
TYR,59,CA,458,-16.281,7.361,10.429,-0.0014,-0.1217
TYR,59,C,459,-15.245,8.249,9.751,0.5973,-0.2645
TYR,59,O,460,-14.068,7.885,9.654,-0.5679,0.4881
TYR,59,CB,461,-17.252,6.771,9.402,-0.0152,0.2169
TYR,59,CG,462,-16.613,6.212,8.147,-0.0011,-0.2607
TYR,59,CD1,463,-16.514,6.984,6.996,-0.1906,-0.2607
TYR,59,CD2,464,-16.121,4.915,8.109,-0.1906,-0.2607
TYR,59,CE1,465,-15.938,6.485,5.844,-0.2341,-0.2607
TYR,59,CE2,466,-15.541,4.406,6.958,-0.2341,-0.2607
TYR,59,CZ,467,-15.453,5.196,5.83,0.3226,-0.1217
TRP,60,N,468,-15.665,9.428,9.286,-0.4157,-0.0062
TRP,60,CA,469,-14.762,10.314,8.557,-0.0275,-0.1217
TRP,60,C,470,-13.613,10.816,9.425,0.5973,-0.2645
TRP,60,O,471,-12.482,10.955,8.945,-0.5679,0.4881
TRP,60,CB,472,-15.549,11.478,7.957,-0.005,0.2169
TRP,60,CG,473,-16.556,11.03,6.944,-0.1415,-0.2607
TRP,60,CD1,474,-17.913,11.008,7.081,-0.1638,-0.1217
TRP,60,CD2,475,-16.277,10.54,5.628,0.1243,-0.2607
TRP,60,CE2,476,-17.512,10.237,5.023,0.138,-0.1217
TRP,60,CE3,477,-15.1,10.329,4.903,-0.2387,-0.2607
TRP,60,NE1,478,-18.496,10.53,5.931,-0.3418,-0.0062
TRP,60,CZ2,479,-17.604,9.735,3.728,-0.2601,-0.2607
TRP,60,CZ3,480,-15.194,9.829,3.617,-0.1972,-0.2607
ASP,61,N,481,-13.879,11.11,10.7,-0.5163,-0.0062
ASP,61,CA,482,-12.805,11.561,11.581,0.0381,-0.1217
ASP,61,C,483,-11.74,10.484,11.753,0.5366,-0.2645
ASP,61,O,484,-10.539,10.78,11.748,-0.5819,0.4881
ASP,61,CB,485,-13.379,11.963,12.94,-0.0303,0.2169
ASP,61,CG,486,-14.044,13.324,12.914,0.7994,-0.2645
ASP,61,OD1,487,-13.89,14.045,11.905,-0.8014,0.7653
ASP,61,OD2,488,-14.722,13.673,13.903,-0.8014,0.7653
GLY,62,N,489,-12.163,9.229,11.901,-0.4157,-0.0062
GLY,62,CA,490,-11.208,8.138,12.016,-0.0252,-0.1217
GLY,62,C,491,-10.432,7.879,10.738,0.5973,-0.2645
GLY,62,O,492,-9.214,7.681,10.77,-0.5679,0.4881
GLY,62,1HA,493,-10.5,8.38,12.808,0.0698,nan
GLY,62,2HA,494,-11.777,7.235,12.234,0.0698,nan
GLU,63,N,495,-11.125,7.882,9.595,-0.5163,-0.0062
GLU,63,CA,496,-10.471,7.616,8.316,0.0397,-0.1217
GLU,63,C,497,-9.445,8.688,7.969,0.5366,-0.2645
GLU,63,O,498,-8.371,8.375,7.442,-0.5819,0.4881
GLU,63,CB,499,-11.519,7.494,7.209,0.056,0.2169
GLU,63,CG,500,-12.495,6.347,7.424,0.0136,0.2169
GLU,63,CD,501,-11.817,4.993,7.441,0.8054,-0.2645
GLU,63,OE1,502,-10.99,4.727,6.548,-0.8188,0.7653
GLU,63,OE2,503,-12.093,4.2,8.366,-0.8188,0.7653
THR,64,N,504,-9.752,9.955,8.255,-0.4157,-0.0062
THR,64,CA,505,-8.775,11.018,8.027,-0.0389,-0.1217
THR,64,C,506,-7.539,10.815,8.893,0.5973,-0.2645
THR,64,O,507,-6.415,11.117,8.472,-0.5679,0.4881
THR,64,CB,508,-9.404,12.383,8.307,0.3654,-0.1217
THR,64,CG2,509,-8.481,13.502,7.84,-0.2438,0.2169
THR,64,OG1,510,-10.662,12.482,7.624,-0.6761,0.4881
ARG,65,N,511,-7.732,10.309,10.11,-0.3479,-0.0062
ARG,65,CA,512,-6.624,10.092,11.033,-0.2637,-0.1217
ARG,65,C,513,-5.652,9.041,10.505,0.7341,-0.2645
ARG,65,O,514,-4.43,9.234,10.549,-0.5894,0.4881
ARG,65,CB,515,-7.185,9.683,12.394,-0.0007,0.2169
ARG,65,CG,516,-6.191,9.089,13.367,0.039,0.2169
ARG,65,CD,517,-6.949,8.463,14.526,0.0486,-0.1217
ARG,65,NE,518,-7.379,7.101,14.216,-0.5295,-0.0062
ARG,65,CZ,519,-8.448,6.513,14.745,0.8076,-0.2645
LYS,66,N,520,-6.174,7.918,10.005,-0.3479,-0.0062
LYS,66,CA,521,-5.303,6.821,9.591,-0.24,-0.1217
LYS,66,C,522,-4.568,7.122,8.29,0.7341,-0.2645
LYS,66,O,523,-3.388,6.774,8.151,-0.5894,0.4881
LYS,66,CB,524,-6.113,5.533,9.456,-0.0094,0.2169
LYS,66,CG,525,-7.01,5.245,10.639,0.0187,0.2169
LYS,66,CD,526,-7.968,4.119,10.323,-0.0479,0.2169
LYS,66,CE,527,-9.301,4.346,11.004,-0.0143,-0.1217
LYS,66,NZ,528,-10.395,3.659,10.279,-0.3854,-0.1231
VAL,67,N,529,-5.235,7.754,7.32,-0.4157,-0.0062
VAL,67,CA,530,-4.579,7.998,6.037,-0.0875,-0.1217
VAL,67,C,531,-3.411,8.962,6.214,0.5973,-0.2645
VAL,67,O,532,-2.346,8.787,5.611,-0.5679,0.4881
VAL,67,CB,533,-5.588,8.506,4.99,0.2985,1.5299
VAL,67,CG1,534,-6.357,9.709,5.506,-0.3192,-0.9227
VAL,67,CG2,535,-4.884,8.84,3.682,-0.3192,-0.9227
LYS,68,N,536,-3.588,9.989,7.048,-0.3479,-0.0062
LYS,68,CA,537,-2.493,10.907,7.335,-0.24,-0.1217
LYS,68,C,538,-1.358,10.203,8.066,0.7341,-0.2645
LYS,68,O,539,-0.18,10.477,7.804,-0.5894,0.4881
LYS,68,CB,540,-3.001,12.11,8.127,-0.0094,0.2169
LYS,68,CG,541,-3.814,13.075,7.277,0.0187,0.2169
LYS,68,CD,542,-3.948,14.445,7.917,-0.0479,0.2169
LYS,68,CE,543,-4.923,14.426,9.079,-0.0143,-0.1217
LYS,68,NZ,544,-5.29,15.809,9.491,-0.3854,-0.1231
ALA,69,N,545,-1.686,9.298,8.993,-0.4157,-0.0062
ALA,69,CA,546,-0.639,8.537,9.662,0.0337,-0.1217
ALA,69,C,547,0.125,7.671,8.67,0.5973,-0.2645
ALA,69,O,548,1.354,7.569,8.744,-0.5679,0.4881
ALA,69,CB,549,-1.24,7.678,10.774,-0.1825,0.2169
HIS,70,N,550,-0.585,7.025,7.742,-0.4157,-0.0062
HIS,70,CA,551,0.106,6.28,6.693,0.0188,-0.1217
HIS,70,C,552,0.895,7.218,5.787,0.5973,-0.2645
HIS,70,O,553,1.972,6.858,5.298,-0.5679,0.4881
HIS,70,CB,554,-0.887,5.446,5.883,-0.0462,0.2169
HIS,70,CG,555,-1.197,4.118,6.502,-0.0266,-0.1217
HIS,70,CD2,556,-2.297,3.678,7.158,0.1292,-0.1217
HIS,70,ND1,557,-0.324,3.054,6.461,-0.3811,0.3544
HIS,70,CE1,558,-0.865,2.019,7.079,0.2057,-0.1217
HIS,70,NE2,559,-2.063,2.37,7.509,-0.5727,0.3544
SER,71,N,560,0.358,8.417,5.526,-0.4157,-0.0062
SER,71,CA,561,1.086,9.394,4.72,-0.0249,-0.1217
SER,71,C,562,2.396,9.79,5.387,0.5973,-0.2645
SER,71,O,563,3.432,9.903,4.723,-0.5679,0.4881
SER,71,CB,564,0.214,10.626,4.473,0.2117,-0.1217
SER,71,OG,565,0.166,11.455,5.622,-0.6546,0.4881
GLN,72,N,566,2.366,10.013,6.703,-0.4157,-0.0062
GLN,72,CA,567,3.596,10.303,7.432,-0.0031,-0.1217
GLN,72,C,568,4.53,9.102,7.423,0.5973,-0.2645
GLN,72,O,569,5.757,9.261,7.401,-0.5679,0.4881
GLN,72,CB,570,3.267,10.707,8.869,-0.0036,0.2169
GLN,72,CG,571,4.398,11.396,9.622,-0.0645,0.2169
GLN,72,CD,572,4.53,12.87,9.272,0.6951,-0.2645
GLN,72,NE2,573,5.086,13.648,10.195,-0.9407,-0.0062
GLN,72,OE1,574,4.134,13.304,8.191,-0.6086,0.4881
THR,73,N,575,3.956,7.898,7.447,-0.4157,-0.0062
THR,73,CA,576,4.733,6.666,7.379,-0.0389,-0.1217
THR,73,C,577,5.537,6.572,6.091,0.5973,-0.2645
THR,73,O,578,6.739,6.287,6.112,-0.5679,0.4881
THR,73,CB,579,3.8,5.47,7.493,0.3654,-0.1217
THR,73,CG2,580,4.593,4.224,7.438,-0.2438,0.2169
THR,73,OG1,581,3.055,5.549,8.714,-0.6761,0.4881
HIS,74,N,582,4.881,6.802,4.953,-0.4157,-0.0062
HIS,74,CA,583,5.528,6.615,3.658,0.0188,-0.1217
HIS,74,C,584,6.59,7.676,3.391,0.5973,-0.2645
HIS,74,O,585,7.526,7.431,2.622,-0.5679,0.4881
HIS,74,CB,586,4.49,6.587,2.542,-0.0462,0.2169
HIS,74,CG,587,3.494,5.475,2.664,-0.0266,-0.1217
HIS,74,CD2,588,3.653,4.136,2.797,0.1292,-0.1217
HIS,74,ND1,589,2.136,5.7,2.659,-0.3811,0.3544
HIS,74,CE1,590,1.499,4.548,2.77,0.2057,-0.1217
HIS,74,NE2,591,2.396,3.583,2.858,-0.5727,0.3544
ARG,75,N,592,6.469,8.848,4.011,-0.3479,-0.0062
ARG,75,CA,593,7.526,9.847,3.919,-0.2637,-0.1217
ARG,75,C,594,8.805,9.317,4.554,0.7341,-0.2645
ARG,75,O,595,9.913,9.553,4.051,-0.5894,0.4881
ARG,75,CB,596,7.051,11.081,4.671,-0.0007,0.2169
ARG,75,CG,597,8.016,12.213,4.877,0.039,0.2169
ARG,75,CD,598,7.458,12.996,6.026,0.0486,-0.1217
ARG,75,NE,599,6.864,14.283,5.758,-0.5295,-0.0062
ARG,75,CZ,600,6.57,15.116,6.749,0.8076,-0.2645
VAL,76,N,601,8.659,8.579,5.66,-0.4157,-0.0062
VAL,76,CA,602,9.791,7.884,6.267,-0.0875,-0.1217
VAL,76,C,603,10.258,6.769,5.344,0.5973,-0.2645
VAL,76,O,604,11.461,6.505,5.221,-0.5679,0.4881
VAL,76,CB,605,9.407,7.332,7.656,0.2985,1.5299
VAL,76,CG1,606,10.584,6.625,8.305,-0.3192,-0.9227
VAL,76,CG2,607,8.88,8.438,8.567,-0.3192,-0.9227
ASP,77,N,608,9.315,6.093,4.682,-0.5163,-0.0062
ASP,77,CA,609,9.694,5.039,3.748,0.0381,-0.1217
ASP,77,C,610,10.517,5.618,2.606,0.5366,-0.2645
ASP,77,O,611,11.486,5.0,2.149,-0.5819,0.4881
ASP,77,CB,612,8.454,4.322,3.211,-0.0303,0.2169
ASP,77,CG,613,7.722,3.535,4.281,0.7994,-0.2645
ASP,77,OD1,614,8.347,3.191,5.306,-0.8014,0.7653
ASP,77,OD2,615,6.516,3.266,4.099,-0.8014,0.7653
LEU,78,N,616,10.139,6.809,2.13,-0.4157,-0.0062
LEU,78,CA,617,10.902,7.471,1.077,-0.0518,-0.1217
LEU,78,C,618,12.317,7.787,1.543,0.5973,-0.2645
LEU,78,O,619,13.287,7.57,0.807,-0.5679,0.4881
LEU,78,CB,620,10.185,8.751,0.648,-0.1102,0.2169
LEU,78,CG,621,9.124,8.675,-0.452,0.3531,1.5299
LEU,78,CD1,622,8.237,9.909,-0.411,-0.4121,-0.9227
LEU,78,CD2,623,9.784,8.546,-1.813,-0.4121,-0.9227
GLY,79,N,624,12.451,8.306,2.765,-0.4157,-0.0062
GLY,79,CA,625,13.77,8.569,3.315,-0.0252,-0.1217
GLY,79,C,626,14.553,7.306,3.616,0.5973,-0.2645
GLY,79,O,627,15.754,7.228,3.345,-0.5679,0.4881
GLY,79,1HA,628,14.334,9.164,2.597,0.0698,nan
GLY,79,2HA,629,13.628,9.095,4.259,0.0698,nan
THR,80,N,630,13.882,6.3,4.187,-0.4157,-0.0062
THR,80,CA,631,14.547,5.044,4.52,-0.0389,-0.1217
THR,80,C,632,15.058,4.334,3.273,0.5973,-0.2645
THR,80,O,633,16.188,3.83,3.255,-0.5679,0.4881
THR,80,CB,634,13.594,4.138,5.301,0.3654,-0.1217
THR,80,CG2,635,14.357,3.0,5.949,-0.2438,0.2169
THR,80,OG1,636,12.946,4.9,6.327,-0.6761,0.4881
LEU,81,N,637,14.24,4.279,2.219,-0.4157,-0.0062
LEU,81,CA,638,14.661,3.615,0.992,-0.0518,-0.1217
LEU,81,C,639,15.809,4.35,0.311,0.5973,-0.2645
LEU,81,O,640,16.601,3.727,-0.406,-0.5679,0.4881
LEU,81,CB,641,13.472,3.478,0.042,-0.1102,0.2169
LEU,81,CG,642,12.454,2.414,0.459,0.3531,1.5299
LEU,81,CD1,643,11.168,2.544,-0.335,-0.4121,-0.9227
LEU,81,CD2,644,13.043,1.021,0.293,-0.4121,-0.9227
ARG,82,N,645,15.926,5.663,0.524,-0.3479,-0.0062
ARG,82,CA,646,17.052,6.398,-0.044,-0.2637,-0.1217
ARG,82,C,647,18.37,5.95,0.575,0.7341,-0.2645
ARG,82,O,648,19.378,5.809,-0.129,-0.5894,0.4881
ARG,82,CB,649,16.858,7.902,0.148,-0.0007,0.2169
ARG,82,CG,650,18.021,8.731,-0.37,0.039,0.2169
ARG,82,CD,651,18.058,10.115,0.251,0.0486,-0.1217
ARG,82,NE,652,19.401,10.686,0.202,-0.5295,-0.0062
ARG,82,CZ,653,20.325,10.502,1.142,0.8076,-0.2645
GLY,83,N,654,18.384,5.723,1.89,-0.4157,-0.0062
GLY,83,CA,655,19.594,5.241,2.535,-0.0252,-0.1217
GLY,83,C,656,19.978,3.845,2.086,0.5973,-0.2645
GLY,83,O,657,21.164,3.523,1.972,-0.5679,0.4881
GLY,83,1HA,658,20.412,5.922,2.297,0.0698,nan
GLY,83,2HA,659,19.404,5.202,3.607,0.0698,nan
TYR,84,N,660,18.979,2.99,1.845,-0.4157,-0.0062
TYR,84,CA,661,19.251,1.604,1.475,-0.0014,-0.1217
TYR,84,C,662,20.034,1.518,0.17,0.5973,-0.2645
TYR,84,O,663,20.992,0.744,0.06,-0.5679,0.4881
TYR,84,CB,664,17.941,0.823,1.345,-0.0152,0.2169
TYR,84,CG,665,17.346,0.352,2.652,-0.0011,-0.2607
TYR,84,CD1,666,18.053,-0.492,3.496,-0.1906,-0.2607
TYR,84,CD2,667,16.06,0.723,3.023,-0.1906,-0.2607
TYR,84,CE1,668,17.505,-0.931,4.686,-0.2341,-0.2607
TYR,84,CE2,669,15.504,0.283,4.207,-0.2341,-0.2607
TYR,84,CZ,670,16.229,-0.542,5.036,0.3226,-0.1217
TYR,85,N,671,19.642,2.308,-0.827,-0.4157,-0.0062
TYR,85,CA,672,20.228,2.26,-2.16,-0.0014,-0.1217
TYR,85,C,673,21.374,3.248,-2.358,0.5973,-0.2645
TYR,85,O,674,21.874,3.371,-3.481,-0.5679,0.4881
TYR,85,CB,675,19.142,2.516,-3.208,-0.0152,0.2169
TYR,85,CG,676,18.071,1.449,-3.247,-0.0011,-0.2607
TYR,85,CD1,677,18.322,0.2,-3.798,-0.1906,-0.2607
TYR,85,CD2,678,16.807,1.691,-2.724,-0.1906,-0.2607
TYR,85,CE1,679,17.342,-0.777,-3.83,-0.2341,-0.2607
TYR,85,CE2,680,15.823,0.722,-2.751,-0.2341,-0.2607
TYR,85,CZ,681,16.095,-0.509,-3.306,0.3226,-0.1217
ASN,86,N,682,21.788,3.959,-1.306,-0.4157,-0.0062
ASN,86,CA,683,22.874,4.942,-1.385,0.0143,-0.1217
ASN,86,C,684,22.561,6.051,-2.385,0.5973,-0.2645
ASN,86,O,685,23.464,6.605,-3.017,-0.5679,0.4881
ASN,86,CB,686,24.211,4.277,-1.736,-0.2041,0.2169
ASN,86,CG,687,24.745,3.412,-0.615,0.713,-0.2645
ASN,86,ND2,688,25.494,2.375,-0.974,-0.9191,-0.0062
ASN,86,OD1,689,24.491,3.672,0.561,-0.5931,0.4881
GLN,87,N,690,21.283,6.384,-2.535,-0.4157,-0.0062
GLN,87,CA,691,20.87,7.386,-3.504,-0.0031,-0.1217
GLN,87,C,692,21.056,8.79,-2.942,0.5973,-0.2645
GLN,87,O,693,20.893,9.031,-1.742,-0.5679,0.4881
GLN,87,CB,694,19.411,7.172,-3.904,-0.0036,0.2169
GLN,87,CG,695,19.22,6.16,-5.02,-0.0645,0.2169
GLN,87,CD,696,17.848,5.517,-4.996,0.6951,-0.2645
GLN,87,NE2,697,17.717,4.379,-5.667,-0.9407,-0.0062
GLN,87,OE1,698,16.918,6.037,-4.38,-0.6086,0.4881
SER,88,N,699,21.408,9.719,-3.825,-0.4157,-0.0062
SER,88,CA,700,21.542,11.11,-3.431,-0.0249,-0.1217
SER,88,C,701,20.17,11.704,-3.121,0.5973,-0.2645
SER,88,O,702,19.122,11.135,-3.443,-0.5679,0.4881
SER,88,CB,703,22.236,11.915,-4.528,0.2117,-0.1217
SER,88,OG,704,21.819,11.491,-5.814,-0.6546,0.4881
GLU,89,N,705,20.185,12.871,-2.478,-0.5163,-0.0062
GLU,89,CA,706,18.947,13.564,-2.147,0.0397,-0.1217
GLU,89,C,707,18.346,14.304,-3.336,0.5366,-0.2645
GLU,89,O,708,17.216,14.794,-3.234,-0.5819,0.4881
GLU,89,CB,709,19.187,14.549,-0.999,0.056,0.2169
GLU,89,CG,710,17.933,14.923,-0.223,0.0136,0.2169
GLU,89,CD,711,18.23,15.746,1.015,0.8054,-0.2645
GLU,89,OE1,712,19.423,15.926,1.34,-0.8188,0.7653
GLU,89,OE2,713,17.269,16.213,1.661,-0.8188,0.7653
ALA,90,N,714,19.061,14.385,-4.46,-0.4157,-0.0062
ALA,90,CA,715,18.6,15.195,-5.578,0.0337,-0.1217
ALA,90,C,716,17.545,14.504,-6.432,0.5973,-0.2645
ALA,90,O,717,16.84,15.187,-7.183,-0.5679,0.4881
ALA,90,CB,718,19.786,15.589,-6.462,-0.1825,0.2169
GLY,91,N,719,17.414,13.183,-6.342,-0.4157,-0.0062
GLY,91,CA,720,16.478,12.47,-7.188,-0.0252,-0.1217
GLY,91,C,721,15.073,12.414,-6.614,0.5973,-0.2645
GLY,91,O,722,14.872,12.335,-5.406,-0.5679,0.4881
GLY,91,1HA,723,16.437,12.968,-8.157,0.0698,nan
GLY,91,2HA,724,16.834,11.443,-7.27,0.0698,nan
SER,92,N,725,14.092,12.455,-7.512,-0.4157,-0.0062
SER,92,CA,726,12.695,12.279,-7.144,-0.0249,-0.1217
SER,92,C,727,12.302,10.82,-7.338,0.5973,-0.2645
SER,92,O,728,12.51,10.255,-8.416,-0.5679,0.4881
SER,92,CB,729,11.797,13.198,-7.972,0.2117,-0.1217
SER,92,OG,730,10.429,12.968,-7.682,-0.6546,0.4881
HIS,93,N,731,11.74,10.21,-6.298,-0.4157,-0.0062
HIS,93,CA,732,11.425,8.791,-6.34,0.0188,-0.1217
HIS,93,C,733,9.984,8.575,-5.911,0.5973,-0.2645
HIS,93,O,734,9.409,9.376,-5.168,-0.5679,0.4881
HIS,93,CB,735,12.36,7.965,-5.438,-0.0462,0.2169
HIS,93,CG,736,13.81,8.086,-5.791,-0.0266,-0.1217
HIS,93,CD2,737,14.713,7.153,-6.175,0.1292,-0.1217
HIS,93,ND1,738,14.481,9.29,-5.789,-0.3811,0.3544
HIS,93,CE1,739,15.738,9.092,-6.144,0.2057,-0.1217
HIS,93,NE2,740,15.904,7.804,-6.384,-0.5727,0.3544
THR,94,N,741,9.405,7.479,-6.392,-0.4157,-0.0062
THR,94,CA,742,8.005,7.169,-6.157,-0.0389,-0.1217
THR,94,C,743,7.914,5.863,-5.384,0.5973,-0.2645
THR,94,O,744,8.631,4.902,-5.682,-0.5679,0.4881
THR,94,CB,745,7.231,7.068,-7.483,0.3654,-0.1217
THR,94,CG2,746,5.812,6.541,-7.254,-0.2438,0.2169
THR,94,OG1,747,7.171,8.356,-8.108,-0.6761,0.4881
VAL,95,N,748,7.027,5.831,-4.395,-0.4157,-0.0062
VAL,95,CA,749,6.691,4.617,-3.667,-0.0875,-0.1217
VAL,95,C,750,5.192,4.395,-3.786,0.5973,-0.2645
VAL,95,O,751,4.405,5.349,-3.76,-0.5679,0.4881
VAL,95,CB,752,7.141,4.655,-2.188,0.2985,1.5299
VAL,95,CG1,753,8.555,5.202,-2.073,-0.3192,-0.9227
VAL,95,CG2,754,6.183,5.452,-1.323,-0.3192,-0.9227
GLN,96,N,755,4.801,3.141,-3.973,-0.4157,-0.0062
GLN,96,CA,756,3.404,2.794,-4.161,-0.0031,-0.1217
GLN,96,C,757,3.084,1.593,-3.29,0.5973,-0.2645
GLN,96,O,758,3.92,0.702,-3.106,-0.5679,0.4881
GLN,96,CB,759,3.092,2.485,-5.634,-0.0036,0.2169
GLN,96,CG,760,3.528,3.58,-6.601,-0.0645,0.2169
GLN,96,CD,761,3.46,3.15,-8.054,0.6951,-0.2645
GLN,96,NE2,762,2.247,2.962,-8.557,-0.9407,-0.0062
GLN,96,OE1,763,4.484,3.0,-8.72,-0.6086,0.4881
ARG,97,N,764,1.867,1.578,-2.76,-0.3479,-0.0062
ARG,97,CA,765,1.383,0.499,-1.918,-0.2637,-0.1217
ARG,97,C,766,-0.009,0.101,-2.375,0.7341,-0.2645
ARG,97,O,767,-0.813,0.953,-2.763,-0.5894,0.4881
ARG,97,CB,768,1.364,0.93,-0.446,-0.0007,0.2169
ARG,97,CG,769,0.779,-0.081,0.518,0.039,0.2169
ARG,97,CD,770,0.535,0.574,1.863,0.0486,-0.1217
ARG,97,NE,771,0.564,-0.378,2.966,-0.5295,-0.0062
ARG,97,CZ,772,0.151,-0.097,4.196,0.8076,-0.2645
MET,98,N,773,-0.29,-1.196,-2.318,-0.4157,-0.0062
MET,98,CA,774,-1.613,-1.71,-2.633,-0.0237,-0.1217
MET,98,C,775,-1.938,-2.86,-1.699,0.5973,-0.2645
MET,98,O,776,-1.161,-3.812,-1.589,-0.5679,0.4881
MET,98,CB,777,-1.693,-2.182,-4.089,0.0342,0.2169
MET,98,CG,778,-3.101,-2.508,-4.563,0.0018,-0.1217
MET,98,SD,779,-3.459,-4.274,-4.493,-0.2737,0.4989
MET,98,CE,780,-2.103,-4.934,-5.462,-0.0536,-0.1217
TYR,99,N,781,-3.084,-2.77,-1.03,-0.4157,-0.0062
TYR,99,CA,782,-3.574,-3.88,-0.234,-0.0014,-0.1217
TYR,99,C,783,-5.064,-4.032,-0.492,0.5973,-0.2645
TYR,99,O,784,-5.769,-3.047,-0.726,-0.5679,0.4881
TYR,99,CB,785,-3.252,-3.709,1.273,-0.0152,0.2169
TYR,99,CG,786,-3.748,-2.456,1.987,-0.0011,-0.2607
TYR,99,CD1,787,-5.083,-2.068,1.95,-0.1906,-0.2607
TYR,99,CD2,788,-2.864,-1.666,2.712,-0.1906,-0.2607
TYR,99,CE1,789,-5.518,-0.932,2.61,-0.2341,-0.2607
TYR,99,CE2,790,-3.29,-0.529,3.373,-0.2341,-0.2607
TYR,99,CZ,791,-4.617,-0.166,3.317,0.3226,-0.1217
GLY,100,N,792,-5.526,-5.278,-0.497,-0.4157,-0.0062
GLY,100,CA,793,-6.916,-5.531,-0.82,-0.0252,-0.1217
GLY,100,C,794,-7.366,-6.891,-0.344,0.5973,-0.2645
GLY,100,O,795,-6.583,-7.711,0.139,-0.5679,0.4881
GLY,100,1HA,796,-7.533,-4.769,-0.344,0.0698,nan
GLY,100,2HA,797,-7.021,-5.501,-1.904,0.0698,nan
CYS,101,N,798,-8.668,-7.106,-0.491,-0.4157,-0.0062
CYS,101,CA,799,-9.352,-8.31,-0.052,0.0213,-0.1217
CYS,101,C,800,-10.318,-8.75,-1.139,0.5973,-0.2645
CYS,101,O,801,-10.924,-7.912,-1.813,-0.5679,0.4881
CYS,101,CB,802,-10.111,-8.032,1.246,-0.1231,-0.1217
CYS,101,SG,803,-10.661,-6.338,1.145,-0.3119,0.4989
ASP,102,N,804,-10.465,-10.059,-1.309,-0.5163,-0.0062
ASP,102,CA,805,-11.408,-10.622,-2.263,0.0381,-0.1217
ASP,102,C,806,-12.396,-11.512,-1.523,0.5366,-0.2645
ASP,102,O,807,-12.014,-12.247,-0.606,-0.5819,0.4881
ASP,102,CB,808,-10.693,-11.416,-3.361,-0.0303,0.2169
ASP,102,CG,809,-10.104,-10.522,-4.435,0.7994,-0.2645
ASP,102,OD1,810,-10.153,-9.286,-4.272,-0.8014,0.7653
ASP,102,OD2,811,-9.597,-11.055,-5.445,-0.8014,0.7653
VAL,103,N,812,-13.669,-11.424,-1.903,-0.4157,-0.0062
VAL,103,CA,813,-14.713,-12.262,-1.328,-0.0875,-0.1217
VAL,103,C,814,-15.44,-12.977,-2.454,0.5973,-0.2645
VAL,103,O,815,-15.531,-12.474,-3.58,-0.5679,0.4881
VAL,103,CB,816,-15.719,-11.46,-0.473,0.2985,1.5299
VAL,103,CG1,817,-15.131,-11.15,0.897,-0.3192,-0.9227
VAL,103,CG2,818,-16.154,-10.206,-1.195,-0.3192,-0.9227
GLY,104,N,819,-15.956,-14.162,-2.147,-0.4157,-0.0062
GLY,104,CA,820,-16.692,-14.942,-3.117,-0.0252,-0.1217
GLY,104,C,821,-18.148,-14.523,-3.172,0.5973,-0.2645
GLY,104,O,822,-18.569,-13.525,-2.584,-0.5679,0.4881
GLY,104,1HA,823,-16.244,-14.801,-4.101,0.0698,nan
GLY,104,2HA,824,-16.647,-15.99,-2.82,0.0698,nan
SER,105,N,825,-18.931,-15.31,-3.911,-0.4157,-0.0062
SER,105,CA,826,-20.363,-15.046,-4.003,-0.0249,-0.1217
SER,105,C,827,-21.058,-15.187,-2.654,0.5973,-0.2645
SER,105,O,828,-22.064,-14.514,-2.401,-0.5679,0.4881
SER,105,CB,829,-20.999,-15.981,-5.032,0.2117,-0.1217
SER,105,OG,830,-20.409,-15.814,-6.31,-0.6546,0.4881
ASP,106,N,831,-20.543,-16.054,-1.78,-0.5163,-0.0062
ASP,106,CA,832,-21.097,-16.22,-0.442,0.0381,-0.1217
ASP,106,C,833,-20.827,-15.031,0.473,0.5366,-0.2645
ASP,106,O,834,-21.39,-14.989,1.574,-0.5819,0.4881
ASP,106,CB,835,-20.531,-17.485,0.207,-0.0303,0.2169
ASP,106,CG,836,-19.019,-17.573,0.094,0.7994,-0.2645
ASP,106,OD1,837,-18.428,-16.774,-0.662,-0.8014,0.7653
ASP,106,OD2,838,-18.42,-18.436,0.77,-0.8014,0.7653
TRP,107,N,839,-19.956,-14.106,0.064,-0.4157,-0.0062
TRP,107,CA,840,-19.563,-12.904,0.803,-0.0275,-0.1217
TRP,107,C,841,-18.593,-13.223,1.932,0.5973,-0.2645
TRP,107,O,842,-18.425,-12.412,2.849,-0.5679,0.4881
TRP,107,CB,843,-20.745,-12.098,1.358,-0.005,0.2169
TRP,107,CG,844,-21.392,-11.188,0.355,-0.1415,-0.2607
TRP,107,CD1,845,-21.236,-11.214,-1.0,-0.1638,-0.1217
TRP,107,CD2,846,-22.267,-10.087,0.635,0.1243,-0.2607
TRP,107,CE2,847,-22.62,-9.509,-0.6,0.138,-0.1217
TRP,107,CE3,848,-22.795,-9.542,1.81,-0.2387,-0.2607
TRP,107,NE1,849,-21.979,-10.216,-1.584,-0.3418,-0.0062
TRP,107,CZ2,850,-23.476,-8.412,-0.695,-0.2601,-0.2607
TRP,107,CZ3,851,-23.645,-8.454,1.715,-0.1972,-0.2607
ARG,108,N,852,-17.938,-14.378,1.882,-0.3479,-0.0062
ARG,108,CA,853,-16.94,-14.762,2.865,-0.2637,-0.1217
ARG,108,C,854,-15.549,-14.593,2.271,0.7341,-0.2645
ARG,108,O,855,-15.378,-14.413,1.062,-0.5894,0.4881
ARG,108,CB,856,-17.139,-16.208,3.333,-0.0007,0.2169
ARG,108,CG,857,-18.294,-16.437,4.294,0.039,0.2169
ARG,108,CD,858,-18.646,-17.921,4.35,0.0486,-0.1217
ARG,108,NE,859,-17.488,-18.726,4.725,-0.5295,-0.0062
ARG,108,CZ,860,-17.164,-19.04,5.975,0.8076,-0.2645
PHE,109,N,861,-14.55,-14.634,3.147,-0.4157,-0.0062
PHE,109,CA,862,-13.189,-14.317,2.741,-0.0024,-0.1217
PHE,109,C,863,-12.715,-15.261,1.645,0.5973,-0.2645
PHE,109,O,864,-12.988,-16.465,1.675,-0.5679,0.4881
PHE,109,CB,865,-12.251,-14.403,3.945,-0.0343,0.2169
PHE,109,CG,866,-10.804,-14.214,3.598,0.0118,-0.2607
PHE,109,CD1,867,-10.314,-12.964,3.261,-0.1256,-0.2607
PHE,109,CD2,868,-9.932,-15.291,3.603,-0.1256,-0.2607
PHE,109,CE1,869,-8.983,-12.79,2.939,-0.1704,-0.2607
PHE,109,CE2,870,-8.6,-15.124,3.282,-0.1704,-0.2607
PHE,109,CZ,871,-8.125,-13.873,2.949,-0.1072,-0.2607
LEU,110,N,872,-12.0,-14.701,0.668,-0.4157,-0.0062
LEU,110,CA,873,-11.462,-15.476,-0.443,-0.0518,-0.1217
LEU,110,C,874,-9.959,-15.266,-0.592,0.5973,-0.2645
LEU,110,O,875,-9.201,-16.234,-0.716,-0.5679,0.4881
LEU,110,CB,876,-12.177,-15.109,-1.748,-0.1102,0.2169
LEU,110,CG,877,-12.01,-16.047,-2.946,0.3531,1.5299
LEU,110,CD1,878,-11.998,-17.503,-2.505,-0.4121,-0.9227
LEU,110,CD2,879,-13.107,-15.801,-3.971,-0.4121,-0.9227
ARG,111,N,880,-9.519,-14.009,-0.578,-0.3479,-0.0062
ARG,111,CA,881,-8.149,-13.683,-0.95,-0.2637,-0.1217
ARG,111,C,882,-7.754,-12.361,-0.305,0.7341,-0.2645
ARG,111,O,883,-8.606,-11.567,0.102,-0.5894,0.4881
ARG,111,CB,884,-8.006,-13.608,-2.475,-0.0007,0.2169
ARG,111,CG,885,-6.583,-13.585,-2.998,0.039,0.2169
ARG,111,CD,886,-6.574,-13.557,-4.514,0.0486,-0.1217
ARG,111,NE,887,-7.557,-14.473,-5.084,-0.5295,-0.0062
ARG,111,CZ,888,-8.528,-14.108,-5.914,0.8076,-0.2645
GLY,112,N,889,-6.447,-12.136,-0.226,-0.4157,-0.0062
GLY,112,CA,890,-5.917,-10.905,0.337,-0.0252,-0.1217
GLY,112,C,891,-4.651,-10.482,-0.373,0.5973,-0.2645
GLY,112,O,892,-3.916,-11.311,-0.918,-0.5679,0.4881
GLY,112,1HA,893,-6.663,-10.116,0.236,0.0698,nan
GLY,112,2HA,894,-5.684,-11.077,1.388,0.0698,nan
TYR,113,N,895,-4.398,-9.173,-0.367,-0.4157,-0.0062
TYR,113,CA,896,-3.238,-8.583,-1.022,-0.0014,-0.1217
TYR,113,C,897,-2.601,-7.553,-0.103,0.5973,-0.2645
TYR,113,O,898,-3.303,-6.801,0.574,-0.5679,0.4881
TYR,113,CB,899,-3.598,-7.892,-2.345,-0.0152,0.2169
TYR,113,CG,900,-4.218,-8.771,-3.405,-0.0011,-0.2607
TYR,113,CD1,901,-5.593,-8.81,-3.588,-0.1906,-0.2607
TYR,113,CD2,902,-3.419,-9.529,-4.252,-0.1906,-0.2607
TYR,113,CE1,903,-6.158,-9.603,-4.572,-0.2341,-0.2607
TYR,113,CE2,904,-3.973,-10.322,-5.235,-0.2341,-0.2607
TYR,113,CZ,905,-5.34,-10.356,-5.393,0.3226,-0.1217
HIS,114,N,906,-1.271,-7.565,-0.039,-0.4157,-0.0062
HIS,114,CA,907,-0.516,-6.47,0.563,0.0188,-0.1217
HIS,114,C,908,0.782,-6.35,-0.225,0.5973,-0.2645
HIS,114,O,909,1.586,-7.286,-0.216,-0.5679,0.4881
HIS,114,CB,910,-0.259,-6.75,2.049,-0.0462,0.2169
HIS,114,CG,911,0.232,-5.567,2.823,-0.0266,-0.1217
HIS,114,CD2,912,-0.435,-4.516,3.358,0.1292,-0.1217
HIS,114,ND1,913,1.56,-5.378,3.137,-0.3811,0.3544
HIS,114,CE1,914,1.69,-4.262,3.834,0.2057,-0.1217
HIS,114,NE2,915,0.496,-3.716,3.976,-0.5727,0.3544
GLN,115,N,916,1.001,-5.219,-0.902,-0.4157,-0.0062
GLN,115,CA,917,2.192,-5.067,-1.734,-0.0031,-0.1217
GLN,115,C,918,2.779,-3.664,-1.629,0.5973,-0.2645
GLN,115,O,919,2.073,-2.693,-1.34,-0.5679,0.4881
GLN,115,CB,920,1.884,-5.385,-3.207,-0.0036,0.2169
GLN,115,CG,921,1.518,-6.843,-3.465,-0.0645,0.2169
GLN,115,CD,922,0.931,-7.08,-4.846,0.6951,-0.2645
GLN,115,NE2,923,0.315,-8.242,-5.031,-0.9407,-0.0062
GLN,115,OE1,924,1.023,-6.229,-5.733,-0.6086,0.4881
TYR,116,N,925,4.087,-3.575,-1.888,-0.4157,-0.0062
TYR,116,CA,926,4.845,-2.328,-1.867,-0.0014,-0.1217
TYR,116,C,927,5.697,-2.215,-3.126,0.5973,-0.2645
TYR,116,O,928,6.096,-3.221,-3.718,-0.5679,0.4881
TYR,116,CB,929,5.755,-2.234,-0.629,-0.0152,0.2169
TYR,116,CG,930,5.064,-1.772,0.636,-0.0011,-0.2607
TYR,116,CD1,931,5.478,-0.62,1.295,-0.1906,-0.2607
TYR,116,CD2,932,4.001,-2.482,1.173,-0.1906,-0.2607
TYR,116,CE1,933,4.852,-0.191,2.451,-0.2341,-0.2607
TYR,116,CE2,934,3.369,-2.059,2.322,-0.2341,-0.2607
TYR,116,CZ,935,3.798,-0.916,2.96,0.3226,-0.1217
ALA,117,N,936,5.993,-0.975,-3.518,-0.4157,-0.0062
ALA,117,CA,937,6.749,-0.712,-4.735,0.0337,-0.1217
ALA,117,C,938,7.59,0.544,-4.556,0.5973,-0.2645
ALA,117,O,939,7.133,1.523,-3.963,-0.5679,0.4881
ALA,117,CB,940,5.825,-0.554,-5.945,-0.1825,0.2169
TYR,118,N,941,8.821,0.504,-5.067,-0.4157,-0.0062
TYR,118,CA,942,9.731,1.645,-5.039,-0.0014,-0.1217
TYR,118,C,943,10.246,1.91,-6.447,0.5973,-0.2645
TYR,118,O,944,10.846,1.024,-7.065,-0.5679,0.4881
TYR,118,CB,945,10.892,1.406,-4.068,-0.0152,0.2169
TYR,118,CG,946,11.855,2.57,-3.946,-0.0011,-0.2607
TYR,118,CD1,947,11.421,3.808,-3.49,-0.1906,-0.2607
TYR,118,CD2,948,13.203,2.423,-4.247,-0.1906,-0.2607
TYR,118,CE1,949,12.292,4.872,-3.359,-0.2341,-0.2607
TYR,118,CE2,950,14.085,3.483,-4.118,-0.2341,-0.2607
TYR,118,CZ,951,13.623,4.704,-3.674,0.3226,-0.1217
ASP,119,N,952,10.004,3.125,-6.947,-0.5163,-0.0062
ASP,119,CA,953,10.469,3.566,-8.267,0.0381,-0.1217
ASP,119,C,954,9.915,2.694,-9.392,0.5366,-0.2645
ASP,119,O,955,10.595,2.429,-10.387,-0.5819,0.4881
ASP,119,CB,956,11.998,3.603,-8.329,-0.0303,0.2169
ASP,119,CG,957,12.567,4.952,-7.953,0.7994,-0.2645
ASP,119,OD1,958,11.778,5.905,-7.792,-0.8014,0.7653
ASP,119,OD2,959,13.805,5.06,-7.826,-0.8014,0.7653
GLY,120,N,960,8.674,2.244,-9.239,-0.4157,-0.0062
GLY,120,CA,961,8.022,1.509,-10.301,-0.0252,-0.1217
GLY,120,C,962,8.401,0.052,-10.395,0.5973,-0.2645
GLY,120,O,963,8.055,-0.598,-11.389,-0.5679,0.4881
GLY,120,1HA,964,6.945,1.57,-10.142,0.0698,nan
GLY,120,2HA,965,8.348,1.97,-11.234,0.0698,nan
LYS,121,N,966,9.096,-0.484,-9.397,-0.3479,-0.0062
LYS,121,CA,967,9.487,-1.882,-9.368,-0.24,-0.1217
LYS,121,C,968,8.966,-2.528,-8.093,0.7341,-0.2645
LYS,121,O,969,8.784,-1.859,-7.071,-0.5894,0.4881
LYS,121,CB,970,11.011,-2.031,-9.415,-0.0094,0.2169
LYS,121,CG,971,11.704,-1.14,-10.426,0.0187,0.2169
LYS,121,CD,972,13.202,-1.126,-10.175,-0.0479,0.2169
LYS,121,CE,973,13.908,-0.165,-11.11,-0.0143,-0.1217
LYS,121,NZ,974,14.937,0.646,-10.399,-0.3854,-0.1231
ASP,122,N,975,8.717,-3.832,-8.164,-0.5163,-0.0062
ASP,122,CA,976,8.318,-4.556,-6.967,0.0381,-0.1217
ASP,122,C,977,9.434,-4.499,-5.933,0.5366,-0.2645
ASP,122,O,978,10.611,-4.683,-6.252,-0.5819,0.4881
ASP,122,CB,979,7.984,-6.01,-7.309,-0.0303,0.2169
ASP,122,CG,980,6.519,-6.206,-7.652,0.7994,-0.2645
ASP,122,OD1,981,5.709,-5.314,-7.332,-0.8014,0.7653
ASP,122,OD2,982,6.177,-7.255,-8.24,-0.8014,0.7653
TYR,123,N,983,9.057,-4.235,-4.683,-0.4157,-0.0062
TYR,123,CA,984,10.006,-4.167,-3.578,-0.0014,-0.1217
TYR,123,C,985,9.753,-5.319,-2.613,0.5973,-0.2645
TYR,123,O,986,10.541,-6.266,-2.555,-0.5679,0.4881
TYR,123,CB,987,9.916,-2.821,-2.857,-0.0152,0.2169
TYR,123,CG,988,10.852,-2.724,-1.674,-0.0011,-0.2607
TYR,123,CD1,989,12.224,-2.62,-1.86,-0.1906,-0.2607
TYR,123,CD2,990,10.368,-2.77,-0.374,-0.1906,-0.2607
TYR,123,CE1,991,13.085,-2.538,-0.785,-0.2341,-0.2607
TYR,123,CE2,992,11.223,-2.693,0.709,-0.2341,-0.2607
TYR,123,CZ,993,12.58,-2.579,0.498,0.3226,-0.1217
ILE,124,N,994,8.664,-5.261,-1.855,-0.4157,-0.0062
ILE,124,CA,995,8.266,-6.334,-0.955,-0.0597,-0.1217
ILE,124,C,996,6.768,-6.545,-1.114,0.5973,-0.2645
ILE,124,O,997,5.998,-5.585,-1.236,-0.5679,0.4881
ILE,124,CB,998,8.647,-6.03,0.513,0.1303,0.2169
ILE,124,CG1,999,8.562,-7.299,1.364,-0.043,0.2169
ILE,124,CG2,1000,7.79,-4.909,1.102,-0.3204,-0.9227
ILE,124,CD1,1001,8.956,-7.088,2.81,-0.066,0.2169
ALA,125,N,1002,6.363,-7.807,-1.161,-0.4157,-0.0062
ALA,125,CA,1003,4.97,-8.168,-1.358,0.0337,-0.1217
ALA,125,C,1004,4.63,-9.305,-0.411,0.5973,-0.2645
ALA,125,O,1005,5.493,-10.11,-0.05,-0.5679,0.4881
ALA,125,CB,1006,4.688,-8.581,-2.808,-0.1825,0.2169
LEU,126,N,1007,3.366,-9.364,-0.01,-0.4157,-0.0062
LEU,126,CA,1008,2.905,-10.414,0.881,-0.0518,-0.1217
LEU,126,C,1009,2.435,-11.595,0.044,0.5973,-0.2645
LEU,126,O,1010,1.663,-11.425,-0.905,-0.5679,0.4881
LEU,126,CB,1011,1.781,-9.893,1.779,-0.1102,0.2169
LEU,126,CG,1012,1.222,-10.798,2.875,0.3531,1.5299
LEU,126,CD1,1013,2.306,-11.169,3.87,-0.4121,-0.9227
LEU,126,CD2,1014,0.083,-10.089,3.582,-0.4121,-0.9227
LYS,127,N,1015,2.901,-12.788,0.4,-0.3479,-0.0062
LYS,127,CA,1016,2.52,-13.982,-0.335,-0.24,-0.1217
LYS,127,C,1017,1.051,-14.311,-0.084,0.7341,-0.2645
LYS,127,O,1018,0.466,-13.935,0.935,-0.5894,0.4881
LYS,127,CB,1019,3.408,-15.163,0.058,-0.0094,0.2169
LYS,127,CG,1020,4.717,-15.258,-0.707,0.0187,0.2169
LYS,127,CD,1021,5.533,-16.456,-0.236,-0.0479,0.2169
LYS,127,CE,1022,6.71,-16.738,-1.157,-0.0143,-0.1217
LYS,127,NZ,1023,7.413,-15.494,-1.564,-0.3854,-0.1231
GLU,128,N,1024,0.452,-15.027,-1.037,-0.5163,-0.0062
GLU,128,CA,1025,-0.969,-15.332,-0.931,0.0397,-0.1217
GLU,128,C,1026,-1.275,-16.378,0.132,0.5366,-0.2645
GLU,128,O,1027,-2.455,-16.628,0.402,-0.5819,0.4881
GLU,128,CB,1028,-1.517,-15.773,-2.289,0.056,0.2169
GLU,128,CG,1029,-1.778,-14.602,-3.229,0.0136,0.2169
GLU,128,CD,1030,-2.866,-14.891,-4.242,0.8054,-0.2645
GLU,128,OE1,1031,-2.546,-15.038,-5.439,-0.8188,0.7653
GLU,128,OE2,1032,-4.044,-14.973,-3.839,-0.8188,0.7653
ASP,129,N,1033,-0.258,-16.992,0.743,-0.5163,-0.0062
ASP,129,CA,1034,-0.501,-17.769,1.952,0.0381,-0.1217
ASP,129,C,1035,-0.796,-16.864,3.139,0.5366,-0.2645
ASP,129,O,1036,-1.33,-17.336,4.149,-0.5819,0.4881
ASP,129,CB,1037,0.698,-18.669,2.26,-0.0303,0.2169
ASP,129,CG,1038,2.007,-17.9,2.336,0.7994,-0.2645
ASP,129,OD1,1039,1.975,-16.654,2.316,-0.8014,0.7653
ASP,129,OD2,1040,3.074,-18.546,2.415,-0.8014,0.7653
LEU,130,N,1041,-0.412,-15.589,3.038,-0.4157,-0.0062
LEU,130,CA,1042,-0.607,-14.544,4.041,-0.0518,-0.1217
LEU,130,C,1043,0.305,-14.718,5.249,0.5973,-0.2645
LEU,130,O,1044,0.053,-14.129,6.305,-0.5679,0.4881
LEU,130,CB,1045,-2.07,-14.476,4.498,-0.1102,0.2169
LEU,130,CG,1046,-3.068,-13.777,3.573,0.3531,1.5299
LEU,130,CD1,1047,-4.445,-13.707,4.218,-0.4121,-0.9227
LEU,130,CD2,1048,-2.582,-12.399,3.181,-0.4121,-0.9227
ARG,131,N,1049,1.37,-15.512,5.118,-0.3479,-0.0062
ARG,131,CA,1050,2.276,-15.766,6.227,-0.2637,-0.1217
ARG,131,C,1051,3.749,-15.588,5.885,0.7341,-0.2645
ARG,131,O,1052,4.592,-15.726,6.78,-0.5894,0.4881
ARG,131,CB,1053,2.051,-17.188,6.764,-0.0007,0.2169
ARG,131,CG,1054,0.619,-17.437,7.208,0.039,0.2169
ARG,131,CD,1055,0.311,-18.915,7.339,0.0486,-0.1217
ARG,131,NE,1056,-1.128,-19.147,7.412,-0.5295,-0.0062
ARG,131,CZ,1057,-1.683,-20.301,7.765,0.8076,-0.2645
SER,132,N,1058,4.086,-15.29,4.632,-0.4157,-0.0062
SER,132,CA,1059,5.468,-15.174,4.188,-0.0249,-0.1217
SER,132,C,1060,5.653,-13.935,3.323,0.5973,-0.2645
SER,132,O,1061,4.696,-13.377,2.783,-0.5679,0.4881
SER,132,CB,1062,5.91,-16.418,3.407,0.2117,-0.1217
SER,132,OG,1063,5.768,-17.586,4.195,-0.6546,0.4881
TRP,133,N,1064,6.912,-13.517,3.188,-0.4157,-0.0062
TRP,133,CA,1065,7.268,-12.326,2.434,-0.0275,-0.1217
TRP,133,C,1066,8.241,-12.685,1.319,0.5973,-0.2645
TRP,133,O,1067,9.064,-13.596,1.453,-0.5679,0.4881
TRP,133,CB,1068,7.908,-11.262,3.334,-0.005,0.2169
TRP,133,CG,1069,7.055,-10.836,4.483,-0.1415,-0.2607
TRP,133,CD1,1070,7.051,-11.365,5.742,-0.1638,-0.1217
TRP,133,CD2,1071,6.078,-9.791,4.484,0.1243,-0.2607
TRP,133,CE2,1072,5.522,-9.739,5.778,0.138,-0.1217
TRP,133,CE3,1073,5.62,-8.892,3.516,-0.2387,-0.2607
TRP,133,NE1,1074,6.134,-10.71,6.527,-0.3418,-0.0062
TRP,133,CZ2,1075,4.531,-8.827,6.126,-0.2601,-0.2607
TRP,133,CZ3,1076,4.637,-7.989,3.865,-0.1972,-0.2607
THR,134,N,1077,8.126,-11.959,0.211,-0.4157,-0.0062
THR,134,CA,1078,9.015,-12.089,-0.938,-0.0389,-0.1217
THR,134,C,1079,9.81,-10.8,-1.092,0.5973,-0.2645
THR,134,O,1080,9.222,-9.717,-1.199,-0.5679,0.4881
THR,134,CB,1081,8.231,-12.393,-2.214,0.3654,-0.1217
THR,134,CG2,1082,9.184,-12.692,-3.362,-0.2438,0.2169
THR,134,OG1,1083,7.385,-13.53,-1.999,-0.6761,0.4881
ALA,135,N,1084,11.134,-10.913,-1.102,-0.4157,-0.0062
ALA,135,CA,1085,12.017,-9.759,-1.186,0.0337,-0.1217
ALA,135,C,1086,12.65,-9.719,-2.57,0.5973,-0.2645
ALA,135,O,1087,13.232,-10.711,-3.022,-0.5679,0.4881
ALA,135,CB,1088,13.098,-9.812,-0.104,-0.1825,0.2169
ALA,136,N,1089,12.53,-8.567,-3.233,-0.4157,-0.0062
ALA,136,CA,1090,13.003,-8.429,-4.607,0.0337,-0.1217
ALA,136,C,1091,14.522,-8.506,-4.698,0.5973,-0.2645
ALA,136,O,1092,15.067,-9.244,-5.527,-0.5679,0.4881
ALA,136,CB,1093,12.493,-7.117,-5.203,-0.1825,0.2169
ASP,137,N,1094,15.225,-7.75,-3.858,-0.5163,-0.0062
ASP,137,CA,1095,16.675,-7.633,-3.962,0.0381,-0.1217
ASP,137,C,1096,17.272,-7.582,-2.559,0.5366,-0.2645
ASP,137,O,1097,16.592,-7.845,-1.561,-0.5819,0.4881
ASP,137,CB,1098,17.048,-6.408,-4.809,-0.0303,0.2169
ASP,137,CG,1099,16.324,-5.145,-4.368,0.7994,-0.2645
ASP,137,OD1,1100,16.215,-4.906,-3.147,-0.8014,0.7653
ASP,137,OD2,1101,15.856,-4.391,-5.247,-0.8014,0.7653
MET,138,N,1102,18.565,-7.252,-2.491,-0.4157,-0.0062
MET,138,CA,1103,19.265,-7.212,-1.21,-0.0237,-0.1217
MET,138,C,1104,18.638,-6.19,-0.269,0.5973,-0.2645
MET,138,O,1105,18.434,-6.465,0.92,-0.5679,0.4881
MET,138,CB,1106,20.742,-6.887,-1.444,0.0342,0.2169
MET,138,CG,1107,21.544,-8.019,-2.07,0.0018,-0.1217
MET,138,SD,1108,21.279,-9.611,-1.275,-0.2737,0.4989
MET,138,CE,1109,22.092,-9.339,0.297,-0.0536,-0.1217
ALA,139,N,1110,18.336,-4.996,-0.785,-0.4157,-0.0062
ALA,139,CA,1111,17.724,-3.957,0.038,0.0337,-0.1217
ALA,139,C,1112,16.368,-4.395,0.579,0.5973,-0.2645
ALA,139,O,1113,16.007,-4.064,1.715,-0.5679,0.4881
ALA,139,CB,1114,17.589,-2.665,-0.768,-0.1825,0.2169
ALA,140,N,1115,15.604,-5.143,-0.221,-0.4157,-0.0062
ALA,140,CA,1116,14.301,-5.624,0.227,0.0337,-0.1217
ALA,140,C,1117,14.42,-6.667,1.33,0.5973,-0.2645
ALA,140,O,1118,13.518,-6.782,2.168,-0.5679,0.4881
ALA,140,CB,1119,13.517,-6.193,-0.956,-0.1825,0.2169
GLN,141,N,1120,15.508,-7.438,1.343,-0.4157,-0.0062
GLN,141,CA,1121,15.67,-8.456,2.374,-0.0031,-0.1217
GLN,141,C,1122,15.825,-7.837,3.759,0.5973,-0.2645
GLN,141,O,1123,15.387,-8.431,4.751,-0.5679,0.4881
GLN,141,CB,1124,16.864,-9.348,2.033,-0.0036,0.2169
GLN,141,CG,1125,16.536,-10.404,0.985,-0.0645,0.2169
GLN,141,CD,1126,17.502,-11.57,0.99,0.6951,-0.2645
GLN,141,NE2,1127,18.075,-11.867,-0.171,-0.9407,-0.0062
GLN,141,OE1,1128,17.73,-12.199,2.022,-0.6086,0.4881
THR,142,N,1129,16.451,-6.659,3.851,-0.4157,-0.0062
THR,142,CA,1130,16.576,-5.978,5.138,-0.0389,-0.1217
THR,142,C,1131,15.208,-5.646,5.725,0.5973,-0.2645
THR,142,O,1132,14.974,-5.837,6.925,-0.5679,0.4881
THR,142,CB,1133,17.416,-4.71,4.99,0.3654,-0.1217
THR,142,CG2,1134,17.521,-3.989,6.323,-0.2438,0.2169
THR,142,OG1,1135,18.733,-5.058,4.55,-0.6761,0.4881
THR,143,N,1136,14.287,-5.154,4.89,-0.4157,-0.0062
THR,143,CA,1137,12.93,-4.888,5.358,-0.0389,-0.1217
THR,143,C,1138,12.215,-6.184,5.708,0.5973,-0.2645
THR,143,O,1139,11.389,-6.212,6.629,-0.5679,0.4881
THR,143,CB,1140,12.147,-4.113,4.297,0.3654,-0.1217
THR,143,CG2,1141,10.769,-3.722,4.814,-0.2438,0.2169
THR,143,OG1,1142,12.868,-2.926,3.94,-0.6761,0.4881
LYS,144,N,1143,12.524,-7.264,4.986,-0.3479,-0.0062
LYS,144,CA,1144,11.89,-8.548,5.252,-0.24,-0.1217
LYS,144,C,1145,12.198,-9.024,6.666,0.7341,-0.2645
LYS,144,O,1146,11.301,-9.485,7.382,-0.5894,0.4881
LYS,144,CB,1147,12.361,-9.574,4.221,-0.0094,0.2169
LYS,144,CG,1148,11.632,-10.903,4.245,0.0187,0.2169
LYS,144,CD,1149,12.433,-11.945,3.476,-0.0479,0.2169
LYS,144,CE,1150,12.036,-13.361,3.85,-0.0143,-0.1217
LYS,144,NZ,1151,12.982,-14.361,3.279,-0.3854,-0.1231
HIS,145,N,1152,13.46,-8.908,7.091,-0.4157,-0.0062
HIS,145,CA,1153,13.842,-9.397,8.412,0.0188,-0.1217
HIS,145,C,1154,13.13,-8.632,9.521,0.5973,-0.2645
HIS,145,O,1155,12.657,-9.234,10.493,-0.5679,0.4881
HIS,145,CB,1156,15.357,-9.283,8.598,-0.0462,0.2169
HIS,145,CG,1157,16.156,-10.165,7.688,-0.0266,-0.1217
HIS,145,CD2,1158,17.32,-10.827,7.889,0.1292,-0.1217
HIS,145,ND1,1159,15.781,-10.438,6.39,-0.3811,0.3544
HIS,145,CE1,1160,16.675,-11.234,5.833,0.2057,-0.1217
HIS,145,NE2,1161,17.619,-11.486,6.721,-0.5727,0.3544
LYS,146,N,1162,13.048,-7.304,9.399,-0.3479,-0.0062
LYS,146,CA,1163,12.335,-6.519,10.403,-0.24,-0.1217
LYS,146,C,1164,10.852,-6.858,10.429,0.7341,-0.2645
LYS,146,O,1165,10.263,-7.014,11.506,-0.5894,0.4881
LYS,146,CB,1166,12.536,-5.024,10.148,-0.0094,0.2169
LYS,146,CG,1167,13.988,-4.586,10.084,0.0187,0.2169
LYS,146,CD,1168,14.097,-3.077,9.924,-0.0479,0.2169
LYS,146,CE,1169,15.537,-2.643,9.711,-0.0143,-0.1217
LYS,146,NZ,1170,15.674,-1.159,9.7,-0.3854,-0.1231
TRP,147,N,1171,10.229,-6.973,9.254,-0.4157,-0.0062
TRP,147,CA,1172,8.803,-7.277,9.215,-0.0275,-0.1217
TRP,147,C,1173,8.515,-8.69,9.711,0.5973,-0.2645
TRP,147,O,1174,7.479,-8.932,10.34,-0.5679,0.4881
TRP,147,CB,1175,8.261,-7.065,7.8,-0.005,0.2169
TRP,147,CG,1176,8.143,-5.611,7.427,-0.1415,-0.2607
TRP,147,CD1,1177,8.749,-4.555,8.044,-0.1638,-0.1217
TRP,147,CD2,1178,7.374,-5.057,6.351,0.1243,-0.2607
TRP,147,CE2,1179,7.562,-3.66,6.378,0.138,-0.1217
TRP,147,CE3,1180,6.546,-5.606,5.367,-0.2387,-0.2607
TRP,147,NE1,1181,8.405,-3.38,7.422,-0.3418,-0.0062
TRP,147,CZ2,1182,6.951,-2.807,5.462,-0.2601,-0.2607
TRP,147,CZ3,1183,5.941,-4.755,4.457,-0.1972,-0.2607
GLU,148,N,1184,9.414,-9.637,9.433,-0.5163,-0.0062
GLU,148,CA,1185,9.241,-10.984,9.962,0.0397,-0.1217
GLU,148,C,1186,9.381,-11.007,11.48,0.5366,-0.2645
GLU,148,O,1187,8.587,-11.654,12.174,-0.5819,0.4881
GLU,148,CB,1188,10.237,-11.938,9.303,0.056,0.2169
GLU,148,CG,1189,9.925,-12.222,7.84,0.0136,0.2169
GLU,148,CD,1190,10.73,-13.376,7.279,0.8054,-0.2645
GLU,148,OE1,1191,11.766,-13.728,7.881,-0.8188,0.7653
GLU,148,OE2,1192,10.327,-13.928,6.234,-0.8188,0.7653
ALA,149,N,1193,10.389,-10.31,12.013,-0.4157,-0.0062
ALA,149,CA,1194,10.61,-10.298,13.456,0.0337,-0.1217
ALA,149,C,1195,9.492,-9.567,14.189,0.5973,-0.2645
ALA,149,O,1196,9.094,-9.972,15.288,-0.5679,0.4881
ALA,149,CB,1197,11.962,-9.663,13.774,-0.1825,0.2169
ALA,150,N,1198,8.977,-8.486,13.605,-0.4157,-0.0062
ALA,150,CA,1199,7.962,-7.66,14.247,0.0337,-0.1217
ALA,150,C,1200,6.557,-8.235,14.119,0.5973,-0.2645
ALA,150,O,1201,5.603,-7.598,14.577,-0.5679,0.4881
ALA,150,CB,1202,7.994,-6.242,13.671,-0.1825,0.2169
HIS,151,N,1203,6.416,-9.417,13.514,-0.4157,-0.0062
HIS,151,CA,1204,5.124,-10.084,13.336,0.0188,-0.1217
HIS,151,C,1205,4.136,-9.212,12.56,0.5973,-0.2645
HIS,151,O,1206,2.953,-9.133,12.893,-0.5679,0.4881
HIS,151,CB,1207,4.531,-10.51,14.68,-0.0462,0.2169
HIS,151,CG,1208,5.137,-11.761,15.236,-0.0266,-0.1217
HIS,151,CD2,1209,4.573,-12.837,15.832,0.1292,-0.1217
HIS,151,ND1,1210,6.492,-12.008,15.201,-0.3811,0.3544
HIS,151,CE1,1211,6.738,-13.182,15.756,0.2057,-0.1217
HIS,151,NE2,1212,5.59,-13.706,16.147,-0.5727,0.3544
VAL,152,N,1213,4.634,-8.543,11.519,-0.4157,-0.0062
VAL,152,CA,1214,3.774,-7.699,10.693,-0.0875,-0.1217
VAL,152,C,1215,2.777,-8.539,9.908,0.5973,-0.2645
VAL,152,O,1216,1.63,-8.126,9.698,-0.5679,0.4881
VAL,152,CB,1217,4.622,-6.816,9.765,0.2985,1.5299
VAL,152,CG1,1218,3.782,-5.694,9.234,-0.3192,-0.9227
VAL,152,CG2,1219,5.785,-6.233,10.548,-0.3192,-0.9227
ALA,153,N,1220,3.203,-9.715,9.441,-0.4157,-0.0062
ALA,153,CA,1221,2.33,-10.554,8.627,0.0337,-0.1217
ALA,153,C,1222,1.07,-10.95,9.388,0.5973,-0.2645
ALA,153,O,1223,-0.02,-11.016,8.808,-0.5679,0.4881
ALA,153,CB,1224,3.087,-11.793,8.151,-0.1825,0.2169
GLU,154,N,1225,1.203,-11.222,10.689,-0.5163,-0.0062
GLU,154,CA,1226,0.053,-11.641,11.485,0.0397,-0.1217
GLU,154,C,1227,-0.953,-10.508,11.648,0.5366,-0.2645
GLU,154,O,1228,-2.168,-10.744,11.641,-0.5819,0.4881
GLU,154,CB,1229,0.519,-12.144,12.853,0.056,0.2169
GLU,154,CG,1230,1.261,-13.48,12.826,0.0136,0.2169
GLU,154,CD,1231,2.717,-13.353,12.394,0.8054,-0.2645
GLU,154,OE1,1232,3.01,-12.581,11.457,-0.8188,0.7653
GLU,154,OE2,1233,3.576,-14.029,12.999,-0.8188,0.7653
GLN,155,N,1234,-0.47,-9.272,11.8,-0.4157,-0.0062
GLN,155,CA,1235,-1.371,-8.13,11.92,-0.0031,-0.1217
GLN,155,C,1236,-2.118,-7.885,10.615,0.5973,-0.2645
GLN,155,O,1237,-3.315,-7.574,10.622,-0.5679,0.4881
GLN,155,CB,1238,-0.594,-6.888,12.355,-0.0036,0.2169
GLN,155,CG,1239,-0.186,-6.878,13.832,-0.0645,0.2169
GLN,155,CD,1240,-1.347,-6.652,14.795,0.6951,-0.2645
GLN,155,NE2,1241,-1.101,-5.854,15.829,-0.9407,-0.0062
GLN,155,OE1,1242,-2.443,-7.184,14.617,-0.6086,0.4881
LEU,156,N,1243,-1.423,-8.022,9.484,-0.4157,-0.0062
LEU,156,CA,1244,-2.07,-7.861,8.186,-0.0518,-0.1217
LEU,156,C,1245,-3.078,-8.977,7.958,0.5973,-0.2645
LEU,156,O,1246,-4.159,-8.745,7.406,-0.5679,0.4881
LEU,156,CB,1247,-1.026,-7.836,7.073,-0.1102,0.2169
LEU,156,CG,1248,-0.088,-6.633,7.111,0.3531,1.5299
LEU,156,CD1,1249,1.061,-6.823,6.149,-0.4121,-0.9227
LEU,156,CD2,1250,-0.852,-5.368,6.783,-0.4121,-0.9227
ARG,157,N,1251,-2.724,-10.199,8.36,-0.3479,-0.0062
ARG,157,CA,1252,-3.625,-11.334,8.206,-0.2637,-0.1217
ARG,157,C,1253,-4.944,-11.084,8.927,0.7341,-0.2645
ARG,157,O,1254,-6.01,-11.481,8.442,-0.5894,0.4881
ARG,157,CB,1255,-2.941,-12.588,8.756,-0.0007,0.2169
ARG,157,CG,1256,-3.803,-13.832,8.908,0.039,0.2169
ARG,157,CD,1257,-2.953,-14.963,9.481,0.0486,-0.1217
ARG,157,NE,1258,-3.736,-15.973,10.193,-0.5295,-0.0062
ARG,157,CZ,1259,-4.236,-17.071,9.637,0.8076,-0.2645
ALA,158,N,1260,-4.895,-10.417,10.082,-0.4157,-0.0062
ALA,158,CA,1261,-6.122,-10.081,10.797,0.0337,-0.1217
ALA,158,C,1262,-6.971,-9.069,10.032,0.5973,-0.2645
ALA,158,O,1263,-8.203,-9.168,10.021,-0.5679,0.4881
ALA,158,CB,1264,-5.785,-9.552,12.191,-0.1825,0.2169
TYR,159,N,1265,-6.333,-8.078,9.4,-0.4157,-0.0062
TYR,159,CA,1266,-7.082,-7.056,8.671,-0.0014,-0.1217
TYR,159,C,1267,-7.758,-7.628,7.429,0.5973,-0.2645
TYR,159,O,1268,-8.955,-7.413,7.208,-0.5679,0.4881
TYR,159,CB,1269,-6.159,-5.9,8.285,-0.0152,0.2169
TYR,159,CG,1270,-6.773,-4.919,7.304,-0.0011,-0.2607
TYR,159,CD1,1271,-7.878,-4.157,7.656,-0.1906,-0.2607
TYR,159,CD2,1272,-6.259,-4.771,6.024,-0.1906,-0.2607
TYR,159,CE1,1273,-8.448,-3.263,6.765,-0.2341,-0.2607
TYR,159,CE2,1274,-6.821,-3.882,5.125,-0.2341,-0.2607
TYR,159,CZ,1275,-7.915,-3.131,5.501,0.3226,-0.1217
LEU,160,N,1276,-7.003,-8.353,6.601,-0.4157,-0.0062
LEU,160,CA,1277,-7.555,-8.854,5.344,-0.0518,-0.1217
LEU,160,C,1278,-8.619,-9.917,5.587,0.5973,-0.2645
LEU,160,O,1279,-9.7,-9.875,4.989,-0.5679,0.4881
LEU,160,CB,1280,-6.432,-9.392,4.457,-0.1102,0.2169
LEU,160,CG,1281,-5.269,-8.42,4.244,0.3531,1.5299
LEU,160,CD1,1282,-4.096,-9.116,3.582,-0.4121,-0.9227
LEU,160,CD2,1283,-5.716,-7.217,3.422,-0.4121,-0.9227
GLU,161,N,1284,-8.33,-10.88,6.465,-0.5163,-0.0062
GLU,161,CA,1285,-9.265,-11.976,6.702,0.0397,-0.1217
GLU,161,C,1286,-10.497,-11.528,7.481,0.5366,-0.2645
GLU,161,O,1287,-11.561,-12.146,7.356,-0.5819,0.4881
GLU,161,CB,1288,-8.564,-13.112,7.445,0.056,0.2169
GLU,161,CG,1289,-7.452,-13.782,6.655,0.0136,0.2169
GLU,161,CD,1290,-7.09,-15.146,7.204,0.8054,-0.2645
GLU,161,OE1,1291,-7.512,-15.464,8.336,-0.8188,0.7653
GLU,161,OE2,1292,-6.385,-15.903,6.503,-0.8188,0.7653
GLY,162,N,1293,-10.385,-10.473,8.284,-0.4157,-0.0062
GLY,162,CA,1294,-11.509,-10.063,9.105,-0.0252,-0.1217
GLY,162,C,1295,-12.012,-8.645,8.93,0.5973,-0.2645
GLY,162,O,1296,-13.193,-8.436,8.635,-0.5679,0.4881
GLY,162,1HA,1297,-12.338,-10.736,8.886,0.0698,nan
GLY,162,2HA,1298,-11.139,-10.106,10.129,0.0698,nan
THR,163,N,1299,-11.129,-7.661,9.109,-0.4157,-0.0062
THR,163,CA,1300,-11.565,-6.268,9.132,-0.0389,-0.1217
THR,163,C,1301,-12.108,-5.814,7.78,0.5973,-0.2645
THR,163,O,1302,-13.151,-5.15,7.723,-0.5679,0.4881
THR,163,CB,1303,-10.421,-5.365,9.59,0.3654,-0.1217
THR,163,CG2,1304,-10.852,-3.908,9.564,-0.2438,0.2169
THR,163,OG1,1305,-10.044,-5.718,10.927,-0.6761,0.4881
CYS,164,N,1306,-11.424,-6.148,6.681,-0.4157,-0.0062
CYS,164,CA,1307,-11.934,-5.749,5.371,0.0213,-0.1217
CYS,164,C,1308,-13.272,-6.412,5.075,0.5973,-0.2645
CYS,164,O,1309,-14.23,-5.748,4.659,-0.5679,0.4881
CYS,164,CB,1310,-10.952,-6.085,4.251,-0.1231,-0.1217
CYS,164,SG,1311,-11.871,-5.886,2.706,-0.3119,0.4989
VAL,165,N,1312,-13.355,-7.728,5.288,-0.4157,-0.0062
VAL,165,CA,1313,-14.557,-8.475,4.93,-0.0875,-0.1217
VAL,165,C,1314,-15.769,-7.894,5.644,0.5973,-0.2645
VAL,165,O,1315,-16.861,-7.794,5.068,-0.5679,0.4881
VAL,165,CB,1316,-14.369,-9.972,5.246,0.2985,1.5299
VAL,165,CG1,1317,-15.644,-10.749,4.952,-0.3192,-0.9227
VAL,165,CG2,1318,-13.197,-10.537,4.456,-0.3192,-0.9227
GLU,166,N,1319,-15.597,-7.496,6.904,-0.5163,-0.0062
GLU,166,CA,1320,-16.702,-6.899,7.646,0.0397,-0.1217
GLU,166,C,1321,-17.125,-5.574,7.023,0.5366,-0.2645
GLU,166,O,1322,-18.32,-5.313,6.841,-0.5819,0.4881
GLU,166,CB,1323,-16.288,-6.682,9.1,0.056,0.2169
GLU,166,CG,1324,-16.107,-7.947,9.907,0.0136,0.2169
GLU,166,CD,1325,-15.15,-7.745,11.066,0.8054,-0.2645
GLU,166,OE1,1326,-15.293,-6.735,11.787,-0.8188,0.7653
GLU,166,OE2,1327,-14.249,-8.59,11.25,-0.8188,0.7653
TRP,167,N,1328,-16.154,-4.723,6.683,-0.4157,-0.0062
TRP,167,CA,1329,-16.487,-3.429,6.099,-0.0275,-0.1217
TRP,167,C,1330,-16.894,-3.536,4.637,0.5973,-0.2645
TRP,167,O,1331,-17.717,-2.74,4.17,-0.5679,0.4881
TRP,167,CB,1332,-15.314,-2.456,6.237,-0.005,0.2169
TRP,167,CG,1333,-15.282,-1.775,7.567,-0.1415,-0.2607
TRP,167,CD1,1334,-14.696,-2.235,8.709,-0.1638,-0.1217
TRP,167,CD2,1335,-15.915,-0.537,7.911,0.1243,-0.2607
TRP,167,CE2,1336,-15.645,-0.295,9.272,0.138,-0.1217
TRP,167,CE3,1337,-16.673,0.397,7.196,-0.2387,-0.2607
TRP,167,NE1,1338,-14.896,-1.344,9.735,-0.3418,-0.0062
TRP,167,CZ2,1339,-16.106,0.841,9.933,-0.2601,-0.2607
TRP,167,CZ3,1340,-17.13,1.522,7.856,-0.1972,-0.2607
LEU,168,N,1341,-16.328,-4.494,3.898,-0.4157,-0.0062
LEU,168,CA,1342,-16.739,-4.685,2.512,-0.0518,-0.1217
LEU,168,C,1343,-18.203,-5.101,2.424,0.5973,-0.2645
LEU,168,O,1344,-18.943,-4.596,1.572,-0.5679,0.4881
LEU,168,CB,1345,-15.826,-5.699,1.824,-0.1102,0.2169
LEU,168,CG,1346,-16.203,-6.082,0.396,0.3531,1.5299
LEU,168,CD1,1347,-16.281,-4.844,-0.485,-0.4121,-0.9227
LEU,168,CD2,1348,-15.159,-7.032,-0.146,-0.4121,-0.9227
ARG,169,N,1349,-18.644,-6.018,3.295,-0.3479,-0.0062
ARG,169,CA,1350,-20.061,-6.376,3.306,-0.2637,-0.1217
ARG,169,C,1351,-20.918,-5.163,3.64,0.7341,-0.2645
ARG,169,O,1352,-21.981,-4.961,3.041,-0.5894,0.4881
ARG,169,CB,1353,-20.361,-7.51,4.29,-0.0007,0.2169
ARG,169,CG,1354,-19.782,-8.875,3.94,0.039,0.2169
ARG,169,CD,1355,-20.474,-9.966,4.769,0.0486,-0.1217
ARG,169,NE,1356,-19.966,-10.1,6.131,-0.5295,-0.0062
ARG,169,CZ,1357,-19.118,-11.045,6.521,0.8076,-0.2645
ARG,170,N,1358,-20.477,-4.352,4.602,-0.3479,-0.0062
ARG,170,CA,1359,-21.227,-3.151,4.947,-0.2637,-0.1217
ARG,170,C,1360,-21.323,-2.205,3.758,0.7341,-0.2645
ARG,170,O,1361,-22.38,-1.615,3.513,-0.5894,0.4881
ARG,170,CB,1362,-20.56,-2.456,6.134,-0.0007,0.2169
ARG,170,CG,1363,-21.35,-1.316,6.756,0.039,0.2169
ARG,170,CD,1364,-20.574,-0.718,7.925,0.0486,-0.1217
ARG,170,NE,1365,-20.695,0.733,7.999,-0.5295,-0.0062
ARG,170,CZ,1366,-21.594,1.386,8.724,0.8076,-0.2645
TYR,171,N,1367,-20.234,-2.056,2.998,-0.4157,-0.0062
TYR,171,CA,1368,-20.278,-1.2,1.815,-0.0014,-0.1217
TYR,171,C,1369,-21.226,-1.752,0.756,0.5973,-0.2645
TYR,171,O,1370,-21.961,-0.988,0.119,-0.5679,0.4881
TYR,171,CB,1371,-18.874,-1.009,1.244,-0.0152,0.2169
TYR,171,CG,1372,-17.999,-0.09,2.069,-0.0011,-0.2607
TYR,171,CD1,1373,-18.544,0.716,3.06,-0.1906,-0.2607
TYR,171,CD2,1374,-16.63,-0.017,1.847,-0.1906,-0.2607
TYR,171,CE1,1375,-17.75,1.564,3.813,-0.2341,-0.2607
TYR,171,CE2,1376,-15.828,0.825,2.594,-0.2341,-0.2607
TYR,171,CZ,1377,-16.392,1.613,3.575,0.3226,-0.1217
LEU,172,N,1378,-21.214,-3.073,0.543,-0.4157,-0.0062
LEU,172,CA,1379,-22.092,-3.66,-0.466,-0.0518,-0.1217
LEU,172,C,1380,-23.554,-3.438,-0.106,0.5973,-0.2645
LEU,172,O,1381,-24.372,-3.092,-0.968,-0.5679,0.4881
LEU,172,CB,1382,-21.795,-5.153,-0.623,-0.1102,0.2169
LEU,172,CG,1383,-20.375,-5.554,-1.039,0.3531,1.5299
LEU,172,CD1,1384,-20.202,-7.063,-0.995,-0.4121,-0.9227
LEU,172,CD2,1385,-20.022,-5.022,-2.419,-0.4121,-0.9227
GLU,173,N,1386,-23.902,-3.639,1.167,-0.5163,-0.0062
GLU,173,CA,1387,-25.272,-3.417,1.61,0.0397,-0.1217
GLU,173,C,1388,-25.619,-1.935,1.574,0.5366,-0.2645
GLU,173,O,1389,-26.741,-1.562,1.214,-0.5819,0.4881
GLU,173,CB,1390,-25.47,-3.991,3.014,0.056,0.2169
GLU,173,CG,1391,-25.149,-5.475,3.127,0.0136,0.2169
GLU,173,CD,1392,-26.209,-6.248,3.882,0.8054,-0.2645
GLU,173,OE1,1393,-27.387,-5.835,3.845,-0.8188,0.7653
GLU,173,OE2,1394,-25.864,-7.272,4.51,-0.8188,0.7653
ASN,174,N,1395,-24.665,-1.077,1.95,-0.4157,-0.0062
ASN,174,CA,1396,-24.91,0.361,1.969,0.0143,-0.1217
ASN,174,C,1397,-25.088,0.923,0.564,0.5973,-0.2645
ASN,174,O,1398,-25.85,1.879,0.372,-0.5679,0.4881
ASN,174,CB,1399,-23.758,1.082,2.672,-0.2041,0.2169
ASN,174,CG,1400,-23.811,0.947,4.186,0.713,-0.2645
ASN,174,ND2,1401,-22.86,1.574,4.868,-0.9191,-0.0062
ASN,174,OD1,1402,-24.691,0.281,4.733,-0.5931,0.4881
GLY,175,N,1403,-24.395,0.358,-0.421,-0.4157,-0.0062
GLY,175,CA,1404,-24.528,0.805,-1.795,-0.0252,-0.1217
GLY,175,C,1405,-25.041,-0.272,-2.728,0.5973,-0.2645
GLY,175,O,1406,-24.518,-0.447,-3.832,-0.5679,0.4881
GLY,175,1HA,1407,-25.222,1.645,-1.82,0.0698,nan
GLY,175,2HA,1408,-23.533,1.084,-2.141,0.0698,nan
LYS,176,N,1409,-26.074,-0.998,-2.292,-0.3479,-0.0062
LYS,176,CA,1410,-26.634,-2.066,-3.115,-0.24,-0.1217
LYS,176,C,1411,-27.139,-1.532,-4.45,0.7341,-0.2645
LYS,176,O,1412,-26.995,-2.189,-5.486,-0.5894,0.4881
LYS,176,CB,1413,-27.759,-2.768,-2.355,-0.0094,0.2169
LYS,176,CG,1414,-28.376,-3.948,-3.083,0.0187,0.2169
LYS,176,CD,1415,-29.182,-4.806,-2.122,-0.0479,0.2169
LYS,176,CE,1416,-29.847,-5.969,-2.834,-0.0143,-0.1217
LYS,176,NZ,1417,-30.34,-6.985,-1.865,-0.3854,-0.1231
GLU,177,N,1418,-27.723,-0.335,-4.446,-0.5163,-0.0062
GLU,177,CA,1419,-28.259,0.223,-5.681,0.0397,-0.1217
GLU,177,C,1420,-27.156,0.64,-6.647,0.5366,-0.2645
GLU,177,O,1421,-27.347,0.567,-7.866,-0.5819,0.4881
GLU,177,CB,1422,-29.168,1.409,-5.347,0.056,0.2169
GLU,177,CG,1423,-28.435,2.603,-4.742,0.0136,0.2169
GLU,177,CD,1424,-28.169,2.437,-3.252,0.8054,-0.2645
GLU,177,OE1,1425,-28.437,1.342,-2.71,-0.8188,0.7653
GLU,177,OE2,1426,-27.682,3.4,-2.624,-0.8188,0.7653
THR,178,N,1427,-26.006,1.077,-6.132,-0.4157,-0.0062
THR,178,CA,1428,-24.976,1.656,-6.986,-0.0389,-0.1217
THR,178,C,1429,-23.953,0.63,-7.471,0.5973,-0.2645
THR,178,O,1430,-23.527,0.683,-8.629,-0.5679,0.4881
THR,178,CB,1431,-24.262,2.789,-6.241,0.3654,-0.1217
THR,178,CG2,1432,-23.216,3.452,-7.131,-0.2438,0.2169
THR,178,OG1,1433,-25.221,3.772,-5.831,-0.6761,0.4881
LEU,179,N,1434,-23.54,-0.3,-6.603,-0.4157,-0.0062
LEU,179,CA,1435,-22.478,-1.245,-6.926,-0.0518,-0.1217
LEU,179,C,1436,-22.899,-2.711,-6.96,0.5973,-0.2645
LEU,179,O,1437,-22.107,-3.545,-7.413,-0.5679,0.4881
LEU,179,CB,1438,-21.291,-1.075,-5.963,-0.1102,0.2169
LEU,179,CG,1439,-21.504,-0.959,-4.454,0.3531,1.5299
LEU,179,CD1,1440,-21.789,-2.31,-3.828,-0.4121,-0.9227
LEU,179,CD2,1441,-20.293,-0.305,-3.805,-0.4121,-0.9227
