Residue,Chain,ResNum,Atom,AtomNum,X,Y,Z,Charge,Hydrophobicity
SER,A,2,N,1,-18.105,-12.554,-6.96,-0.4157,-0.0062
SER,A,2,CA,2,-16.994,-12.126,-6.114,-0.0249,-0.1217
SER,A,2,C,3,-16.801,-10.614,-6.178,0.5973,-0.2645
SER,A,2,O,4,-17.094,-9.988,-7.198,-0.5679,0.4881
SER,A,2,CB,5,-15.702,-12.831,-6.529,0.2117,-0.1217
SER,A,2,OG,6,-15.83,-14.236,-6.395,-0.6546,0.4881
HIS,A,3,N,7,-16.482,-9.987,-5.067,-0.4157,-0.0062
HIS,A,3,CA,8,-16.245,-8.553,-4.955,0.0188,-0.1217
HIS,A,3,C,9,-14.898,-8.267,-4.3,0.5973,-0.2645
HIS,A,3,O,10,-14.381,-9.095,-3.546,-0.5679,0.4881
HIS,A,3,CB,11,-17.368,-7.884,-4.161,-0.0462,0.2169
HIS,A,3,CG,12,-18.702,-7.952,-4.835,-0.0266,-0.1217
HIS,A,3,CD2,13,-19.744,-8.797,-4.658,0.1292,-0.1217
HIS,A,3,ND1,14,-19.08,-7.074,-5.827,-0.3811,0.3544
HIS,A,3,CE1,15,-20.302,-7.376,-6.233,0.2057,-0.1217
HIS,A,3,NE2,16,-20.727,-8.419,-5.539,-0.5727,0.3544
SER,A,4,N,17,-14.356,-7.129,-4.633,-0.4157,-0.0062
SER,A,4,CA,18,-13.056,-6.754,-4.087,-0.0249,-0.1217
SER,A,4,C,19,-13.075,-5.329,-3.543,0.5973,-0.2645
SER,A,4,O,20,-13.835,-4.486,-4.025,-0.5679,0.4881
SER,A,4,CB,21,-11.967,-6.887,-5.153,0.2117,-0.1217
SER,A,4,OG,22,-12.18,-5.963,-6.205,-0.6546,0.4881
MET,A,5,N,23,-12.305,-5.12,-2.521,-0.4157,-0.0062
MET,A,5,CA,24,-11.942,-3.797,-2.02,-0.0237,-0.1217
MET,A,5,C,25,-10.43,-3.599,-2.05,0.5973,-0.2645
MET,A,5,O,26,-9.685,-4.384,-1.459,-0.5679,0.4881
MET,A,5,CB,27,-12.467,-3.597,-0.597,0.0342,0.2169
MET,A,5,CG,28,-12.288,-2.182,-0.07,0.0018,-0.1217
MET,A,5,SD,29,-12.994,-1.962,1.609,-0.2737,0.4989
MET,A,5,CE,30,-11.786,-2.899,2.587,-0.0536,-0.1217
ARG,A,6,N,31,-10.028,-2.471,-2.755,-0.3479,-0.0062
ARG,A,6,CA,32,-8.6,-2.212,-2.915,-0.2637,-0.1217
ARG,A,6,C,33,-8.268,-0.759,-2.595,0.7341,-0.2645
ARG,A,6,O,34,-9.015,0.15,-2.961,-0.5894,0.4881
ARG,A,6,CB,35,-8.148,-2.552,-4.337,-0.0007,0.2169
ARG,A,6,CG,36,-8.268,-4.027,-4.686,0.039,0.2169
ARG,A,6,CD,37,-7.937,-4.289,-6.149,0.0486,-0.1217
ARG,A,6,NE,38,-8.15,-5.688,-6.507,-0.5295,-0.0062
ARG,A,6,CZ,39,-9.153,-6.134,-7.259,0.8076,-0.2645
TYR,A,7,N,40,-7.207,-0.603,-1.931,-0.4157,-0.0062
TYR,A,7,CA,41,-6.631,0.714,-1.679,-0.0014,-0.1217
TYR,A,7,C,42,-5.314,0.886,-2.427,0.5973,-0.2645
TYR,A,7,O,43,-4.544,-0.067,-2.568,-0.5679,0.4881
TYR,A,7,CB,44,-6.411,0.927,-0.178,-0.0152,0.2169
TYR,A,7,CG,45,-7.689,0.975,0.622,-0.0011,-0.2607
TYR,A,7,CD1,46,-8.435,2.149,0.712,-0.1906,-0.2607
TYR,A,7,CD2,47,-8.155,-0.152,1.29,-0.1906,-0.2607
TYR,A,7,CE1,48,-9.612,2.198,1.45,-0.2341,-0.2607
TYR,A,7,CE2,49,-9.332,-0.114,2.031,-0.2341,-0.2607
TYR,A,7,CZ,50,-10.052,1.063,2.105,0.3226,-0.1217
PHE,A,8,N,51,-5.094,2.061,-2.926,-0.4157,-0.0062
PHE,A,8,CA,52,-3.859,2.452,-3.596,-0.0024,-0.1217
PHE,A,8,C,53,-3.276,3.709,-2.966,0.5973,-0.2645
PHE,A,8,O,54,-3.939,4.747,-2.91,-0.5679,0.4881
PHE,A,8,CB,55,-4.107,2.68,-5.091,-0.0343,0.2169
PHE,A,8,CG,56,-4.659,1.476,-5.806,0.0118,-0.2607
PHE,A,8,CD1,57,-3.81,0.578,-6.441,-0.1256,-0.2607
PHE,A,8,CD2,58,-6.027,1.243,-5.843,-0.1256,-0.2607
PHE,A,8,CE1,59,-4.317,-0.537,-7.103,-0.1704,-0.2607
PHE,A,8,CE2,60,-6.542,0.13,-6.503,-0.1704,-0.2607
PHE,A,8,CZ,61,-5.685,-0.759,-7.134,-0.1072,-0.2607
TYR,A,9,N,62,-2.107,3.606,-2.447,-0.4157,-0.0062
TYR,A,9,CA,63,-1.361,4.729,-1.892,-0.0014,-0.1217
TYR,A,9,C,64,-0.163,5.075,-2.77,0.5973,-0.2645
TYR,A,9,O,65,0.579,4.188,-3.195,-0.5679,0.4881
TYR,A,9,CB,66,-0.89,4.413,-0.469,-0.0152,0.2169
TYR,A,9,CG,67,-2.016,4.108,0.489,-0.0011,-0.2607
TYR,A,9,CD1,68,-3.343,4.33,0.127,-0.1906,-0.2607
TYR,A,9,CD2,69,-1.756,3.599,1.756,-0.1906,-0.2607
TYR,A,9,CE1,70,-4.385,4.053,1.008,-0.2341,-0.2607
TYR,A,9,CE2,71,-2.789,3.318,2.645,-0.2341,-0.2607
TYR,A,9,CZ,72,-4.098,3.548,2.261,0.3226,-0.1217
THR,A,10,N,73,0.043,6.351,-3.02,-0.4157,-0.0062
THR,A,10,CA,74,1.207,6.835,-3.756,-0.0389,-0.1217
THR,A,10,C,75,1.874,7.99,-3.015,0.5973,-0.2645
THR,A,10,O,76,1.212,8.963,-2.648,-0.5679,0.4881
THR,A,10,CB,77,0.82,7.288,-5.176,0.3654,-0.1217
THR,A,10,CG2,78,2.048,7.735,-5.964,-0.2438,0.2169
THR,A,10,OG1,79,0.194,6.199,-5.865,-0.6761,0.4881
SER,A,11,N,80,3.087,7.844,-2.712,-0.4157,-0.0062
SER,A,11,CA,81,3.9,8.887,-2.095,-0.0249,-0.1217
SER,A,11,C,82,5.081,9.266,-2.984,0.5973,-0.2645
SER,A,11,O,83,5.819,8.395,-3.449,-0.5679,0.4881
SER,A,11,CB,84,4.407,8.434,-0.726,0.2117,-0.1217
SER,A,11,OG,85,3.331,8.009,0.093,-0.6546,0.4881
VAL,A,12,N,86,5.227,10.573,-3.202,-0.4157,-0.0062
VAL,A,12,CA,87,6.281,11.04,-4.097,-0.0875,-0.1217
VAL,A,12,C,88,7.106,12.122,-3.405,0.5973,-0.2645
VAL,A,12,O,89,6.561,13.129,-2.946,-0.5679,0.4881
VAL,A,12,CB,90,5.701,11.578,-5.424,0.2985,1.5299
VAL,A,12,CG1,91,6.823,11.985,-6.378,-0.3192,-0.9227
VAL,A,12,CG2,92,4.796,10.533,-6.073,-0.3192,-0.9227
SER,A,13,N,93,8.427,11.831,-3.286,-0.4157,-0.0062
SER,A,13,CA,94,9.32,12.871,-2.784,-0.0249,-0.1217
SER,A,13,C,95,9.532,13.966,-3.825,0.5973,-0.2645
SER,A,13,O,96,9.565,13.69,-5.026,-0.5679,0.4881
SER,A,13,CB,97,10.668,12.272,-2.381,0.2117,-0.1217
SER,A,13,OG,98,11.317,11.694,-3.501,-0.6546,0.4881
ARG,A,14,N,99,9.578,15.185,-3.383,-0.3479,-0.0062
ARG,A,14,CA,100,9.74,16.356,-4.239,-0.2637,-0.1217
ARG,A,14,C,101,10.89,17.234,-3.754,0.7341,-0.2645
ARG,A,14,O,102,10.67,18.222,-3.05,-0.5894,0.4881
ARG,A,14,CB,103,8.445,17.17,-4.287,-0.0007,0.2169
ARG,A,14,CG,104,7.26,16.408,-4.86,0.039,0.2169
ARG,A,14,CD,105,5.983,17.235,-4.815,0.0486,-0.1217
ARG,A,14,NE,106,5.477,17.373,-3.453,-0.5295,-0.0062
ARG,A,14,CZ,107,4.344,17.988,-3.123,0.8076,-0.2645
PRO,A,15,N,108,12.134,16.71,-4.124,-0.2548,-0.0062
PRO,A,15,CA,109,13.272,17.508,-3.661,-0.0266,-0.1217
PRO,A,15,C,110,13.181,18.971,-4.089,0.5896,-0.2645
PRO,A,15,O,111,12.939,19.26,-5.264,-0.5748,0.4881
PRO,A,15,CB,112,14.474,16.821,-4.315,-0.007,0.2169
PRO,A,15,CG,113,13.981,15.459,-4.685,0.0189,0.2169
PRO,A,15,CD,114,12.502,15.541,-4.938,0.0192,-0.1217
GLY,A,16,N,115,13.242,19.871,-3.185,-0.4157,-0.0062
GLY,A,16,CA,116,13.249,21.3,-3.455,-0.0252,-0.1217
GLY,A,16,C,117,11.859,21.901,-3.522,0.5973,-0.2645
GLY,A,16,O,118,11.707,23.105,-3.741,-0.5679,0.4881
GLY,A,16,1HA,119,13.712,21.444,-4.431,0.0698,nan
GLY,A,16,2HA,120,13.806,21.8,-2.662,0.0698,nan
ARG,A,17,N,121,10.854,21.075,-3.466,-0.3479,-0.0062
ARG,A,17,CA,122,9.504,21.585,-3.683,-0.2637,-0.1217
ARG,A,17,C,123,8.619,21.325,-2.467,0.7341,-0.2645
ARG,A,17,O,124,7.393,21.274,-2.585,-0.5894,0.4881
ARG,A,17,CB,125,8.882,20.948,-4.928,-0.0007,0.2169
ARG,A,17,CG,126,9.58,21.324,-6.225,0.039,0.2169
ARG,A,17,CD,127,8.832,20.798,-7.442,0.0486,-0.1217
ARG,A,17,NE,128,9.5,21.162,-8.687,-0.5295,-0.0062
ARG,A,17,CZ,129,9.105,20.786,-9.899,0.8076,-0.2645
GLY,A,18,N,130,9.27,21.014,-1.351,-0.4157,-0.0062
GLY,A,18,CA,131,8.483,20.847,-0.141,-0.0252,-0.1217
GLY,A,18,C,132,8.356,19.4,0.297,0.5973,-0.2645
GLY,A,18,O,133,9.198,18.567,-0.047,-0.5679,0.4881
GLY,A,18,1HA,134,8.957,21.412,0.662,0.0698,nan
GLY,A,18,2HA,135,7.478,21.209,-0.357,0.0698,nan
GLU,A,19,N,136,7.266,19.217,1.113,-0.5163,-0.0062
GLU,A,19,CA,137,7.003,17.891,1.663,0.0397,-0.1217
GLU,A,19,C,138,6.552,16.922,0.574,0.5366,-0.2645
GLU,A,19,O,139,5.962,17.334,-0.426,-0.5819,0.4881
GLU,A,19,CB,140,5.948,17.968,2.77,0.056,0.2169
GLU,A,19,CG,141,6.402,18.739,4.001,0.0136,0.2169
GLU,A,19,CD,142,7.456,18.003,4.813,0.8054,-0.2645
GLU,A,19,OE1,143,8.311,18.669,5.441,-0.8188,0.7653
GLU,A,19,OE2,144,7.426,16.753,4.823,-0.8188,0.7653
PRO,A,20,N,145,6.864,15.577,0.808,-0.2548,-0.0062
PRO,A,20,CA,146,6.352,14.612,-0.167,-0.0266,-0.1217
PRO,A,20,C,147,4.832,14.662,-0.306,0.5896,-0.2645
PRO,A,20,O,148,4.129,14.96,0.664,-0.5748,0.4881
PRO,A,20,CB,149,6.804,13.264,0.401,-0.007,0.2169
PRO,A,20,CG,150,8.003,13.584,1.235,0.0189,0.2169
PRO,A,20,CD,151,7.798,14.93,1.868,0.0192,-0.1217
ARG,A,21,N,152,4.397,14.487,-1.545,-0.3479,-0.0062
ARG,A,21,CA,153,2.964,14.404,-1.807,-0.2637,-0.1217
ARG,A,21,C,154,2.447,12.986,-1.586,0.7341,-0.2645
ARG,A,21,O,155,3.089,12.015,-1.993,-0.5894,0.4881
ARG,A,21,CB,156,2.651,14.858,-3.235,-0.0007,0.2169
ARG,A,21,CG,157,1.166,14.887,-3.561,0.039,0.2169
ARG,A,21,CD,158,0.909,15.39,-4.974,0.0486,-0.1217
ARG,A,21,NE,159,-0.52,15.467,-5.268,-0.5295,-0.0062
ARG,A,21,CZ,160,-1.035,15.833,-6.438,0.8076,-0.2645
PHE,A,22,N,161,1.327,12.856,-0.944,-0.4157,-0.0062
PHE,A,22,CA,162,0.68,11.583,-0.646,-0.0024,-0.1217
PHE,A,22,C,163,-0.749,11.564,-1.175,0.5973,-0.2645
PHE,A,22,O,164,-1.533,12.473,-0.894,-0.5679,0.4881
PHE,A,22,CB,165,0.685,11.317,0.864,-0.0343,0.2169
PHE,A,22,CG,166,0.013,10.029,1.254,0.0118,-0.2607
PHE,A,22,CD1,167,-1.31,10.019,1.679,-0.1256,-0.2607
PHE,A,22,CD2,168,0.705,8.825,1.198,-0.1256,-0.2607
PHE,A,22,CE1,169,-1.935,8.828,2.04,-0.1704,-0.2607
PHE,A,22,CE2,170,0.087,7.632,1.558,-0.1704,-0.2607
PHE,A,22,CZ,171,-1.232,7.635,1.981,-0.1072,-0.2607
ILE,A,23,N,172,-1.014,10.512,-1.962,-0.4157,-0.0062
ILE,A,23,CA,173,-2.349,10.313,-2.516,-0.0597,-0.1217
ILE,A,23,C,174,-2.847,8.913,-2.166,0.5973,-0.2645
ILE,A,23,O,175,-2.111,7.933,-2.3,-0.5679,0.4881
ILE,A,23,CB,176,-2.363,10.521,-4.047,0.1303,0.2169
ILE,A,23,CG1,177,-1.895,11.938,-4.397,-0.043,0.2169
ILE,A,23,CG2,178,-3.757,10.248,-4.616,-0.3204,-0.9227
ILE,A,23,CD1,179,-1.635,12.155,-5.881,-0.066,0.2169
ALA,A,24,N,180,-4.066,8.8,-1.689,-0.4157,-0.0062
ALA,A,24,CA,181,-4.723,7.533,-1.382,0.0337,-0.1217
ALA,A,24,C,182,-6.087,7.443,-2.063,0.5973,-0.2645
ALA,A,24,O,183,-6.878,8.388,-2.009,-0.5679,0.4881
ALA,A,24,CB,184,-4.873,7.362,0.127,-0.1825,0.2169
VAL,A,25,N,185,-6.33,6.318,-2.712,-0.4157,-0.0062
VAL,A,25,CA,186,-7.637,6.069,-3.31,-0.0875,-0.1217
VAL,A,25,C,187,-8.106,4.659,-2.96,0.5973,-0.2645
VAL,A,25,O,188,-7.288,3.771,-2.703,-0.5679,0.4881
VAL,A,25,CB,189,-7.604,6.255,-4.844,0.2985,1.5299
VAL,A,25,CG1,190,-7.264,7.7,-5.205,-0.3192,-0.9227
VAL,A,25,CG2,191,-6.599,5.293,-5.475,-0.3192,-0.9227
GLY,A,26,N,192,-9.407,4.48,-2.806,-0.4157,-0.0062
GLY,A,26,CA,193,-10.032,3.193,-2.546,-0.0252,-0.1217
GLY,A,26,C,194,-11.088,2.825,-3.571,0.5973,-0.2645
GLY,A,26,O,195,-11.865,3.68,-4.003,-0.5679,0.4881
GLY,A,26,1HA,196,-9.259,2.424,-2.553,0.0698,nan
GLY,A,26,2HA,197,-10.529,3.263,-1.579,0.0698,nan
TYR,A,27,N,198,-11.08,1.552,-3.9,-0.4157,-0.0062
TYR,A,27,CA,199,-12.042,1.036,-4.867,-0.0014,-0.1217
TYR,A,27,C,200,-12.821,-0.138,-4.289,0.5973,-0.2645
TYR,A,27,O,201,-12.256,-0.984,-3.592,-0.5679,0.4881
TYR,A,27,CB,202,-11.332,0.607,-6.156,-0.0152,0.2169
TYR,A,27,CG,203,-10.833,1.763,-6.988,-0.0011,-0.2607
TYR,A,27,CD1,204,-11.564,2.23,-8.078,-0.1906,-0.2607
TYR,A,27,CD2,205,-9.629,2.391,-6.686,-0.1906,-0.2607
TYR,A,27,CE1,206,-11.106,3.294,-8.848,-0.2341,-0.2607
TYR,A,27,CE2,207,-9.162,3.457,-7.449,-0.2341,-0.2607
TYR,A,27,CZ,208,-9.907,3.9,-8.527,0.3226,-0.1217
VAL,A,28,N,209,-14.085,-0.146,-4.482,-0.4157,-0.0062
VAL,A,28,CA,210,-14.873,-1.374,-4.454,-0.0875,-0.1217
VAL,A,28,C,211,-15.165,-1.835,-5.879,0.5973,-0.2645
VAL,A,28,O,212,-15.842,-1.137,-6.638,-0.5679,0.4881
VAL,A,28,CB,213,-16.194,-1.182,-3.675,0.2985,1.5299
VAL,A,28,CG1,214,-17.032,-2.459,-3.709,-0.3192,-0.9227
VAL,A,28,CG2,215,-15.908,-0.766,-2.233,-0.3192,-0.9227
ASP,A,29,N,216,-14.559,-2.923,-6.198,-0.5163,-0.0062
ASP,A,29,CA,217,-14.592,-3.412,-7.572,0.0381,-0.1217
ASP,A,29,C,218,-14.062,-2.361,-8.545,0.5366,-0.2645
ASP,A,29,O,219,-12.887,-1.99,-8.485,-0.5819,0.4881
ASP,A,29,CB,220,-16.016,-3.819,-7.963,-0.0303,0.2169
ASP,A,29,CG,221,-16.521,-5.025,-7.191,0.7994,-0.2645
ASP,A,29,OD1,222,-15.699,-5.871,-6.775,-0.8014,0.7653
ASP,A,29,OD2,223,-17.751,-5.132,-6.999,-0.8014,0.7653
ASP,A,30,N,224,-14.851,-1.711,-9.347,-0.5163,-0.0062
ASP,A,30,CA,225,-14.4,-0.775,-10.373,0.0381,-0.1217
ASP,A,30,C,226,-14.804,0.656,-10.028,0.5366,-0.2645
ASP,A,30,O,227,-14.647,1.566,-10.846,-0.5819,0.4881
ASP,A,30,CB,228,-14.966,-1.166,-11.74,-0.0303,0.2169
ASP,A,30,CG,229,-14.564,-2.566,-12.17,0.7994,-0.2645
ASP,A,30,OD1,230,-13.35,-2.848,-12.271,-0.8014,0.7653
ASP,A,30,OD2,231,-15.469,-3.393,-12.413,-0.8014,0.7653
THR,A,31,N,232,-15.333,0.85,-8.748,-0.4157,-0.0062
THR,A,31,CA,233,-15.857,2.154,-8.357,-0.0389,-0.1217
THR,A,31,C,234,-15.0,2.773,-7.256,0.5973,-0.2645
THR,A,31,O,235,-14.87,2.206,-6.17,-0.5679,0.4881
THR,A,31,CB,236,-17.316,2.048,-7.875,0.3654,-0.1217
THR,A,31,CG2,237,-17.884,3.423,-7.536,-0.2438,0.2169
THR,A,31,OG1,238,-18.112,1.456,-8.909,-0.6761,0.4881
GLN,A,32,N,239,-14.469,3.945,-7.55,-0.4157,-0.0062
GLN,A,32,CA,240,-13.745,4.673,-6.513,-0.0031,-0.1217
GLN,A,32,C,241,-14.703,5.24,-5.469,0.5973,-0.2645
GLN,A,32,O,242,-15.652,5.95,-5.809,-0.5679,0.4881
GLN,A,32,CB,243,-12.914,5.799,-7.129,-0.0036,0.2169
GLN,A,32,CG,244,-12.105,6.594,-6.112,-0.0645,0.2169
GLN,A,32,CD,245,-11.327,7.734,-6.741,0.6951,-0.2645
GLN,A,32,NE2,246,-10.27,8.174,-6.067,-0.9407,-0.0062
GLN,A,32,OE1,247,-11.674,8.215,-7.825,-0.6086,0.4881
PHE,A,33,N,248,-14.375,4.954,-4.197,-0.4157,-0.0062
PHE,A,33,CA,249,-15.338,5.418,-3.206,-0.0024,-0.1217
PHE,A,33,C,250,-14.679,6.372,-2.216,0.5973,-0.2645
PHE,A,33,O,251,-15.359,7.168,-1.566,-0.5679,0.4881
PHE,A,33,CB,252,-15.957,4.233,-2.459,-0.0343,0.2169
PHE,A,33,CG,253,-15.0,3.532,-1.533,0.0118,-0.2607
PHE,A,33,CD1,254,-14.13,2.562,-2.013,-0.1256,-0.2607
PHE,A,33,CD2,255,-14.971,3.843,-0.18,-0.1256,-0.2607
PHE,A,33,CE1,256,-13.243,1.911,-1.158,-0.1704,-0.2607
PHE,A,33,CE2,257,-14.089,3.198,0.681,-0.1704,-0.2607
PHE,A,33,CZ,258,-13.226,2.232,0.19,-0.1072,-0.2607
VAL,A,34,N,259,-13.362,6.436,-2.182,-0.4157,-0.0062
VAL,A,34,CA,260,-12.695,7.359,-1.271,-0.0875,-0.1217
VAL,A,34,C,261,-11.41,7.881,-1.912,0.5973,-0.2645
VAL,A,34,O,262,-10.813,7.207,-2.756,-0.5679,0.4881
VAL,A,34,CB,263,-12.38,6.691,0.085,0.2985,1.5299
VAL,A,34,CG1,264,-13.666,6.421,0.866,-0.3192,-0.9227
VAL,A,34,CG2,265,-11.599,5.396,-0.127,-0.3192,-0.9227
ARG,A,35,N,266,-11.026,9.105,-1.501,-0.3479,-0.0062
ARG,A,35,CA,267,-9.805,9.733,-1.996,-0.2637,-0.1217
ARG,A,35,C,268,-9.229,10.698,-0.964,0.7341,-0.2645
ARG,A,35,O,269,-9.976,11.358,-0.239,-0.5894,0.4881
ARG,A,35,CB,270,-10.073,10.47,-3.31,-0.0007,0.2169
ARG,A,35,CG,271,-8.875,11.245,-3.836,0.039,0.2169
ARG,A,35,CD,272,-9.193,11.95,-5.147,0.0486,-0.1217
ARG,A,35,NE,273,-8.071,12.765,-5.607,-0.5295,-0.0062
ARG,A,35,CZ,274,-7.434,12.594,-6.761,0.8076,-0.2645
PHE,A,36,N,275,-7.948,10.739,-0.888,-0.4157,-0.0062
PHE,A,36,CA,276,-7.184,11.678,-0.077,-0.0024,-0.1217
PHE,A,36,C,277,-5.998,12.229,-0.86,0.5973,-0.2645
PHE,A,36,O,278,-5.311,11.485,-1.563,-0.5679,0.4881
PHE,A,36,CB,279,-6.695,11.005,1.21,-0.0343,0.2169
PHE,A,36,CG,280,-5.808,11.881,2.054,0.0118,-0.2607
PHE,A,36,CD1,281,-4.432,11.891,1.861,-0.1256,-0.2607
PHE,A,36,CD2,282,-6.351,12.694,3.041,-0.1256,-0.2607
PHE,A,36,CE1,283,-3.608,12.7,2.64,-0.1704,-0.2607
PHE,A,36,CE2,284,-5.533,13.506,3.824,-0.1704,-0.2607
PHE,A,36,CZ,285,-4.163,13.506,3.622,-0.1072,-0.2607
ASP,A,37,N,286,-5.758,13.584,-0.698,-0.5163,-0.0062
ASP,A,37,CA,287,-4.624,14.283,-1.297,0.0381,-0.1217
ASP,A,37,C,288,-3.98,15.241,-0.298,0.5366,-0.2645
ASP,A,37,O,289,-4.629,16.17,0.187,-0.5819,0.4881
ASP,A,37,CB,290,-5.064,15.046,-2.549,-0.0303,0.2169
ASP,A,37,CG,291,-3.901,15.643,-3.319,0.7994,-0.2645
ASP,A,37,OD1,292,-2.771,15.68,-2.786,-0.8014,0.7653
ASP,A,37,OD2,293,-4.115,16.081,-4.471,-0.8014,0.7653
SER,A,38,N,294,-2.708,14.945,-0.028,-0.4157,-0.0062
SER,A,38,CA,295,-2.023,15.742,0.984,-0.0249,-0.1217
SER,A,38,C,296,-1.819,17.178,0.512,0.5973,-0.2645
SER,A,38,O,297,-1.567,18.073,1.322,-0.5679,0.4881
SER,A,38,CB,298,-0.673,15.116,1.337,0.2117,-0.1217
SER,A,38,OG,299,0.177,15.084,0.204,-0.6546,0.4881
ASP,A,39,N,300,-2.002,17.435,-0.709,-0.5163,-0.0062
ASP,A,39,CA,301,-1.868,18.784,-1.251,0.0381,-0.1217
ASP,A,39,C,302,-3.21,19.511,-1.252,0.5366,-0.2645
ASP,A,39,O,303,-3.272,20.71,-1.534,-0.5819,0.4881
ASP,A,39,CB,304,-1.293,18.738,-2.669,-0.0303,0.2169
ASP,A,39,CG,305,0.222,18.658,-2.694,0.7994,-0.2645
ASP,A,39,OD1,306,0.849,18.635,-1.612,-0.8014,0.7653
ASP,A,39,OD2,307,0.796,18.623,-3.803,-0.8014,0.7653
ALA,A,40,N,308,-4.249,18.739,-0.98,-0.4157,-0.0062
ALA,A,40,CA,309,-5.564,19.373,-0.972,0.0337,-0.1217
ALA,A,40,C,310,-5.729,20.281,0.244,0.5973,-0.2645
ALA,A,40,O,311,-5.136,20.034,1.295,-0.5679,0.4881
ALA,A,40,CB,312,-6.665,18.316,-0.995,-0.1825,0.2169
ALA,A,41,N,313,-6.524,21.328,0.193,-0.4157,-0.0062
ALA,A,41,CA,314,-6.762,22.303,1.254,0.0337,-0.1217
ALA,A,41,C,315,-7.365,21.635,2.487,0.5973,-0.2645
ALA,A,41,O,316,-6.953,21.914,3.615,-0.5679,0.4881
ALA,A,41,CB,317,-7.676,23.42,0.756,-0.1825,0.2169
SER,A,42,N,318,-8.313,20.686,2.332,-0.4157,-0.0062
SER,A,42,CA,319,-9.05,20.086,3.439,-0.0249,-0.1217
SER,A,42,C,320,-8.223,19.01,4.136,0.5973,-0.2645
SER,A,42,O,321,-8.386,18.776,5.335,-0.5679,0.4881
SER,A,42,CB,322,-10.367,19.486,2.942,0.2117,-0.1217
SER,A,42,OG,323,-10.127,18.453,2.003,-0.6546,0.4881
GLN,A,43,N,324,-7.212,18.427,3.35,-0.4157,-0.0062
GLN,A,43,CA,325,-6.406,17.298,3.802,-0.0031,-0.1217
GLN,A,43,C,326,-7.242,16.316,4.616,0.5973,-0.2645
GLN,A,43,O,327,-6.863,15.943,5.729,-0.5679,0.4881
GLN,A,43,CB,328,-5.215,17.786,4.629,-0.0036,0.2169
GLN,A,43,CG,329,-4.202,18.595,3.832,-0.0645,0.2169
GLN,A,43,CD,330,-2.94,18.896,4.619,0.6951,-0.2645
GLN,A,43,NE2,331,-1.831,19.085,3.912,-0.9407,-0.0062
GLN,A,43,OE1,332,-2.963,18.961,5.853,-0.6086,0.4881
ARG,A,44,N,333,-8.416,15.939,4.109,-0.3479,-0.0062
ARG,A,44,CA,334,-9.337,14.959,4.676,-0.2637,-0.1217
ARG,A,44,C,335,-9.691,13.884,3.655,0.7341,-0.2645
ARG,A,44,O,336,-9.605,14.116,2.447,-0.5894,0.4881
ARG,A,44,CB,337,-10.61,15.645,5.179,-0.0007,0.2169
ARG,A,44,CG,338,-10.384,16.578,6.357,0.039,0.2169
ARG,A,44,CD,339,-11.694,17.133,6.897,0.0486,-0.1217
ARG,A,44,NE,340,-11.486,17.934,8.099,-0.5295,-0.0062
ARG,A,44,CZ,341,-12.442,18.598,8.744,0.8076,-0.2645
MET,A,45,N,342,-9.993,12.661,4.243,-0.4157,-0.0062
MET,A,45,CA,343,-10.557,11.631,3.375,-0.0237,-0.1217
MET,A,45,C,344,-11.903,12.074,2.809,0.5973,-0.2645
MET,A,45,O,345,-12.787,12.496,3.557,-0.5679,0.4881
MET,A,45,CB,346,-10.718,10.314,4.136,0.0342,0.2169
MET,A,45,CG,347,-11.213,9.164,3.274,0.0018,-0.1217
MET,A,45,SD,348,-10.033,8.73,1.938,-0.2737,0.4989
MET,A,45,CE,349,-8.726,7.933,2.912,-0.0536,-0.1217
GLU,A,46,N,350,-12.029,11.982,1.471,-0.5163,-0.0062
GLU,A,46,CA,351,-13.222,12.482,0.794,0.0397,-0.1217
GLU,A,46,C,352,-14.004,11.344,0.143,0.5366,-0.2645
GLU,A,46,O,353,-13.413,10.402,-0.389,-0.5819,0.4881
GLU,A,46,CB,354,-12.845,13.53,-0.257,0.056,0.2169
GLU,A,46,CG,355,-12.149,14.755,0.319,0.0136,0.2169
GLU,A,46,CD,356,-11.659,15.722,-0.746,0.8054,-0.2645
GLU,A,46,OE1,357,-11.405,16.905,-0.422,-0.8188,0.7653
GLU,A,46,OE2,358,-11.529,15.295,-1.915,-0.8188,0.7653
PRO,A,47,N,359,-15.33,11.497,0.228,-0.2548,-0.0062
PRO,A,47,CA,360,-16.16,10.532,-0.497,-0.0266,-0.1217
PRO,A,47,C,361,-16.123,10.742,-2.009,0.5896,-0.2645
PRO,A,47,O,362,-16.139,11.882,-2.479,-0.5748,0.4881
PRO,A,47,CB,363,-17.564,10.79,0.055,-0.007,0.2169
PRO,A,47,CG,364,-17.578,12.245,0.401,0.0189,0.2169
PRO,A,47,CD,365,-16.213,12.63,0.893,0.0192,-0.1217
ARG,A,48,N,366,-16.166,9.596,-2.801,-0.3479,-0.0062
ARG,A,48,CA,367,-16.137,9.705,-4.256,-0.2637,-0.1217
ARG,A,48,C,368,-17.311,8.961,-4.884,0.7341,-0.2645
ARG,A,48,O,369,-17.337,8.742,-6.097,-0.5894,0.4881
ARG,A,48,CB,370,-14.817,9.164,-4.809,-0.0007,0.2169
ARG,A,48,CG,371,-13.597,9.962,-4.382,0.039,0.2169
ARG,A,48,CD,372,-13.708,11.425,-4.789,0.0486,-0.1217
ARG,A,48,NE,373,-13.728,11.58,-6.241,-0.5295,-0.0062
ARG,A,48,CZ,374,-13.763,12.747,-6.877,0.8076,-0.2645
ALA,A,49,N,375,-18.268,8.576,-3.969,-0.4157,-0.0062
ALA,A,49,CA,376,-19.534,7.964,-4.365,0.0337,-0.1217
ALA,A,49,C,377,-20.643,8.308,-3.374,0.5973,-0.2645
ALA,A,49,O,378,-20.392,8.441,-2.174,-0.5679,0.4881
ALA,A,49,CB,379,-19.381,6.45,-4.482,-0.1825,0.2169
PRO,A,50,N,380,-21.88,8.508,-3.907,-0.2548,-0.0062
PRO,A,50,CA,381,-22.988,8.928,-3.046,-0.0266,-0.1217
PRO,A,50,C,382,-23.269,7.934,-1.921,0.5896,-0.2645
PRO,A,50,O,383,-23.54,8.34,-0.787,-0.5748,0.4881
PRO,A,50,CB,384,-24.173,9.01,-4.011,-0.007,0.2169
PRO,A,50,CG,385,-23.565,9.34,-5.336,0.0189,0.2169
PRO,A,50,CD,386,-22.251,8.623,-5.449,0.0192,-0.1217
TRP,A,51,N,387,-23.156,6.671,-2.163,-0.4157,-0.0062
TRP,A,51,CA,388,-23.523,5.672,-1.166,-0.0275,-0.1217
TRP,A,51,C,389,-22.551,5.692,0.009,0.5973,-0.2645
TRP,A,51,O,390,-22.889,5.251,1.109,-0.5679,0.4881
TRP,A,51,CB,391,-23.557,4.274,-1.792,-0.005,0.2169
TRP,A,51,CG,392,-22.294,3.895,-2.503,-0.1415,-0.2607
TRP,A,51,CD1,393,-22.06,3.939,-3.849,-0.1638,-0.1217
TRP,A,51,CD2,394,-21.09,3.406,-1.902,0.1243,-0.2607
TRP,A,51,CE2,395,-20.166,3.175,-2.946,0.138,-0.1217
TRP,A,51,CE3,396,-20.702,3.142,-0.582,-0.2387,-0.2607
TRP,A,51,NE1,397,-20.782,3.508,-4.122,-0.3418,-0.0062
TRP,A,51,CZ2,398,-18.877,2.693,-2.709,-0.2601,-0.2607
TRP,A,51,CZ3,399,-19.418,2.662,-0.348,-0.1972,-0.2607
ILE,A,52,N,400,-21.318,6.182,-0.122,-0.4157,-0.0062
ILE,A,52,CA,401,-20.326,6.177,0.947,-0.0597,-0.1217
ILE,A,52,C,402,-20.485,7.43,1.806,0.5973,-0.2645
ILE,A,52,O,403,-20.011,7.473,2.944,-0.5679,0.4881
ILE,A,52,CB,404,-18.889,6.093,0.384,0.1303,0.2169
ILE,A,52,CG1,405,-17.893,5.777,1.506,-0.043,0.2169
ILE,A,52,CG2,406,-18.513,7.393,-0.333,-0.3204,-0.9227
ILE,A,52,CD1,407,-18.127,4.434,2.182,-0.066,0.2169
GLU,A,53,N,408,-21.251,8.409,1.317,-0.5163,-0.0062
GLU,A,53,CA,409,-21.446,9.659,2.046,0.0397,-0.1217
GLU,A,53,C,410,-22.288,9.443,3.3,0.5366,-0.2645
GLU,A,53,O,411,-22.201,10.218,4.254,-0.5819,0.4881
GLU,A,53,CB,412,-22.104,10.709,1.146,0.056,0.2169
GLU,A,53,CG,413,-21.197,11.22,0.035,0.0136,0.2169
GLU,A,53,CD,414,-21.859,12.271,-0.843,0.8054,-0.2645
GLU,A,53,OE1,415,-21.272,12.653,-1.88,-0.8188,0.7653
GLU,A,53,OE2,416,-22.974,12.718,-0.489,-0.8188,0.7653
GLN,A,54,N,417,-22.987,8.424,3.284,-0.4157,-0.0062
GLN,A,54,CA,418,-23.93,8.145,4.361,-0.0031,-0.1217
GLN,A,54,C,419,-23.203,7.709,5.63,0.5973,-0.2645
GLN,A,54,O,420,-23.797,7.673,6.71,-0.5679,0.4881
GLN,A,54,CB,421,-24.932,7.071,3.934,-0.0036,0.2169
GLN,A,54,CG,422,-24.295,5.721,3.632,-0.0645,0.2169
GLN,A,54,CD,423,-25.293,4.705,3.112,0.6951,-0.2645
GLN,A,54,NE2,424,-24.793,3.564,2.65,-0.9407,-0.0062
GLN,A,54,OE1,425,-26.507,4.941,3.127,-0.6086,0.4881
GLU,A,55,N,426,-21.913,7.322,5.431,-0.5163,-0.0062
GLU,A,55,CA,427,-21.157,6.985,6.633,0.0397,-0.1217
GLU,A,55,C,428,-21.06,8.18,7.577,0.5366,-0.2645
GLU,A,55,O,429,-21.16,9.329,7.143,-0.5819,0.4881
GLU,A,55,CB,430,-19.756,6.488,6.267,0.056,0.2169
GLU,A,55,CG,431,-19.75,5.173,5.502,0.0136,0.2169
GLU,A,55,CD,432,-20.351,4.019,6.288,0.8054,-0.2645
GLU,A,55,OE1,433,-21.005,3.143,5.677,-0.8188,0.7653
GLU,A,55,OE2,434,-20.168,3.99,7.525,-0.8188,0.7653
GLY,A,56,N,435,-21.084,7.951,8.894,-0.4157,-0.0062
GLY,A,56,CA,436,-21.104,8.996,9.906,-0.0252,-0.1217
GLY,A,56,C,437,-19.755,9.66,10.104,0.5973,-0.2645
GLY,A,56,O,438,-18.75,9.216,9.544,-0.5679,0.4881
GLY,A,56,1HA,439,-21.825,9.756,9.606,0.0698,nan
GLY,A,56,2HA,440,-21.376,8.526,10.851,0.0698,nan
PRO,A,57,N,441,-19.704,10.769,10.86,-0.2548,-0.0062
PRO,A,57,CA,442,-18.494,11.558,11.096,-0.0266,-0.1217
PRO,A,57,C,443,-17.373,10.742,11.736,0.5896,-0.2645
PRO,A,57,O,444,-16.194,11.006,11.488,-0.5748,0.4881
PRO,A,57,CB,445,-18.972,12.663,12.042,-0.007,0.2169
PRO,A,57,CG,446,-20.236,12.133,12.639,0.0189,0.2169
PRO,A,57,CD,447,-20.902,11.239,11.633,0.0192,-0.1217
GLU,A,58,N,448,-17.712,9.776,12.551,-0.5163,-0.0062
GLU,A,58,CA,449,-16.693,8.955,13.196,0.0397,-0.1217
GLU,A,58,C,450,-15.878,8.177,12.168,0.5366,-0.2645
GLU,A,58,O,451,-14.654,8.071,12.288,-0.5819,0.4881
GLU,A,58,CB,452,-17.334,7.992,14.199,0.056,0.2169
GLU,A,58,CG,453,-17.875,8.674,15.448,0.0136,0.2169
GLU,A,58,CD,454,-18.66,7.736,16.351,0.8054,-0.2645
GLU,A,58,OE1,455,-19.259,8.21,17.342,-0.8188,0.7653
GLU,A,58,OE2,456,-18.674,6.517,16.065,-0.8188,0.7653
TYR,A,59,N,457,-16.578,7.637,11.212,-0.4157,-0.0062
TYR,A,59,CA,458,-15.926,6.926,10.117,-0.0014,-0.1217
TYR,A,59,C,459,-14.941,7.832,9.39,0.5973,-0.2645
TYR,A,59,O,460,-13.781,7.462,9.187,-0.5679,0.4881
TYR,A,59,CB,461,-16.967,6.388,9.131,-0.0152,0.2169
TYR,A,59,CG,462,-16.369,5.815,7.869,-0.0011,-0.2607
TYR,A,59,CD1,463,-16.2,6.605,6.734,-0.1906,-0.2607
TYR,A,59,CD2,464,-15.972,4.483,7.809,-0.1906,-0.2607
TYR,A,59,CE1,465,-15.651,6.081,5.569,-0.2341,-0.2607
TYR,A,59,CE2,466,-15.421,3.948,6.649,-0.2341,-0.2607
TYR,A,59,CZ,467,-15.264,4.755,5.536,0.3226,-0.1217
TRP,A,60,N,468,-15.381,8.993,9.047,-0.4157,-0.0062
TRP,A,60,CA,469,-14.58,9.914,8.246,-0.0275,-0.1217
TRP,A,60,C,470,-13.406,10.459,9.053,0.5973,-0.2645
TRP,A,60,O,471,-12.299,10.602,8.529,-0.5679,0.4881
TRP,A,60,CB,472,-15.443,11.071,7.733,-0.005,0.2169
TRP,A,60,CG,473,-16.476,10.661,6.727,-0.1415,-0.2607
TRP,A,60,CD1,474,-17.834,10.736,6.863,-0.1638,-0.1217
TRP,A,60,CD2,475,-16.232,10.107,5.43,0.1243,-0.2607
TRP,A,60,CE2,476,-17.49,9.87,4.834,0.138,-0.1217
TRP,A,60,CE3,477,-15.071,9.789,4.714,-0.2387,-0.2607
TRP,A,60,NE1,478,-18.45,10.262,5.728,-0.3418,-0.0062
TRP,A,60,CZ2,479,-17.619,9.329,3.552,-0.2601,-0.2607
TRP,A,60,CZ3,480,-15.201,9.251,3.439,-0.1972,-0.2607
ASP,A,61,N,481,-13.616,10.719,10.328,-0.5163,-0.0062
ASP,A,61,CA,482,-12.526,11.156,11.195,0.0381,-0.1217
ASP,A,61,C,483,-11.456,10.074,11.32,0.5366,-0.2645
ASP,A,61,O,484,-10.26,10.366,11.249,-0.5819,0.4881
ASP,A,61,CB,485,-13.059,11.533,12.579,-0.0303,0.2169
ASP,A,61,CG,486,-13.811,12.851,12.587,0.7994,-0.2645
ASP,A,61,OD1,487,-13.686,13.63,11.618,-0.8014,0.7653
ASP,A,61,OD2,488,-14.534,13.115,13.572,-0.8014,0.7653
GLN,A,62,N,489,-11.953,8.861,11.487,-0.4157,-0.0062
GLN,A,62,CA,490,-11.024,7.744,11.626,-0.0031,-0.1217
GLN,A,62,C,491,-10.227,7.528,10.344,0.5973,-0.2645
GLN,A,62,O,492,-9.008,7.344,10.387,-0.5679,0.4881
GLN,A,62,CB,493,-11.775,6.464,11.999,-0.0036,0.2169
GLN,A,62,CG,494,-10.869,5.257,12.201,-0.0645,0.2169
GLN,A,62,CD,495,-9.928,5.42,13.381,0.6951,-0.2645
GLN,A,62,NE2,496,-8.676,5.015,13.2,-0.9407,-0.0062
GLN,A,62,OE1,497,-10.325,5.905,14.445,-0.6086,0.4881
GLU,A,63,N,498,-10.899,7.549,9.202,-0.5163,-0.0062
GLU,A,63,CA,499,-10.229,7.354,7.92,0.0397,-0.1217
GLU,A,63,C,500,-9.212,8.459,7.654,0.5366,-0.2645
GLU,A,63,O,501,-8.119,8.195,7.147,-0.5819,0.4881
GLU,A,63,CB,502,-11.252,7.296,6.782,0.056,0.2169
GLU,A,63,CG,503,-12.088,6.025,6.771,0.0136,0.2169
GLU,A,63,CD,504,-11.253,4.757,6.685,0.8054,-0.2645
GLU,A,63,OE1,505,-11.433,3.854,7.532,-0.8188,0.7653
GLU,A,63,OE2,506,-10.409,4.668,5.766,-0.8188,0.7653
THR,A,64,N,507,-9.544,9.652,8.065,-0.4157,-0.0062
THR,A,64,CA,508,-8.636,10.781,7.902,-0.0389,-0.1217
THR,A,64,C,509,-7.395,10.607,8.774,0.5973,-0.2645
THR,A,64,O,510,-6.272,10.812,8.309,-0.5679,0.4881
THR,A,64,CB,511,-9.33,12.111,8.252,0.3654,-0.1217
THR,A,64,CG2,512,-8.356,13.28,8.157,-0.2438,0.2169
THR,A,64,OG1,513,-10.413,12.332,7.34,-0.6761,0.4881
ARG,A,65,N,514,-7.614,10.2,9.99,-0.3479,-0.0062
ARG,A,65,CA,515,-6.493,9.978,10.897,-0.2637,-0.1217
ARG,A,65,C,516,-5.573,8.88,10.373,0.7341,-0.2645
ARG,A,65,O,517,-4.349,9.021,10.405,-0.5894,0.4881
ARG,A,65,CB,518,-6.997,9.614,12.296,-0.0007,0.2169
ARG,A,65,CG,519,-7.455,10.81,13.116,0.039,0.2169
ARG,A,65,CD,520,-7.668,10.443,14.578,0.0486,-0.1217
ARG,A,65,NE,521,-8.846,9.599,14.755,-0.5295,-0.0062
ARG,A,65,CZ,522,-8.955,8.629,15.659,0.8076,-0.2645
ASN,A,66,N,523,-6.129,7.819,9.927,-0.4157,-0.0062
ASN,A,66,CA,524,-5.359,6.68,9.44,0.0143,-0.1217
ASN,A,66,C,525,-4.504,7.057,8.233,0.5973,-0.2645
ASN,A,66,O,526,-3.322,6.714,8.173,-0.5679,0.4881
ASN,A,66,CB,527,-6.288,5.515,9.09,-0.2041,0.2169
ASN,A,66,CG,528,-6.915,4.879,10.315,0.713,-0.2645
ASN,A,66,ND2,529,-7.967,4.098,10.105,-0.9191,-0.0062
ASN,A,66,OD1,530,-6.456,5.09,11.441,-0.5931,0.4881
VAL,A,67,N,531,-5.083,7.781,7.275,-0.4157,-0.0062
VAL,A,67,CA,532,-4.359,8.113,6.052,-0.0875,-0.1217
VAL,A,67,C,533,-3.284,9.153,6.355,0.5973,-0.2645
VAL,A,67,O,534,-2.207,9.136,5.754,-0.5679,0.4881
VAL,A,67,CB,535,-5.311,8.633,4.953,0.2985,1.5299
VAL,A,67,CG1,536,-5.786,10.049,5.274,-0.3192,-0.9227
VAL,A,67,CG2,537,-4.622,8.594,3.59,-0.3192,-0.9227
LYS,A,68,N,538,-3.477,10.042,7.326,-0.3479,-0.0062
LYS,A,68,CA,539,-2.454,11.001,7.734,-0.24,-0.1217
LYS,A,68,C,540,-1.28,10.298,8.408,0.7341,-0.2645
LYS,A,68,O,541,-0.123,10.653,8.178,-0.5894,0.4881
LYS,A,68,CB,542,-3.047,12.05,8.674,-0.0094,0.2169
LYS,A,68,CG,543,-3.893,13.104,7.972,0.0187,0.2169
LYS,A,68,CD,544,-4.325,14.204,8.932,-0.0479,0.2169
LYS,A,68,CE,545,-5.024,15.342,8.201,-0.0143,-0.1217
LYS,A,68,NZ,546,-5.464,16.417,9.141,-0.3854,-0.1231
ALA,A,69,N,547,-1.674,9.362,9.253,-0.4157,-0.0062
ALA,A,69,CA,548,-0.621,8.574,9.887,0.0337,-0.1217
ALA,A,69,C,549,0.204,7.822,8.847,0.5973,-0.2645
ALA,A,69,O,550,1.432,7.764,8.942,-0.5679,0.4881
ALA,A,69,CB,551,-1.221,7.596,10.894,-0.1825,0.2169
GLN,A,70,N,552,-0.433,7.265,7.867,-0.4157,-0.0062
GLN,A,70,CA,553,0.273,6.57,6.796,-0.0031,-0.1217
GLN,A,70,C,554,1.171,7.528,6.017,0.5973,-0.2645
GLN,A,70,O,555,2.288,7.17,5.638,-0.5679,0.4881
GLN,A,70,CB,556,-0.719,5.894,5.849,-0.0036,0.2169
GLN,A,70,CG,557,-0.058,5.062,4.758,-0.0645,0.2169
GLN,A,70,CD,558,0.743,3.898,5.311,0.6951,-0.2645
GLN,A,70,NE2,559,2.057,3.937,5.116,-0.9407,-0.0062
GLN,A,70,OE1,560,0.185,2.972,5.91,-0.6086,0.4881
SER,A,71,N,561,0.646,8.741,5.712,-0.4157,-0.0062
SER,A,71,CA,562,1.418,9.757,5.005,-0.0249,-0.1217
SER,A,71,C,563,2.73,10.055,5.723,0.5973,-0.2645
SER,A,71,O,564,3.778,10.177,5.087,-0.5679,0.4881
SER,A,71,CB,565,0.604,11.043,4.858,0.2117,-0.1217
SER,A,71,OG,566,1.379,12.064,4.254,-0.6546,0.4881
GLN,A,72,N,567,2.686,10.139,7.022,-0.4157,-0.0062
GLN,A,72,CA,568,3.886,10.396,7.81,-0.0031,-0.1217
GLN,A,72,C,569,4.847,9.211,7.754,0.5973,-0.2645
GLN,A,72,O,570,6.061,9.395,7.646,-0.5679,0.4881
GLN,A,72,CB,571,3.519,10.704,9.263,-0.0036,0.2169
GLN,A,72,CG,572,2.786,12.026,9.445,-0.0645,0.2169
GLN,A,72,CD,573,3.551,13.206,8.877,0.6951,-0.2645
GLN,A,72,NE2,574,2.855,14.066,8.142,-0.9407,-0.0062
GLN,A,72,OE1,575,4.759,13.343,9.097,-0.6086,0.4881
THR,A,73,N,576,4.309,8.009,7.842,-0.4157,-0.0062
THR,A,73,CA,577,5.118,6.802,7.716,-0.0389,-0.1217
THR,A,73,C,578,5.829,6.765,6.367,0.5973,-0.2645
THR,A,73,O,579,7.022,6.46,6.295,-0.5679,0.4881
THR,A,73,CB,580,4.261,5.535,7.883,0.3654,-0.1217
THR,A,73,CG2,581,5.088,4.275,7.645,-0.2438,0.2169
THR,A,73,OG1,582,3.727,5.498,9.213,-0.6761,0.4881
ASP,A,74,N,583,5.128,7.092,5.295,-0.5163,-0.0062
ASP,A,74,CA,584,5.7,7.059,3.952,0.0381,-0.1217
ASP,A,74,C,585,6.79,8.117,3.794,0.5366,-0.2645
ASP,A,74,O,586,7.784,7.892,3.1,-0.5819,0.4881
ASP,A,74,CB,587,4.611,7.265,2.899,-0.0303,0.2169
ASP,A,74,CG,588,3.77,6.022,2.664,0.7994,-0.2645
ASP,A,74,OD1,589,3.995,4.997,3.342,-0.8014,0.7653
ASP,A,74,OD2,590,2.877,6.069,1.791,-0.8014,0.7653
ARG,A,75,N,591,6.581,9.209,4.478,-0.3479,-0.0062
ARG,A,75,CA,592,7.598,10.256,4.465,-0.2637,-0.1217
ARG,A,75,C,593,8.925,9.737,5.01,0.7341,-0.2645
ARG,A,75,O,594,9.975,9.942,4.399,-0.5894,0.4881
ARG,A,75,CB,595,7.135,11.466,5.279,-0.0007,0.2169
ARG,A,75,CG,596,8.137,12.609,5.307,0.039,0.2169
ARG,A,75,CD,597,7.624,13.789,6.122,0.0486,-0.1217
ARG,A,75,NE,598,8.665,14.792,6.331,-0.5295,-0.0062
ARG,A,75,CZ,599,8.437,16.078,6.585,0.8076,-0.2645
VAL,A,76,N,600,8.853,9.108,6.079,-0.4157,-0.0062
VAL,A,76,CA,601,10.045,8.532,6.694,-0.0875,-0.1217
VAL,A,76,C,602,10.589,7.409,5.813,0.5973,-0.2645
VAL,A,76,O,603,11.797,7.326,5.58,-0.5679,0.4881
VAL,A,76,CB,604,9.75,8.001,8.114,0.2985,1.5299
VAL,A,76,CG1,605,10.971,7.281,8.685,-0.3192,-0.9227
VAL,A,76,CG2,606,9.322,9.143,9.033,-0.3192,-0.9227
ASP,A,77,N,607,9.722,6.642,5.263,-0.5163,-0.0062
ASP,A,77,CA,608,10.123,5.482,4.473,0.0381,-0.1217
ASP,A,77,C,609,10.823,5.909,3.186,0.5366,-0.2645
ASP,A,77,O,610,11.711,5.208,2.694,-0.5819,0.4881
ASP,A,77,CB,611,8.908,4.611,4.147,-0.0303,0.2169
ASP,A,77,CG,612,8.42,3.803,5.336,0.7994,-0.2645
ASP,A,77,OD1,613,9.157,3.686,6.338,-0.8014,0.7653
ASP,A,77,OD2,614,7.287,3.278,5.271,-0.8014,0.7653
LEU,A,78,N,615,10.402,7.029,2.616,-0.4157,-0.0062
LEU,A,78,CA,616,11.073,7.543,1.428,-0.0518,-0.1217
LEU,A,78,C,617,12.548,7.812,1.71,0.5973,-0.2645
LEU,A,78,O,618,13.408,7.519,0.877,-0.5679,0.4881
LEU,A,78,CB,619,10.393,8.825,0.94,-0.1102,0.2169
LEU,A,78,CG,620,9.113,8.644,0.122,0.3531,1.5299
LEU,A,78,CD1,621,8.34,9.956,0.051,-0.4121,-0.9227
LEU,A,78,CD2,622,9.441,8.132,-1.277,-0.4121,-0.9227
GLY,A,79,N,623,12.856,8.33,2.885,-0.4157,-0.0062
GLY,A,79,CA,624,14.236,8.537,3.297,-0.0252,-0.1217
GLY,A,79,C,625,14.979,7.243,3.561,0.5973,-0.2645
GLY,A,79,O,626,16.13,7.085,3.147,-0.5679,0.4881
GLY,A,79,1HA,627,14.756,9.082,2.509,0.0698,nan
GLY,A,79,2HA,628,14.215,9.096,4.233,0.0698,nan
THR,A,80,N,629,14.32,6.332,4.213,-0.4157,-0.0062
THR,A,80,CA,630,14.906,5.036,4.538,-0.0389,-0.1217
THR,A,80,C,631,15.268,4.272,3.268,0.5973,-0.2645
THR,A,80,O,632,16.383,3.762,3.141,-0.5679,0.4881
THR,A,80,CB,633,13.946,4.189,5.394,0.3654,-0.1217
THR,A,80,CG2,634,14.541,2.817,5.695,-0.2438,0.2169
THR,A,80,OG1,635,13.693,4.868,6.632,-0.6761,0.4881
LEU,A,81,N,636,14.301,4.205,2.352,-0.4157,-0.0062
LEU,A,81,CA,637,14.525,3.452,1.123,-0.0518,-0.1217
LEU,A,81,C,638,15.62,4.1,0.281,0.5973,-0.2645
LEU,A,81,O,639,16.412,3.403,-0.356,-0.5679,0.4881
LEU,A,81,CB,640,13.23,3.353,0.311,-0.1102,0.2169
LEU,A,81,CG,641,12.152,2.422,0.866,0.3531,1.5299
LEU,A,81,CD1,642,10.844,2.614,0.106,-0.4121,-0.9227
LEU,A,81,CD2,643,12.61,0.969,0.792,-0.4121,-0.9227
ARG,A,82,N,644,15.598,5.385,0.267,-0.3479,-0.0062
ARG,A,82,CA,645,16.69,6.085,-0.402,-0.2637,-0.1217
ARG,A,82,C,646,18.043,5.624,0.13,0.7341,-0.2645
ARG,A,82,O,647,18.99,5.445,-0.64,-0.5894,0.4881
ARG,A,82,CB,648,16.546,7.598,-0.228,-0.0007,0.2169
ARG,A,82,CG,649,17.569,8.407,-1.009,0.039,0.2169
ARG,A,82,CD,650,17.375,9.904,-0.808,0.0486,-0.1217
ARG,A,82,NE,651,17.706,10.313,0.554,-0.5295,-0.0062
ARG,A,82,CZ,652,17.37,11.48,1.097,0.8076,-0.2645
GLY,A,83,N,653,18.214,5.502,1.41,-0.4157,-0.0062
GLY,A,83,CA,654,19.43,5.031,2.054,-0.0252,-0.1217
GLY,A,83,C,655,19.782,3.601,1.692,0.5973,-0.2645
GLY,A,83,O,656,20.942,3.295,1.406,-0.5679,0.4881
GLY,A,83,1HA,657,20.255,5.678,1.753,0.0698,nan
GLY,A,83,2HA,658,19.26,5.061,3.13,0.0698,nan
TYR,A,84,N,659,18.805,2.707,1.634,-0.4157,-0.0062
TYR,A,84,CA,660,19.051,1.31,1.298,-0.0014,-0.1217
TYR,A,84,C,661,19.686,1.185,-0.083,0.5973,-0.2645
TYR,A,84,O,662,20.552,0.335,-0.299,-0.5679,0.4881
TYR,A,84,CB,663,17.747,0.507,1.348,-0.0152,0.2169
TYR,A,84,CG,664,17.243,0.255,2.747,-0.0011,-0.2607
TYR,A,84,CD1,665,18.039,0.533,3.857,-0.1906,-0.2607
TYR,A,84,CD2,666,15.97,-0.261,2.965,-0.1906,-0.2607
TYR,A,84,CE1,667,17.579,0.301,5.149,-0.2341,-0.2607
TYR,A,84,CE2,668,15.499,-0.497,4.253,-0.2341,-0.2607
TYR,A,84,CZ,669,16.309,-0.213,5.336,0.3226,-0.1217
TYR,A,85,N,670,19.277,2.135,-0.934,-0.4157,-0.0062
TYR,A,85,CA,671,19.695,2.015,-2.327,-0.0014,-0.1217
TYR,A,85,C,672,20.82,2.991,-2.645,0.5973,-0.2645
TYR,A,85,O,673,21.256,3.093,-3.794,-0.5679,0.4881
TYR,A,85,CB,674,18.51,2.26,-3.267,-0.0152,0.2169
TYR,A,85,CG,675,17.551,1.097,-3.35,-0.0011,-0.2607
TYR,A,85,CD1,676,17.777,0.043,-4.232,-0.1906,-0.2607
TYR,A,85,CD2,677,16.416,1.05,-2.546,-0.1906,-0.2607
TYR,A,85,CE1,678,16.894,-1.028,-4.314,-0.2341,-0.2607
TYR,A,85,CE2,679,15.527,-0.017,-2.619,-0.2341,-0.2607
TYR,A,85,CZ,680,15.775,-1.05,-3.504,0.3226,-0.1217
ASN,A,86,N,681,21.254,3.789,-1.689,-0.4157,-0.0062
ASN,A,86,CA,682,22.34,4.75,-1.851,0.0143,-0.1217
ASN,A,86,C,683,22.05,5.739,-2.976,0.5973,-0.2645
ASN,A,86,O,684,22.895,5.967,-3.843,-0.5679,0.4881
ASN,A,86,CB,685,23.662,4.025,-2.111,-0.2041,0.2169
ASN,A,86,CG,686,24.105,3.178,-0.934,0.713,-0.2645
ASN,A,86,ND2,687,24.641,1.998,-1.22,-0.9191,-0.0062
ASN,A,86,OD1,688,23.965,3.581,0.224,-0.5931,0.4881
GLN,A,87,N,689,20.872,6.217,-2.924,-0.4157,-0.0062
GLN,A,87,CA,690,20.436,7.169,-3.939,-0.0031,-0.1217
GLN,A,87,C,691,20.641,8.607,-3.47,0.5973,-0.2645
GLN,A,87,O,692,20.768,8.861,-2.27,-0.5679,0.4881
GLN,A,87,CB,693,18.966,6.939,-4.298,-0.0036,0.2169
GLN,A,87,CG,694,18.703,5.604,-4.983,-0.0645,0.2169
GLN,A,87,CD,695,17.224,5.29,-5.108,0.6951,-0.2645
GLN,A,87,NE2,696,16.82,4.792,-6.271,-0.9407,-0.0062
GLN,A,87,OE1,697,16.451,5.494,-4.167,-0.6086,0.4881
SER,A,88,N,698,20.641,9.562,-4.476,-0.4157,-0.0062
SER,A,88,CA,699,20.906,10.969,-4.191,-0.0249,-0.1217
SER,A,88,C,700,19.696,11.641,-3.551,0.5973,-0.2645
SER,A,88,O,701,18.554,11.256,-3.813,-0.5679,0.4881
SER,A,88,CB,702,21.294,11.711,-5.471,0.2117,-0.1217
SER,A,88,OG,703,21.274,13.113,-5.264,-0.6546,0.4881
GLU,A,89,N,704,19.956,12.745,-2.763,-0.5163,-0.0062
GLU,A,89,CA,705,18.918,13.522,-2.094,0.0397,-0.1217
GLU,A,89,C,706,18.153,14.393,-3.086,0.5366,-0.2645
GLU,A,89,O,707,17.029,14.819,-2.81,-0.5819,0.4881
GLU,A,89,CB,708,19.525,14.393,-0.991,0.056,0.2169
GLU,A,89,CG,709,19.999,13.605,0.223,0.0136,0.2169
GLU,A,89,CD,710,20.459,14.491,1.371,0.8054,-0.2645
GLU,A,89,OE1,711,20.734,13.962,2.472,-0.8188,0.7653
GLU,A,89,OE2,712,20.541,15.722,1.167,-0.8188,0.7653
ASP,A,90,N,713,18.752,14.546,-4.195,-0.5163,-0.0062
ASP,A,90,CA,714,18.177,15.466,-5.172,0.0381,-0.1217
ASP,A,90,C,715,17.198,14.744,-6.095,0.5366,-0.2645
ASP,A,90,O,716,16.457,15.383,-6.845,-0.5819,0.4881
ASP,A,90,CB,717,19.28,16.134,-5.994,-0.0303,0.2169
ASP,A,90,CG,718,20.135,17.087,-5.177,0.7994,-0.2645
ASP,A,90,OD1,719,19.654,17.606,-4.146,-0.8014,0.7653
ASP,A,90,OD2,720,21.297,17.324,-5.569,-0.8014,0.7653
GLY,A,91,N,721,17.186,13.428,-5.942,-0.4157,-0.0062
GLY,A,91,CA,722,16.304,12.669,-6.816,-0.0252,-0.1217
GLY,A,91,C,723,14.916,12.472,-6.236,0.5973,-0.2645
GLY,A,91,O,724,14.744,12.452,-5.016,-0.5679,0.4881
GLY,A,91,1HA,725,16.213,13.199,-7.764,0.0698,nan
GLY,A,91,2HA,726,16.746,11.68,-6.943,0.0698,nan
SER,A,92,N,727,13.847,12.441,-7.122,-0.4157,-0.0062
SER,A,92,CA,728,12.476,12.144,-6.724,-0.0249,-0.1217
SER,A,92,C,729,12.218,10.642,-6.707,0.5973,-0.2645
SER,A,92,O,730,12.619,9.927,-7.628,-0.5679,0.4881
SER,A,92,CB,731,11.484,12.83,-7.664,0.2117,-0.1217
SER,A,92,OG,732,10.149,12.547,-7.281,-0.6546,0.4881
HIS,A,93,N,733,11.611,10.214,-5.597,-0.4157,-0.0062
HIS,A,93,CA,734,11.33,8.792,-5.434,0.0188,-0.1217
HIS,A,93,C,735,9.87,8.558,-5.062,0.5973,-0.2645
HIS,A,93,O,736,9.223,9.435,-4.485,-0.5679,0.4881
HIS,A,93,CB,737,12.246,8.183,-4.371,-0.0462,0.2169
HIS,A,93,CG,738,13.703,8.341,-4.673,-0.0266,-0.1217
HIS,A,93,CD2,739,14.65,9.122,-4.103,0.1292,-0.1217
HIS,A,93,ND1,740,14.334,7.64,-5.679,-0.3811,0.3544
HIS,A,93,CE1,741,15.61,7.984,-5.712,0.2057,-0.1217
HIS,A,93,NE2,742,15.828,8.882,-4.767,-0.5727,0.3544
THR,A,94,N,743,9.412,7.373,-5.454,-0.4157,-0.0062
THR,A,94,CA,744,7.989,7.08,-5.316,-0.0389,-0.1217
THR,A,94,C,745,7.778,5.75,-4.6,0.5973,-0.2645
THR,A,94,O,746,8.447,4.761,-4.907,-0.5679,0.4881
THR,A,94,CB,747,7.29,7.045,-6.687,0.3654,-0.1217
THR,A,94,CG2,748,5.798,6.768,-6.538,-0.2438,0.2169
THR,A,94,OG1,749,7.467,8.309,-7.339,-0.6761,0.4881
ILE,A,95,N,750,6.93,5.729,-3.616,-0.4157,-0.0062
ILE,A,95,CA,751,6.423,4.521,-2.973,-0.0597,-0.1217
ILE,A,95,C,752,4.969,4.291,-3.382,0.5973,-0.2645
ILE,A,95,O,753,4.159,5.22,-3.367,-0.5679,0.4881
ILE,A,95,CB,754,6.539,4.608,-1.435,0.1303,0.2169
ILE,A,95,CG1,755,8.012,4.648,-1.012,-0.043,0.2169
ILE,A,95,CG2,756,5.81,3.436,-0.771,-0.3204,-0.9227
ILE,A,95,CD1,757,8.223,4.937,0.468,-0.066,0.2169
GLN,A,96,N,758,4.658,3.073,-3.793,-0.4157,-0.0062
GLN,A,96,CA,759,3.294,2.677,-4.13,-0.0031,-0.1217
GLN,A,96,C,760,2.87,1.44,-3.345,0.5973,-0.2645
GLN,A,96,O,761,3.623,0.468,-3.252,-0.5679,0.4881
GLN,A,96,CB,762,3.167,2.415,-5.632,-0.0036,0.2169
GLN,A,96,CG,763,3.472,3.63,-6.497,-0.0645,0.2169
GLN,A,96,CD,764,3.514,3.301,-7.977,0.6951,-0.2645
GLN,A,96,NE2,765,2.389,3.492,-8.659,-0.9407,-0.0062
GLN,A,96,OE1,766,4.548,2.881,-8.505,-0.6086,0.4881
ILE,A,97,N,767,1.681,1.57,-2.726,-0.4157,-0.0062
ILE,A,97,CA,768,1.137,0.472,-1.935,-0.0597,-0.1217
ILE,A,97,C,769,-0.252,0.102,-2.453,0.5973,-0.2645
ILE,A,97,O,770,-1.087,0.978,-2.689,-0.5679,0.4881
ILE,A,97,CB,771,1.069,0.835,-0.434,0.1303,0.2169
ILE,A,97,CG1,772,2.458,1.234,0.08,-0.043,0.2169
ILE,A,97,CG2,773,0.499,-0.332,0.378,-0.3204,-0.9227
ILE,A,97,CD1,774,2.453,1.809,1.49,-0.066,0.2169
MET,A,98,N,775,-0.422,-1.237,-2.609,-0.4157,-0.0062
MET,A,98,CA,776,-1.749,-1.775,-2.894,-0.0237,-0.1217
MET,A,98,C,777,-2.11,-2.883,-1.909,0.5973,-0.2645
MET,A,98,O,778,-1.314,-3.792,-1.674,-0.5679,0.4881
MET,A,98,CB,779,-1.821,-2.305,-4.326,0.0342,0.2169
MET,A,98,CG,780,-3.203,-2.787,-4.734,0.0018,-0.1217
MET,A,98,SD,781,-3.521,-4.522,-4.227,-0.2737,0.4989
MET,A,98,CE,782,-2.368,-5.393,-5.326,-0.0536,-0.1217
TYR,A,99,N,783,-3.27,-2.712,-1.314,-0.4157,-0.0062
TYR,A,99,CA,784,-3.728,-3.762,-0.41,-0.0014,-0.1217
TYR,A,99,C,785,-5.25,-3.824,-0.374,0.5973,-0.2645
TYR,A,99,O,786,-5.927,-2.868,-0.761,-0.5679,0.4881
TYR,A,99,CB,787,-3.182,-3.532,1.002,-0.0152,0.2169
TYR,A,99,CG,788,-3.744,-2.305,1.679,-0.0011,-0.2607
TYR,A,99,CD1,789,-3.294,-1.031,1.34,-0.1906,-0.2607
TYR,A,99,CD2,790,-4.726,-2.419,2.658,-0.1906,-0.2607
TYR,A,99,CE1,791,-3.809,0.102,1.963,-0.2341,-0.2607
TYR,A,99,CE2,792,-5.247,-1.292,3.286,-0.2341,-0.2607
TYR,A,99,CZ,793,-4.783,-0.039,2.933,0.3226,-0.1217
GLY,A,100,N,794,-5.737,-4.958,0.039,-0.4157,-0.0062
GLY,A,100,CA,795,-7.179,-5.14,0.112,-0.0252,-0.1217
GLY,A,100,C,796,-7.59,-6.594,0.257,0.5973,-0.2645
GLY,A,100,O,797,-6.751,-7.458,0.521,-0.5679,0.4881
GLY,A,100,1HA,798,-7.556,-4.585,0.971,0.0698,nan
GLY,A,100,2HA,799,-7.599,-4.776,-0.826,0.0698,nan
CYS,A,101,N,800,-8.951,-6.816,0.157,-0.4157,-0.0062
CYS,A,101,CA,801,-9.478,-8.167,0.319,0.0213,-0.1217
CYS,A,101,C,802,-10.527,-8.475,-0.742,0.5973,-0.2645
CYS,A,101,O,803,-11.088,-7.561,-1.349,-0.5679,0.4881
CYS,A,101,CB,804,-10.082,-8.341,1.713,-0.1231,-0.1217
CYS,A,101,SG,805,-11.508,-7.278,2.027,-0.3119,0.4989
ASP,A,102,N,806,-10.76,-9.768,-0.987,-0.5163,-0.0062
ASP,A,102,CA,807,-11.816,-10.285,-1.851,0.0381,-0.1217
ASP,A,102,C,808,-12.806,-11.137,-1.059,0.5366,-0.2645
ASP,A,102,O,809,-12.41,-11.879,-0.157,-0.5819,0.4881
ASP,A,102,CB,810,-11.218,-11.102,-2.998,-0.0303,0.2169
ASP,A,102,CG,811,-10.311,-10.283,-3.9,0.7994,-0.2645
ASP,A,102,OD1,812,-10.272,-9.041,-3.76,-0.8014,0.7653
ASP,A,102,OD2,813,-9.632,-10.884,-4.76,-0.8014,0.7653
VAL,A,103,N,814,-14.07,-10.986,-1.398,-0.4157,-0.0062
VAL,A,103,CA,815,-15.085,-11.868,-0.833,-0.0875,-0.1217
VAL,A,103,C,816,-15.773,-12.647,-1.952,0.5973,-0.2645
VAL,A,103,O,817,-15.871,-12.164,-3.082,-0.5679,0.4881
VAL,A,103,CB,818,-16.129,-11.081,-0.011,0.2985,1.5299
VAL,A,103,CG1,819,-15.473,-10.411,1.195,-0.3192,-0.9227
VAL,A,103,CG2,820,-16.825,-10.042,-0.89,-0.3192,-0.9227
GLY,A,104,N,821,-16.047,-13.949,-1.669,-0.4157,-0.0062
GLY,A,104,CA,822,-16.772,-14.772,-2.624,-0.0252,-0.1217
GLY,A,104,C,823,-18.256,-14.457,-2.678,0.5973,-0.2645
GLY,A,104,O,824,-18.727,-13.547,-1.994,-0.5679,0.4881
GLY,A,104,1HA,825,-16.347,-14.61,-3.615,0.0698,nan
GLY,A,104,2HA,826,-16.672,-15.808,-2.302,0.0698,nan
PRO,A,105,N,827,-19.003,-15.208,-3.477,-0.2548,-0.0062
PRO,A,105,CA,828,-20.439,-14.965,-3.632,-0.0266,-0.1217
PRO,A,105,C,829,-21.205,-15.091,-2.317,0.5896,-0.2645
PRO,A,105,O,830,-22.253,-14.464,-2.147,-0.5748,0.4881
PRO,A,105,CB,831,-20.874,-16.046,-4.624,-0.007,0.2169
PRO,A,105,CG,832,-19.624,-16.422,-5.353,0.0189,0.2169
PRO,A,105,CD,833,-18.456,-16.218,-4.432,0.0192,-0.1217
ASP,A,106,N,834,-20.635,-15.872,-1.407,-0.5163,-0.0062
ASP,A,106,CA,835,-21.319,-16.082,-0.135,0.0381,-0.1217
ASP,A,106,C,836,-20.93,-15.011,0.881,0.5366,-0.2645
ASP,A,106,O,837,-21.388,-15.036,2.025,-0.5819,0.4881
ASP,A,106,CB,838,-21.003,-17.473,0.42,-0.0303,0.2169
ASP,A,106,CG,839,-19.516,-17.707,0.622,0.7994,-0.2645
ASP,A,106,OD1,840,-18.705,-16.833,0.249,-0.8014,0.7653
ASP,A,106,OD2,841,-19.153,-18.778,1.156,-0.8014,0.7653
GLY,A,107,N,842,-20.045,-14.054,0.448,-0.4157,-0.0062
GLY,A,107,CA,843,-19.631,-12.966,1.318,-0.0252,-0.1217
GLY,A,107,C,844,-18.477,-13.336,2.23,0.5973,-0.2645
GLY,A,107,O,845,-18.118,-12.571,3.128,-0.5679,0.4881
GLY,A,107,1HA,846,-19.327,-12.122,0.698,0.0698,nan
GLY,A,107,2HA,847,-20.481,-12.72,1.954,0.0698,nan
ARG,A,108,N,848,-17.92,-14.548,2.016,-0.3479,-0.0062
ARG,A,108,CA,849,-16.821,-15.024,2.85,-0.2637,-0.1217
ARG,A,108,C,850,-15.471,-14.651,2.245,0.7341,-0.2645
ARG,A,108,O,851,-15.36,-14.465,1.031,-0.5894,0.4881
ARG,A,108,CB,852,-16.908,-16.54,3.041,-0.0007,0.2169
ARG,A,108,CG,853,-18.106,-16.989,3.861,0.039,0.2169
ARG,A,108,CD,854,-18.091,-18.492,4.106,0.0486,-0.1217
ARG,A,108,NE,855,-19.228,-18.918,4.918,-0.5295,-0.0062
ARG,A,108,CZ,856,-19.735,-20.147,4.926,0.8076,-0.2645
PHE,A,109,N,857,-14.52,-14.534,3.168,-0.4157,-0.0062
PHE,A,109,CA,858,-13.157,-14.182,2.789,-0.0024,-0.1217
PHE,A,109,C,859,-12.642,-15.109,1.695,0.5973,-0.2645
PHE,A,109,O,860,-12.727,-16.334,1.82,-0.5679,0.4881
PHE,A,109,CB,861,-12.227,-14.239,4.005,-0.0343,0.2169
PHE,A,109,CG,862,-10.785,-13.956,3.681,0.0118,-0.2607
PHE,A,109,CD1,863,-9.86,-14.99,3.602,-0.1256,-0.2607
PHE,A,109,CD2,864,-10.354,-12.656,3.454,-0.1256,-0.2607
PHE,A,109,CE1,865,-8.525,-14.731,3.303,-0.1704,-0.2607
PHE,A,109,CE2,866,-9.022,-12.389,3.154,-0.1704,-0.2607
PHE,A,109,CZ,867,-8.108,-13.428,3.08,-0.1072,-0.2607
LEU,A,110,N,868,-12.17,-14.579,0.623,-0.4157,-0.0062
LEU,A,110,CA,869,-11.615,-15.333,-0.494,-0.0518,-0.1217
LEU,A,110,C,870,-10.104,-15.14,-0.584,0.5973,-0.2645
LEU,A,110,O,871,-9.348,-16.113,-0.55,-0.5679,0.4881
LEU,A,110,CB,872,-12.274,-14.907,-1.809,-0.1102,0.2169
LEU,A,110,CG,873,-11.849,-15.677,-3.061,0.3531,1.5299
LEU,A,110,CD1,874,-12.201,-17.154,-2.92,-0.4121,-0.9227
LEU,A,110,CD2,875,-12.505,-15.081,-4.302,-0.4121,-0.9227
ARG,A,111,N,876,-9.692,-13.877,-0.513,-0.3479,-0.0062
ARG,A,111,CA,877,-8.273,-13.594,-0.701,-0.2637,-0.1217
ARG,A,111,C,878,-7.915,-12.211,-0.17,0.7341,-0.2645
ARG,A,111,O,879,-8.741,-11.296,-0.199,-0.5894,0.4881
ARG,A,111,CB,880,-7.894,-13.703,-2.179,-0.0007,0.2169
ARG,A,111,CG,881,-6.426,-13.425,-2.461,0.039,0.2169
ARG,A,111,CD,882,-6.114,-13.496,-3.95,0.0486,-0.1217
ARG,A,111,NE,883,-4.709,-13.207,-4.22,-0.5295,-0.0062
ARG,A,111,CZ,884,-4.142,-13.26,-5.423,0.8076,-0.2645
GLY,A,112,N,885,-6.72,-12.047,0.365,-0.4157,-0.0062
GLY,A,112,CA,886,-6.123,-10.785,0.773,-0.0252,-0.1217
GLY,A,112,C,887,-4.752,-10.55,0.17,0.5973,-0.2645
GLY,A,112,O,888,-4.057,-11.501,-0.194,-0.5679,0.4881
GLY,A,112,1HA,889,-6.782,-9.974,0.464,0.0698,nan
GLY,A,112,2HA,890,-5.999,-10.821,1.856,0.0698,nan
TYR,A,113,N,891,-4.439,-9.275,0.008,-0.4157,-0.0062
TYR,A,113,CA,892,-3.145,-8.992,-0.602,-0.0014,-0.1217
TYR,A,113,C,893,-2.606,-7.644,-0.138,0.5973,-0.2645
TYR,A,113,O,894,-3.365,-6.795,0.336,-0.5679,0.4881
TYR,A,113,CB,895,-3.254,-9.012,-2.13,-0.0152,0.2169
TYR,A,113,CG,896,-4.479,-8.306,-2.66,-0.0011,-0.2607
TYR,A,113,CD1,897,-5.656,-9.007,-2.912,-0.1906,-0.2607
TYR,A,113,CD2,898,-4.46,-6.938,-2.911,-0.1906,-0.2607
TYR,A,113,CE1,899,-6.786,-8.361,-3.402,-0.2341,-0.2607
TYR,A,113,CE2,900,-5.585,-6.282,-3.401,-0.2341,-0.2607
TYR,A,113,CZ,901,-6.741,-7.001,-3.643,0.3226,-0.1217
ARG,A,114,N,902,-1.241,-7.538,-0.119,-0.3479,-0.0062
ARG,A,114,CA,903,-0.469,-6.309,0.036,-0.2637,-0.1217
ARG,A,114,C,904,0.786,-6.34,-0.83,0.7341,-0.2645
ARG,A,114,O,905,1.575,-7.284,-0.756,-0.5894,0.4881
ARG,A,114,CB,906,-0.089,-6.093,1.502,-0.0007,0.2169
ARG,A,114,CG,907,0.815,-4.892,1.734,0.039,0.2169
ARG,A,114,CD,908,0.96,-4.573,3.215,0.0486,-0.1217
ARG,A,114,NE,909,1.874,-3.456,3.439,-0.5295,-0.0062
ARG,A,114,CZ,910,1.876,-2.684,4.521,0.8076,-0.2645
GLN,A,115,N,911,0.89,-5.287,-1.605,-0.4157,-0.0062
GLN,A,115,CA,912,2.065,-5.136,-2.458,-0.0031,-0.1217
GLN,A,115,C,913,2.633,-3.723,-2.367,0.5973,-0.2645
GLN,A,115,O,914,1.89,-2.743,-2.448,-0.5679,0.4881
GLN,A,115,CB,915,1.719,-5.47,-3.911,-0.0036,0.2169
GLN,A,115,CG,916,1.285,-6.914,-4.123,-0.0645,0.2169
GLN,A,115,CD,917,0.899,-7.206,-5.561,0.6951,-0.2645
GLN,A,115,NE2,918,1.376,-8.328,-6.087,-0.9407,-0.0062
GLN,A,115,OE1,919,0.175,-6.429,-6.192,-0.6086,0.4881
ASP,A,116,N,920,3.91,-3.71,-2.252,-0.5163,-0.0062
ASP,A,116,CA,921,4.616,-2.434,-2.196,0.0381,-0.1217
ASP,A,116,C,922,5.601,-2.3,-3.356,0.5366,-0.2645
ASP,A,116,O,923,6.304,-3.255,-3.693,-0.5819,0.4881
ASP,A,116,CB,924,5.349,-2.283,-0.862,-0.0303,0.2169
ASP,A,116,CG,925,4.415,-2.312,0.335,0.7994,-0.2645
ASP,A,116,OD1,926,3.382,-3.017,0.285,-0.8014,0.7653
ASP,A,116,OD2,927,4.711,-1.624,1.335,-0.8014,0.7653
ALA,A,117,N,928,5.626,-1.111,-3.993,-0.4157,-0.0062
ALA,A,117,CA,929,6.568,-0.806,-5.066,0.0337,-0.1217
ALA,A,117,C,930,7.378,0.447,-4.744,0.5973,-0.2645
ALA,A,117,O,931,6.91,1.327,-4.017,-0.5679,0.4881
ALA,A,117,CB,932,5.828,-0.631,-6.39,-0.1825,0.2169
TYR,A,118,N,933,8.617,0.474,-5.231,-0.4157,-0.0062
TYR,A,118,CA,934,9.514,1.615,-5.086,-0.0014,-0.1217
TYR,A,118,C,935,10.085,2.036,-6.434,0.5973,-0.2645
TYR,A,118,O,936,10.716,1.233,-7.125,-0.5679,0.4881
TYR,A,118,CB,937,10.653,1.284,-4.117,-0.0152,0.2169
TYR,A,118,CG,938,11.611,2.428,-3.892,-0.0011,-0.2607
TYR,A,118,CD1,939,12.949,2.326,-4.271,-0.1906,-0.2607
TYR,A,118,CD2,940,11.183,3.611,-3.3,-0.1906,-0.2607
TYR,A,118,CE1,941,13.836,3.378,-4.064,-0.2341,-0.2607
TYR,A,118,CE2,942,12.062,4.669,-3.089,-0.2341,-0.2607
TYR,A,118,CZ,943,13.384,4.543,-3.474,0.3226,-0.1217
ASP,A,119,N,944,9.797,3.229,-6.871,-0.5163,-0.0062
ASP,A,119,CA,945,10.231,3.82,-8.134,0.0381,-0.1217
ASP,A,119,C,946,9.767,2.98,-9.321,0.5366,-0.2645
ASP,A,119,O,947,10.523,2.766,-10.27,-0.5819,0.4881
ASP,A,119,CB,948,11.754,3.971,-8.16,-0.0303,0.2169
ASP,A,119,CG,949,12.245,5.153,-7.343,0.7994,-0.2645
ASP,A,119,OD1,950,11.421,6.0,-6.936,-0.8014,0.7653
ASP,A,119,OD2,951,13.471,5.24,-7.106,-0.8014,0.7653
GLY,A,120,N,952,8.485,2.419,-9.13,-0.4157,-0.0062
GLY,A,120,CA,953,7.829,1.745,-10.238,-0.0252,-0.1217
GLY,A,120,C,954,8.181,0.272,-10.332,0.5973,-0.2645
GLY,A,120,O,955,7.692,-0.434,-11.218,-0.5679,0.4881
GLY,A,120,1HA,956,6.75,1.837,-10.112,0.0698,nan
GLY,A,120,2HA,957,8.175,2.219,-11.157,0.0698,nan
LYS,A,121,N,958,9.066,-0.182,-9.419,-0.3479,-0.0062
LYS,A,121,CA,959,9.473,-1.584,-9.427,-0.24,-0.1217
LYS,A,121,C,960,8.964,-2.31,-8.185,0.7341,-0.2645
LYS,A,121,O,961,8.776,-1.696,-7.133,-0.5894,0.4881
LYS,A,121,CB,962,10.996,-1.702,-9.514,-0.0094,0.2169
LYS,A,121,CG,963,11.59,-1.111,-10.785,0.0187,0.2169
LYS,A,121,CD,964,13.105,-1.263,-10.817,-0.0479,0.2169
LYS,A,121,CE,965,13.704,-0.638,-12.07,-0.0143,-0.1217
LYS,A,121,NZ,966,15.193,-0.747,-12.086,-0.3854,-0.1231
ASP,A,122,N,967,8.722,-3.6,-8.383,-0.5163,-0.0062
ASP,A,122,CA,968,8.332,-4.412,-7.233,0.0381,-0.1217
ASP,A,122,C,969,9.358,-4.299,-6.107,0.5366,-0.2645
ASP,A,122,O,970,10.565,-4.319,-6.357,-0.5819,0.4881
ASP,A,122,CB,971,8.16,-5.876,-7.643,-0.0303,0.2169
ASP,A,122,CG,972,6.98,-6.097,-8.574,0.7994,-0.2645
ASP,A,122,OD1,973,6.105,-5.21,-8.671,-0.8014,0.7653
ASP,A,122,OD2,974,6.924,-7.169,-9.213,-0.8014,0.7653
TYR,A,123,N,975,8.896,-4.176,-4.815,-0.4157,-0.0062
TYR,A,123,CA,976,9.764,-4.047,-3.65,-0.0014,-0.1217
TYR,A,123,C,977,9.546,-5.199,-2.677,0.5973,-0.2645
TYR,A,123,O,978,10.452,-6.003,-2.444,-0.5679,0.4881
TYR,A,123,CB,979,9.519,-2.711,-2.942,-0.0152,0.2169
TYR,A,123,CG,980,10.417,-2.482,-1.75,-0.0011,-0.2607
TYR,A,123,CD1,981,9.89,-2.392,-0.464,-0.1906,-0.2607
TYR,A,123,CD2,982,11.793,-2.355,-1.909,-0.1906,-0.2607
TYR,A,123,CE1,983,10.713,-2.178,0.637,-0.2341,-0.2607
TYR,A,123,CE2,984,12.625,-2.141,-0.815,-0.2341,-0.2607
TYR,A,123,CZ,985,12.077,-2.055,0.452,0.3226,-0.1217
ILE,A,124,N,986,8.307,-5.422,-2.125,-0.4157,-0.0062
ILE,A,124,CA,987,7.981,-6.502,-1.199,-0.0597,-0.1217
ILE,A,124,C,988,6.484,-6.796,-1.259,0.5973,-0.2645
ILE,A,124,O,989,5.672,-5.884,-1.436,-0.5679,0.4881
ILE,A,124,CB,990,8.402,-6.155,0.246,0.1303,0.2169
ILE,A,124,CG1,991,8.383,-7.411,1.124,-0.043,0.2169
ILE,A,124,CG2,992,7.493,-5.067,0.827,-0.3204,-0.9227
ILE,A,124,CD1,993,9.117,-7.25,2.449,-0.066,0.2169
ALA,A,125,N,994,6.147,-8.099,-1.16,-0.4157,-0.0062
ALA,A,125,CA,995,4.749,-8.51,-1.277,0.0337,-0.1217
ALA,A,125,C,996,4.404,-9.58,-0.246,0.5973,-0.2645
ALA,A,125,O,997,5.188,-10.503,-0.014,-0.5679,0.4881
ALA,A,125,CB,998,4.462,-9.022,-2.686,-0.1825,0.2169
LEU,A,126,N,999,3.19,-9.404,0.349,-0.4157,-0.0062
LEU,A,126,CA,1000,2.645,-10.43,1.23,-0.0518,-0.1217
LEU,A,126,C,1001,2.209,-11.655,0.434,0.5973,-0.2645
LEU,A,126,O,1002,1.426,-11.539,-0.512,-0.5679,0.4881
LEU,A,126,CB,1003,1.462,-9.878,2.029,-0.1102,0.2169
LEU,A,126,CG,1004,0.837,-10.823,3.058,0.3531,1.5299
LEU,A,126,CD1,1005,1.851,-11.166,4.144,-0.4121,-0.9227
LEU,A,126,CD2,1006,-0.414,-10.2,3.666,-0.4121,-0.9227
ASN,A,127,N,1007,2.719,-12.821,0.807,-0.4157,-0.0062
ASN,A,127,CA,1008,2.419,-14.039,0.061,0.0143,-0.1217
ASN,A,127,C,1009,0.974,-14.483,0.27,0.5973,-0.2645
ASN,A,127,O,1010,0.323,-14.062,1.228,-0.5679,0.4881
ASN,A,127,CB,1011,3.382,-15.16,0.456,-0.2041,0.2169
ASN,A,127,CG,1012,4.805,-14.894,0.005,0.713,-0.2645
ASN,A,127,ND2,1013,5.771,-15.311,0.814,-0.9191,-0.0062
ASN,A,127,OD1,1014,5.033,-14.316,-1.061,-0.5931,0.4881
GLU,A,128,N,1015,0.434,-15.342,-0.6,-0.5163,-0.0062
GLU,A,128,CA,1016,-0.953,-15.798,-0.591,0.0397,-0.1217
GLU,A,128,C,1017,-1.292,-16.507,0.717,0.5366,-0.2645
GLU,A,128,O,1018,-2.451,-16.527,1.136,-0.5819,0.4881
GLU,A,128,CB,1019,-1.221,-16.727,-1.778,0.056,0.2169
GLU,A,128,CG,1020,-1.269,-16.012,-3.121,0.0136,0.2169
GLU,A,128,CD,1021,-1.618,-16.932,-4.279,0.8054,-0.2645
GLU,A,128,OE1,1022,-1.736,-16.446,-5.427,-0.8188,0.7653
GLU,A,128,OE2,1023,-1.779,-18.149,-4.037,-0.8188,0.7653
ASP,A,129,N,1024,-0.298,-17.015,1.372,-0.5163,-0.0062
ASP,A,129,CA,1025,-0.515,-17.71,2.636,0.0381,-0.1217
ASP,A,129,C,1026,-0.772,-16.721,3.771,0.5366,-0.2645
ASP,A,129,O,1027,-1.138,-17.12,4.878,-0.5819,0.4881
ASP,A,129,CB,1028,0.685,-18.597,2.973,-0.0303,0.2169
ASP,A,129,CG,1029,1.976,-17.812,3.133,0.7994,-0.2645
ASP,A,129,OD1,1030,1.921,-16.575,3.305,-0.8014,0.7653
ASP,A,129,OD2,1031,3.058,-18.436,3.082,-0.8014,0.7653
LEU,A,130,N,1032,-0.486,-15.353,3.533,-0.4157,-0.0062
LEU,A,130,CA,1033,-0.689,-14.235,4.447,-0.0518,-0.1217
LEU,A,130,C,1034,0.198,-14.373,5.68,0.5973,-0.2645
LEU,A,130,O,1035,-0.17,-13.926,6.768,-0.5679,0.4881
LEU,A,130,CB,1036,-2.158,-14.145,4.868,-0.1102,0.2169
LEU,A,130,CG,1037,-3.172,-13.916,3.747,0.3531,1.5299
LEU,A,130,CD1,1038,-4.566,-13.702,4.328,-0.4121,-0.9227
LEU,A,130,CD2,1039,-2.757,-12.729,2.885,-0.4121,-0.9227
ARG,A,131,N,1040,1.335,-15.059,5.522,-0.3479,-0.0062
ARG,A,131,CA,1041,2.214,-15.309,6.66,-0.2637,-0.1217
ARG,A,131,C,1042,3.656,-14.944,6.327,0.7341,-0.2645
ARG,A,131,O,1043,4.485,-14.781,7.226,-0.5894,0.4881
ARG,A,131,CB,1044,2.131,-16.774,7.092,-0.0007,0.2169
ARG,A,131,CG,1045,0.768,-17.181,7.63,0.039,0.2169
ARG,A,131,CD,1046,0.741,-18.645,8.048,0.0486,-0.1217
ARG,A,131,NE,1047,-0.561,-19.027,8.59,-0.5295,-0.0062
ARG,A,131,CZ,1048,-0.761,-20.017,9.454,0.8076,-0.2645
SER,A,132,N,1049,3.934,-14.908,5.145,-0.4157,-0.0062
SER,A,132,CA,1050,5.311,-14.646,4.74,-0.0249,-0.1217
SER,A,132,C,1051,5.37,-13.597,3.634,0.5973,-0.2645
SER,A,132,O,1052,4.344,-13.245,3.049,-0.5679,0.4881
SER,A,132,CB,1053,5.987,-15.933,4.27,0.2117,-0.1217
SER,A,132,OG,1054,5.298,-16.488,3.162,-0.6546,0.4881
TRP,A,133,N,1055,6.638,-13.15,3.418,-0.4157,-0.0062
TRP,A,133,CA,1056,6.87,-12.059,2.478,-0.0275,-0.1217
TRP,A,133,C,1057,7.839,-12.483,1.379,0.5973,-0.2645
TRP,A,133,O,1058,8.734,-13.299,1.614,-0.5679,0.4881
TRP,A,133,CB,1059,7.412,-10.825,3.206,-0.005,0.2169
TRP,A,133,CG,1060,6.496,-10.291,4.264,-0.1415,-0.2607
TRP,A,133,CD1,1061,6.459,-10.653,5.582,-0.1638,-0.1217
TRP,A,133,CD2,1062,5.478,-9.3,4.092,0.1243,-0.2607
TRP,A,133,CE2,1063,4.864,-9.109,5.349,0.138,-0.1217
TRP,A,133,CE3,1064,5.027,-8.554,2.995,-0.2387,-0.2607
TRP,A,133,NE1,1065,5.48,-9.945,6.241,-0.3418,-0.0062
TRP,A,133,CZ2,1066,3.82,-8.2,5.54,-0.2601,-0.2607
TRP,A,133,CZ3,1067,3.987,-7.649,3.187,-0.1972,-0.2607
THR,A,134,N,1068,7.575,-11.942,0.183,-0.4157,-0.0062
THR,A,134,CA,1069,8.534,-12.073,-0.908,-0.0389,-0.1217
THR,A,134,C,1070,9.247,-10.747,-1.163,0.5973,-0.2645
THR,A,134,O,1071,8.61,-9.751,-1.511,-0.5679,0.4881
THR,A,134,CB,1072,7.847,-12.547,-2.202,0.3654,-0.1217
THR,A,134,CG2,1073,8.851,-12.674,-3.343,-0.2438,0.2169
THR,A,134,OG1,1074,7.237,-13.822,-1.972,-0.6761,0.4881
ALA,A,135,N,1075,10.569,-10.702,-0.955,-0.4157,-0.0062
ALA,A,135,CA,1076,11.389,-9.526,-1.233,0.0337,-0.1217
ALA,A,135,C,1077,11.884,-9.529,-2.677,0.5973,-0.2645
ALA,A,135,O,1078,12.366,-10.552,-3.172,-0.5679,0.4881
ALA,A,135,CB,1079,12.571,-9.461,-0.269,-0.1825,0.2169
ALA,A,136,N,1080,11.841,-8.423,-3.348,-0.4157,-0.0062
ALA,A,136,CA,1081,12.153,-8.371,-4.774,0.0337,-0.1217
ALA,A,136,C,1082,13.655,-8.23,-5.003,0.5973,-0.2645
ALA,A,136,O,1083,14.168,-8.617,-6.055,-0.5679,0.4881
ALA,A,136,CB,1084,11.406,-7.22,-5.442,-0.1825,0.2169
ASP,A,137,N,1085,14.402,-7.689,-4.047,-0.5163,-0.0062
ASP,A,137,CA,1086,15.841,-7.492,-4.182,0.0381,-0.1217
ASP,A,137,C,1087,16.518,-7.421,-2.815,0.5366,-0.2645
ASP,A,137,O,1088,15.89,-7.696,-1.792,-0.5819,0.4881
ASP,A,137,CB,1089,16.137,-6.223,-4.983,-0.0303,0.2169
ASP,A,137,CG,1090,15.56,-4.972,-4.345,0.7994,-0.2645
ASP,A,137,OD1,1091,15.446,-4.918,-3.102,-0.8014,0.7653
ASP,A,137,OD2,1092,15.215,-4.031,-5.093,-0.8014,0.7653
MET,A,138,N,1093,17.847,-7.148,-2.782,-0.4157,-0.0062
MET,A,138,CA,1094,18.629,-7.205,-1.551,-0.0237,-0.1217
MET,A,138,C,1095,18.19,-6.118,-0.577,0.5973,-0.2645
MET,A,138,O,1096,18.139,-6.345,0.634,-0.5679,0.4881
MET,A,138,CB,1097,20.122,-7.062,-1.855,0.0342,0.2169
MET,A,138,CG,1098,20.718,-8.261,-2.576,0.0018,-0.1217
MET,A,138,SD,1099,20.573,-9.81,-1.602,-0.2737,0.4989
MET,A,138,CE,1100,21.605,-9.386,-0.171,-0.0536,-0.1217
ALA,A,139,N,1101,17.917,-4.996,-1.097,-0.4157,-0.0062
ALA,A,139,CA,1102,17.431,-3.91,-0.25,0.0337,-0.1217
ALA,A,139,C,1103,16.093,-4.271,0.391,0.5973,-0.2645
ALA,A,139,O,1104,15.876,-4.011,1.577,-0.5679,0.4881
ALA,A,139,CB,1105,17.299,-2.622,-1.059,-0.1825,0.2169
ALA,A,140,N,1106,15.193,-4.852,-0.344,-0.4157,-0.0062
ALA,A,140,CA,1107,13.885,-5.272,0.152,0.0337,-0.1217
ALA,A,140,C,1108,14.024,-6.355,1.218,0.5973,-0.2645
ALA,A,140,O,1109,13.146,-6.513,2.07,-0.5679,0.4881
ALA,A,140,CB,1110,13.015,-5.771,-0.999,-0.1825,0.2169
GLN,A,141,N,1111,15.132,-7.122,1.242,-0.4157,-0.0062
GLN,A,141,CA,1112,15.392,-8.147,2.247,-0.0031,-0.1217
GLN,A,141,C,1113,15.566,-7.53,3.631,0.5973,-0.2645
GLN,A,141,O,1114,15.204,-8.139,4.639,-0.5679,0.4881
GLN,A,141,CB,1115,16.632,-8.961,1.875,-0.0036,0.2169
GLN,A,141,CG,1116,16.414,-9.918,0.711,-0.0645,0.2169
GLN,A,141,CD,1117,15.408,-11.009,1.028,0.6951,-0.2645
GLN,A,141,NE2,1118,14.778,-11.554,-0.006,-0.9407,-0.0062
GLN,A,141,OE1,1119,15.2,-11.36,2.194,-0.6086,0.4881
ILE,A,142,N,1120,16.117,-6.391,3.607,-0.4157,-0.0062
ILE,A,142,CA,1121,16.275,-5.679,4.871,-0.0597,-0.1217
ILE,A,142,C,1122,14.905,-5.425,5.495,0.5973,-0.2645
ILE,A,142,O,1123,14.699,-5.684,6.683,-0.5679,0.4881
ILE,A,142,CB,1124,17.031,-4.346,4.677,0.1303,0.2169
ILE,A,142,CG1,1125,18.432,-4.604,4.11,-0.043,0.2169
ILE,A,142,CG2,1126,17.109,-3.572,5.996,-0.3204,-0.9227
ILE,A,142,CD1,1127,19.15,-3.347,3.638,-0.066,0.2169
THR,A,143,N,1128,13.989,-4.947,4.726,-0.4157,-0.0062
THR,A,143,CA,1129,12.624,-4.691,5.17,-0.0389,-0.1217
THR,A,143,C,1130,11.932,-5.991,5.569,0.5973,-0.2645
THR,A,143,O,1131,11.24,-6.045,6.588,-0.5679,0.4881
THR,A,143,CB,1132,11.803,-3.985,4.075,0.3654,-0.1217
THR,A,143,CG2,1133,10.383,-3.7,4.55,-0.2438,0.2169
THR,A,143,OG1,1134,12.439,-2.747,3.733,-0.6761,0.4881
LYS,A,144,N,1135,12.082,-7.001,4.769,-0.3479,-0.0062
LYS,A,144,CA,1136,11.496,-8.304,5.073,-0.24,-0.1217
LYS,A,144,C,1137,11.9,-8.775,6.467,0.7341,-0.2645
LYS,A,144,O,1138,11.052,-9.198,7.255,-0.5894,0.4881
LYS,A,144,CB,1139,11.914,-9.339,4.028,-0.0094,0.2169
LYS,A,144,CG,1140,11.366,-10.735,4.285,0.0187,0.2169
LYS,A,144,CD,1141,11.796,-11.713,3.201,-0.0479,0.2169
LYS,A,144,CE,1142,11.246,-13.11,3.456,-0.0143,-0.1217
LYS,A,144,NZ,1143,12.243,-14.168,3.116,-0.3854,-0.1231
ARG,A,145,N,1144,13.152,-8.712,6.833,-0.3479,-0.0062
ARG,A,145,CA,1145,13.639,-9.154,8.136,-0.2637,-0.1217
ARG,A,145,C,1146,13.011,-8.339,9.262,0.7341,-0.2645
ARG,A,145,O,1147,12.599,-8.895,10.282,-0.5894,0.4881
ARG,A,145,CB,1148,15.164,-9.054,8.203,-0.0007,0.2169
ARG,A,145,CG,1149,15.888,-10.072,7.336,0.039,0.2169
ARG,A,145,CD,1150,17.398,-9.881,7.383,0.0486,-0.1217
ARG,A,145,NE,1151,18.078,-10.725,6.405,-0.5295,-0.0062
ARG,A,145,CZ,1152,18.995,-10.296,5.542,0.8076,-0.2645
LYS,A,146,N,1153,12.901,-7.04,9.039,-0.3479,-0.0062
LYS,A,146,CA,1154,12.276,-6.166,10.028,-0.24,-0.1217
LYS,A,146,C,1155,10.805,-6.524,10.226,0.7341,-0.2645
LYS,A,146,O,1156,10.325,-6.593,11.36,-0.5894,0.4881
LYS,A,146,CB,1157,12.407,-4.701,9.609,-0.0094,0.2169
LYS,A,146,CG,1158,13.818,-4.145,9.734,0.0187,0.2169
LYS,A,146,CD,1159,13.871,-2.667,9.369,-0.0479,0.2169
LYS,A,146,CE,1160,15.268,-2.093,9.561,-0.0143,-0.1217
LYS,A,146,NZ,1161,15.327,-0.646,9.197,-0.3854,-0.1231
TRP,A,147,N,1162,10.136,-6.677,9.175,-0.4157,-0.0062
TRP,A,147,CA,1163,8.709,-6.976,9.237,-0.0275,-0.1217
TRP,A,147,C,1164,8.467,-8.353,9.847,0.5973,-0.2645
TRP,A,147,O,1165,7.518,-8.542,10.612,-0.5679,0.4881
TRP,A,147,CB,1166,8.083,-6.906,7.842,-0.005,0.2169
TRP,A,147,CG,1167,7.78,-5.512,7.38,-0.1415,-0.2607
TRP,A,147,CD1,1168,8.215,-4.345,7.943,-0.1638,-0.1217
TRP,A,147,CD2,1169,6.972,-5.14,6.259,0.1243,-0.2607
TRP,A,147,CE2,1170,6.961,-3.729,6.202,0.138,-0.1217
TRP,A,147,CE3,1171,6.255,-5.864,5.297,-0.2387,-0.2607
TRP,A,147,NE1,1172,7.727,-3.269,7.239,-0.3418,-0.0062
TRP,A,147,CZ2,1173,6.26,-3.027,5.218,-0.2601,-0.2607
TRP,A,147,CZ3,1174,5.558,-5.164,4.318,-0.1972,-0.2607
GLU,A,148,N,1175,9.341,-9.301,9.551,-0.5163,-0.0062
GLU,A,148,CA,1176,9.214,-10.625,10.152,0.0397,-0.1217
GLU,A,148,C,1177,9.434,-10.569,11.661,0.5366,-0.2645
GLU,A,148,O,1178,8.696,-11.197,12.425,-0.5819,0.4881
GLU,A,148,CB,1179,10.202,-11.604,9.513,0.056,0.2169
GLU,A,148,CG,1180,9.783,-12.087,8.132,0.0136,0.2169
GLU,A,148,CD,1181,10.839,-12.942,7.449,0.8054,-0.2645
GLU,A,148,OE1,1182,10.52,-13.607,6.438,-0.8188,0.7653
GLU,A,148,OE2,1183,11.993,-12.948,7.931,-0.8188,0.7653
ALA,A,149,N,1184,10.433,-9.831,12.015,-0.4157,-0.0062
ALA,A,149,CA,1185,10.719,-9.664,13.438,0.0337,-0.1217
ALA,A,149,C,1186,9.562,-8.969,14.151,0.5973,-0.2645
ALA,A,149,O,1187,9.269,-9.269,15.311,-0.5679,0.4881
ALA,A,149,CB,1188,12.01,-8.875,13.633,-0.1825,0.2169
ALA,A,150,N,1189,8.859,-8.145,13.471,-0.4157,-0.0062
ALA,A,150,CA,1190,7.76,-7.373,14.046,0.0337,-0.1217
ALA,A,150,C,1191,6.429,-8.099,13.874,0.5973,-0.2645
ALA,A,150,O,1192,5.375,-7.565,14.223,-0.5679,0.4881
ALA,A,150,CB,1193,7.694,-5.987,13.407,-0.1825,0.2169
HIS,A,151,N,1194,6.395,-9.233,13.277,-0.4157,-0.0062
HIS,A,151,CA,1195,5.192,-10.017,13.024,0.0188,-0.1217
HIS,A,151,C,1196,4.169,-9.214,12.227,0.5973,-0.2645
HIS,A,151,O,1197,2.982,-9.205,12.564,-0.5679,0.4881
HIS,A,151,CB,1198,4.575,-10.492,14.34,-0.0462,0.2169
HIS,A,151,CG,1199,5.488,-11.356,15.153,-0.0266,-0.1217
HIS,A,151,CD2,1200,6.151,-11.11,16.307,0.1292,-0.1217
HIS,A,151,ND1,1201,5.808,-12.647,14.791,-0.3811,0.3544
HIS,A,151,CE1,1202,6.629,-13.159,15.692,0.2057,-0.1217
HIS,A,151,NE2,1203,6.853,-12.247,16.622,-0.5727,0.3544
ALA,A,152,N,1204,4.643,-8.421,11.285,-0.4157,-0.0062
ALA,A,152,CA,1205,3.823,-7.559,10.44,0.0337,-0.1217
ALA,A,152,C,1206,2.803,-8.373,9.65,0.5973,-0.2645
ALA,A,152,O,1207,1.681,-7.916,9.414,-0.5679,0.4881
ALA,A,152,CB,1208,4.704,-6.752,9.489,-0.1825,0.2169
ALA,A,153,N,1209,3.136,-9.608,9.237,-0.4157,-0.0062
ALA,A,153,CA,1210,2.202,-10.434,8.477,0.0337,-0.1217
ALA,A,153,C,1211,0.95,-10.741,9.294,0.5973,-0.2645
ALA,A,153,O,1212,-0.166,-10.703,8.77,-0.5679,0.4881
ALA,A,153,CB,1213,2.876,-11.73,8.034,-0.1825,0.2169
GLU,A,154,N,1214,1.112,-10.983,10.55,-0.5163,-0.0062
GLU,A,154,CA,1215,-0.006,-11.272,11.442,0.0397,-0.1217
GLU,A,154,C,1216,-0.948,-10.077,11.554,0.5366,-0.2645
GLU,A,154,O,1217,-2.17,-10.238,11.531,-0.5819,0.4881
GLU,A,154,CB,1218,0.503,-11.674,12.83,0.056,0.2169
GLU,A,154,CG,1219,1.164,-13.044,12.87,0.0136,0.2169
GLU,A,154,CD,1220,1.741,-13.392,14.233,0.8054,-0.2645
GLU,A,154,OE1,1221,2.483,-14.394,14.339,-0.8188,0.7653
GLU,A,154,OE2,1222,1.448,-12.655,15.202,-0.8188,0.7653
GLN,A,155,N,1223,-0.405,-8.893,11.666,-0.4157,-0.0062
GLN,A,155,CA,1224,-1.199,-7.67,11.724,-0.0031,-0.1217
GLN,A,155,C,1225,-1.985,-7.462,10.433,0.5973,-0.2645
GLN,A,155,O,1226,-3.17,-7.127,10.468,-0.5679,0.4881
GLN,A,155,CB,1227,-0.304,-6.46,11.995,-0.0036,0.2169
GLN,A,155,CG,1228,0.355,-6.477,13.368,-0.0645,0.2169
GLN,A,155,CD,1229,1.34,-5.339,13.56,0.6951,-0.2645
GLN,A,155,NE2,1230,1.934,-5.263,14.746,-0.9407,-0.0062
GLN,A,155,OE1,1231,1.565,-4.534,12.651,-0.6086,0.4881
GLN,A,156,N,1232,-1.323,-7.731,9.304,-0.4157,-0.0062
GLN,A,156,CA,1233,-1.976,-7.588,8.007,-0.0031,-0.1217
GLN,A,156,C,1234,-3.089,-8.618,7.835,0.5973,-0.2645
GLN,A,156,O,1235,-4.166,-8.297,7.33,-0.5679,0.4881
GLN,A,156,CB,1236,-0.957,-7.723,6.874,-0.0036,0.2169
GLN,A,156,CG,1237,0.023,-6.561,6.788,-0.0645,0.2169
GLN,A,156,CD,1238,-0.669,-5.218,6.648,0.6951,-0.2645
GLN,A,156,NE2,1239,-0.197,-4.227,7.397,-0.9407,-0.0062
GLN,A,156,OE1,1240,-1.619,-5.072,5.874,-0.6086,0.4881
ARG,A,157,N,1241,-2.808,-9.763,8.252,-0.3479,-0.0062
ARG,A,157,CA,1242,-3.792,-10.838,8.173,-0.2637,-0.1217
ARG,A,157,C,1243,-5.038,-10.501,8.985,0.7341,-0.2645
ARG,A,157,O,1244,-6.161,-10.694,8.515,-0.5894,0.4881
ARG,A,157,CB,1245,-3.188,-12.156,8.662,-0.0007,0.2169
ARG,A,157,CG,1246,-4.136,-13.341,8.565,0.039,0.2169
ARG,A,157,CD,1247,-3.498,-14.618,9.095,0.0486,-0.1217
ARG,A,157,NE,1248,-4.403,-15.759,8.983,-0.5295,-0.0062
ARG,A,157,CZ,1249,-4.108,-17.0,9.36,0.8076,-0.2645
ALA,A,158,N,1250,-4.851,-10.05,10.206,-0.4157,-0.0062
ALA,A,158,CA,1251,-5.978,-9.665,11.051,0.0337,-0.1217
ALA,A,158,C,1252,-6.85,-8.621,10.36,0.5973,-0.2645
ALA,A,158,O,1253,-8.079,-8.73,10.359,-0.5679,0.4881
ALA,A,158,CB,1254,-5.481,-9.135,12.393,-0.1825,0.2169
TYR,A,159,N,1255,-6.276,-7.643,9.773,-0.4157,-0.0062
TYR,A,159,CA,1256,-7.026,-6.611,9.067,-0.0014,-0.1217
TYR,A,159,C,1257,-7.73,-7.19,7.844,0.5973,-0.2645
TYR,A,159,O,1258,-8.924,-6.958,7.64,-0.5679,0.4881
TYR,A,159,CB,1259,-6.101,-5.467,8.644,-0.0152,0.2169
TYR,A,159,CG,1260,-6.733,-4.504,7.669,-0.0011,-0.2607
TYR,A,159,CD1,1261,-6.453,-4.578,6.306,-0.1906,-0.2607
TYR,A,159,CD2,1262,-7.609,-3.517,8.108,-0.1906,-0.2607
TYR,A,159,CE1,1263,-7.032,-3.691,5.403,-0.2341,-0.2607
TYR,A,159,CE2,1264,-8.194,-2.625,7.214,-0.2341,-0.2607
TYR,A,159,CZ,1265,-7.9,-2.72,5.867,0.3226,-0.1217
LEU,A,160,N,1266,-7.001,-7.936,6.959,-0.4157,-0.0062
LEU,A,160,CA,1267,-7.487,-8.384,5.659,-0.0518,-0.1217
LEU,A,160,C,1268,-8.604,-9.41,5.819,0.5973,-0.2645
LEU,A,160,O,1269,-9.61,-9.355,5.108,-0.5679,0.4881
LEU,A,160,CB,1270,-6.344,-8.981,4.835,-0.1102,0.2169
LEU,A,160,CG,1271,-5.257,-8.008,4.377,0.3531,1.5299
LEU,A,160,CD1,1272,-4.065,-8.772,3.809,-0.4121,-0.9227
LEU,A,160,CD2,1273,-5.813,-7.03,3.348,-0.4121,-0.9227
GLU,A,161,N,1274,-8.461,-10.34,6.825,-0.5163,-0.0062
GLU,A,161,CA,1275,-9.45,-11.392,7.032,0.0397,-0.1217
GLU,A,161,C,1276,-10.614,-10.895,7.886,0.5366,-0.2645
GLU,A,161,O,1277,-11.685,-11.504,7.9,-0.5819,0.4881
GLU,A,161,CB,1278,-8.804,-12.616,7.687,0.056,0.2169
GLU,A,161,CG,1279,-7.874,-13.389,6.762,0.0136,0.2169
GLU,A,161,CD,1280,-7.28,-14.63,7.41,0.8054,-0.2645
GLU,A,161,OE1,1281,-6.636,-15.434,6.7,-0.8188,0.7653
GLU,A,161,OE2,1282,-7.462,-14.799,8.636,-0.8188,0.7653
GLY,A,162,N,1283,-10.47,-9.817,8.555,-0.4157,-0.0062
GLY,A,162,CA,1284,-11.478,-9.329,9.482,-0.0252,-0.1217
GLY,A,162,C,1285,-12.09,-8.007,9.058,0.5973,-0.2645
GLY,A,162,O,1286,-13.049,-7.983,8.284,-0.5679,0.4881
GLY,A,162,1HA,1287,-12.272,-10.073,9.554,0.0698,nan
GLY,A,162,2HA,1288,-10.985,-9.166,10.44,0.0698,nan
THR,A,163,N,1289,-11.391,-6.948,9.406,-0.4157,-0.0062
THR,A,163,CA,1290,-11.904,-5.594,9.235,-0.0389,-0.1217
THR,A,163,C,1291,-12.203,-5.309,7.765,0.5973,-0.2645
THR,A,163,O,1292,-13.252,-4.754,7.436,-0.5679,0.4881
THR,A,163,CB,1293,-10.911,-4.548,9.772,0.3654,-0.1217
THR,A,163,CG2,1294,-11.473,-3.135,9.639,-0.2438,0.2169
THR,A,163,OG1,1295,-10.644,-4.815,11.154,-0.6761,0.4881
CYS,A,164,N,1296,-11.331,-5.667,6.913,-0.4157,-0.0062
CYS,A,164,CA,1297,-11.516,-5.429,5.486,0.0213,-0.1217
CYS,A,164,C,1298,-12.786,-6.105,4.982,0.5973,-0.2645
CYS,A,164,O,1299,-13.602,-5.475,4.306,-0.5679,0.4881
CYS,A,164,CB,1300,-10.31,-5.938,4.697,-0.1231,-0.1217
CYS,A,164,SG,1301,-10.416,-5.621,2.921,-0.3119,0.4989
VAL,A,165,N,1302,-12.989,-7.359,5.319,-0.4157,-0.0062
VAL,A,165,CA,1303,-14.143,-8.146,4.892,-0.0875,-0.1217
VAL,A,165,C,1304,-15.424,-7.526,5.446,0.5973,-0.2645
VAL,A,165,O,1305,-16.412,-7.379,4.724,-0.5679,0.4881
VAL,A,165,CB,1306,-14.023,-9.618,5.345,0.2985,1.5299
VAL,A,165,CG1,1307,-15.318,-10.377,5.058,-0.3192,-0.9227
VAL,A,165,CG2,1308,-12.84,-10.293,4.654,-0.3192,-0.9227
GLU,A,166,N,1309,-15.397,-7.124,6.704,-0.5163,-0.0062
GLU,A,166,CA,1310,-16.553,-6.504,7.344,0.0397,-0.1217
GLU,A,166,C,1311,-16.96,-5.221,6.623,0.5366,-0.2645
GLU,A,166,O,1312,-18.141,-5.01,6.34,-0.5819,0.4881
GLU,A,166,CB,1313,-16.259,-6.209,8.816,0.056,0.2169
GLU,A,166,CG,1314,-16.213,-7.45,9.695,0.0136,0.2169
GLU,A,166,CD,1315,-15.826,-7.151,11.136,0.8054,-0.2645
GLU,A,166,OE1,1316,-15.771,-8.094,11.956,-0.8188,0.7653
GLU,A,166,OE2,1317,-15.579,-5.965,11.445,-0.8188,0.7653
TRP,A,167,N,1318,-15.996,-4.463,6.287,-0.4157,-0.0062
TRP,A,167,CA,1319,-16.297,-3.196,5.629,-0.0275,-0.1217
TRP,A,167,C,1320,-16.747,-3.422,4.189,0.5973,-0.2645
TRP,A,167,O,1321,-17.633,-2.722,3.692,-0.5679,0.4881
TRP,A,167,CB,1322,-15.076,-2.272,5.655,-0.005,0.2169
TRP,A,167,CG,1323,-14.918,-1.508,6.936,-0.1415,-0.2607
TRP,A,167,CD1,1324,-13.997,-1.733,7.921,-0.1638,-0.1217
TRP,A,167,CD2,1325,-15.708,-0.398,7.371,0.1243,-0.2607
TRP,A,167,CE2,1326,-15.21,0.003,8.631,0.138,-0.1217
TRP,A,167,CE3,1327,-16.791,0.299,6.817,-0.2387,-0.2607
TRP,A,167,NE1,1328,-14.167,-0.827,8.943,-0.3418,-0.0062
TRP,A,167,CZ2,1329,-15.758,1.07,9.346,-0.2601,-0.2607
TRP,A,167,CZ3,1330,-17.335,1.36,7.53,-0.1972,-0.2607
LEU,A,168,N,1331,-16.101,-4.334,3.511,-0.4157,-0.0062
LEU,A,168,CA,1332,-16.531,-4.634,2.15,-0.0518,-0.1217
LEU,A,168,C,1333,-17.992,-5.069,2.125,0.5973,-0.2645
LEU,A,168,O,1334,-18.762,-4.626,1.271,-0.5679,0.4881
LEU,A,168,CB,1335,-15.651,-5.727,1.538,-0.1102,0.2169
LEU,A,168,CG,1336,-15.992,-6.153,0.109,0.3531,1.5299
LEU,A,168,CD1,1337,-16.08,-4.932,-0.801,-0.4121,-0.9227
LEU,A,168,CD2,1338,-14.958,-7.143,-0.416,-0.4121,-0.9227
ARG,A,169,N,1339,-18.47,-5.848,3.088,-0.3479,-0.0062
ARG,A,169,CA,1340,-19.865,-6.264,3.178,-0.2637,-0.1217
ARG,A,169,C,1341,-20.778,-5.068,3.429,0.7341,-0.2645
ARG,A,169,O,1342,-21.842,-4.954,2.816,-0.5894,0.4881
ARG,A,169,CB,1343,-20.048,-7.303,4.287,-0.0007,0.2169
ARG,A,169,CG,1344,-19.458,-8.665,3.957,0.039,0.2169
ARG,A,169,CD,1345,-19.617,-9.643,5.115,0.0486,-0.1217
ARG,A,169,NE,1346,-19.025,-10.942,4.806,-0.5295,-0.0062
ARG,A,169,CZ,1347,-18.58,-11.806,5.715,0.8076,-0.2645
ARG,A,170,N,1348,-20.344,-4.291,4.295,-0.3479,-0.0062
ARG,A,170,CA,1349,-21.114,-3.092,4.61,-0.2637,-0.1217
ARG,A,170,C,1350,-21.252,-2.193,3.385,0.7341,-0.2645
ARG,A,170,O,1351,-22.346,-1.716,3.079,-0.5894,0.4881
ARG,A,170,CB,1352,-20.46,-2.318,5.757,-0.0007,0.2169
ARG,A,170,CG,1353,-21.189,-1.036,6.129,0.039,0.2169
ARG,A,170,CD,1354,-20.627,-0.419,7.402,0.0486,-0.1217
ARG,A,170,NE,1355,-21.291,0.84,7.729,-0.5295,-0.0062
ARG,A,170,CZ,1356,-21.683,1.195,8.949,0.8076,-0.2645
TYR,A,171,N,1357,-20.136,-2.004,2.618,-0.4157,-0.0062
TYR,A,171,CA,1358,-20.16,-1.151,1.435,-0.0014,-0.1217
TYR,A,171,C,1359,-21.057,-1.742,0.355,0.5973,-0.2645
TYR,A,171,O,1360,-21.774,-1.012,-0.335,-0.5679,0.4881
TYR,A,171,CB,1361,-18.743,-0.952,0.887,-0.0152,0.2169
TYR,A,171,CG,1362,-17.826,-0.214,1.83,-0.0011,-0.2607
TYR,A,171,CD1,1363,-18.338,0.615,2.826,-0.1906,-0.2607
TYR,A,171,CD2,1364,-16.444,-0.343,1.728,-0.1906,-0.2607
TYR,A,171,CE1,1365,-17.495,1.298,3.697,-0.2341,-0.2607
TYR,A,171,CE2,1366,-15.593,0.335,2.594,-0.2341,-0.2607
TYR,A,171,CZ,1367,-16.126,1.152,3.573,0.3226,-0.1217
LEU,A,172,N,1368,-21.017,-3.067,0.233,-0.4157,-0.0062
LEU,A,172,CA,1369,-21.869,-3.735,-0.745,-0.0518,-0.1217
LEU,A,172,C,1370,-23.342,-3.571,-0.384,0.5973,-0.2645
LEU,A,172,O,1371,-24.191,-3.43,-1.268,-0.5679,0.4881
LEU,A,172,CB,1372,-21.517,-5.221,-0.837,-0.1102,0.2169
LEU,A,172,CG,1373,-20.18,-5.562,-1.5,0.3531,1.5299
LEU,A,172,CD1,1374,-19.863,-7.043,-1.324,-0.4121,-0.9227
LEU,A,172,CD2,1375,-20.205,-5.187,-2.978,-0.4121,-0.9227
GLU,A,173,N,1376,-23.591,-3.513,0.868,-0.5163,-0.0062
GLU,A,173,CA,1377,-24.958,-3.29,1.33,0.0397,-0.1217
GLU,A,173,C,1378,-25.393,-1.847,1.092,0.5366,-0.2645
GLU,A,173,O,1379,-26.488,-1.598,0.585,-0.5819,0.4881
GLU,A,173,CB,1380,-25.089,-3.641,2.814,0.056,0.2169
GLU,A,173,CG,1381,-26.506,-3.51,3.355,0.0136,0.2169
GLU,A,173,CD,1382,-27.486,-4.479,2.712,0.8054,-0.2645
GLU,A,173,OE1,1383,-28.704,-4.192,2.701,-0.8188,0.7653
GLU,A,173,OE2,1384,-27.032,-5.534,2.215,-0.8188,0.7653
ASN,A,174,N,1385,-24.562,-0.921,1.41,-0.4157,-0.0062
ASN,A,174,CA,1386,-24.865,0.497,1.248,0.0143,-0.1217
ASN,A,174,C,1387,-24.989,0.879,-0.224,0.5973,-0.2645
ASN,A,174,O,1388,-25.806,1.729,-0.583,-0.5679,0.4881
ASN,A,174,CB,1389,-23.799,1.355,1.932,-0.2041,0.2169
ASN,A,174,CG,1390,-23.855,1.261,3.445,0.713,-0.2645
ASN,A,174,ND2,1391,-22.86,1.833,4.111,-0.9191,-0.0062
ASN,A,174,OD1,1392,-24.784,0.677,4.009,-0.5931,0.4881
GLY,A,175,N,1393,-24.16,0.248,-1.025,-0.4157,-0.0062
GLY,A,175,CA,1394,-24.099,0.583,-2.439,-0.0252,-0.1217
GLY,A,175,C,1395,-24.694,-0.489,-3.332,0.5973,-0.2645
GLY,A,175,O,1396,-24.25,-0.675,-4.468,-0.5679,0.4881
GLY,A,175,1HA,1397,-24.647,1.511,-2.6,0.0698,nan
GLY,A,175,2HA,1398,-23.047,0.678,-2.704,0.0698,nan
LYS,A,176,N,1399,-25.642,-1.218,-2.847,-0.3479,-0.0062
LYS,A,176,CA,1400,-26.205,-2.382,-3.524,-0.24,-0.1217
LYS,A,176,C,1401,-26.682,-2.024,-4.928,0.7341,-0.2645
LYS,A,176,O,1402,-26.381,-2.731,-5.891,-0.5894,0.4881
LYS,A,176,CB,1403,-27.36,-2.969,-2.712,-0.0094,0.2169
LYS,A,176,CG,1404,-27.94,-4.249,-3.296,0.0187,0.2169
LYS,A,176,CD,1405,-29.019,-4.836,-2.395,-0.0479,0.2169
LYS,A,176,CE,1406,-29.602,-6.115,-2.979,-0.0143,-0.1217
LYS,A,176,NZ,1407,-30.661,-6.694,-2.099,-0.3854,-0.1231
GLU,A,177,N,1408,-27.345,-0.921,-5.063,-0.5163,-0.0062
GLU,A,177,CA,1409,-27.938,-0.527,-6.338,0.0397,-0.1217
GLU,A,177,C,1410,-26.865,-0.15,-7.354,0.5366,-0.2645
GLU,A,177,O,1411,-26.954,-0.524,-8.525,-0.5819,0.4881
GLU,A,177,CB,1412,-28.909,0.64,-6.141,0.056,0.2169
GLU,A,177,CG,1413,-30.18,0.264,-5.394,0.0136,0.2169
GLU,A,177,CD,1414,-31.112,1.443,-5.161,0.8054,-0.2645
GLU,A,177,OE1,1415,-32.209,1.247,-4.592,-0.8188,0.7653
GLU,A,177,OE2,1416,-30.74,2.572,-5.552,-0.8188,0.7653
THR,A,178,N,1417,-25.836,0.496,-6.869,-0.4157,-0.0062
THR,A,178,CA,1418,-24.796,1.015,-7.749,-0.0389,-0.1217
THR,A,178,C,1419,-23.715,-0.035,-7.988,0.5973,-0.2645
THR,A,178,O,1420,-23.295,-0.254,-9.127,-0.5679,0.4881
THR,A,178,CB,1421,-24.156,2.29,-7.168,0.3654,-0.1217
THR,A,178,CG2,1422,-23.122,2.873,-8.125,-0.2438,0.2169
THR,A,178,OG1,1423,-25.179,3.267,-6.936,-0.6761,0.4881
LEU,A,179,N,1424,-23.226,-0.781,-7.012,-0.4157,-0.0062
LEU,A,179,CA,1425,-22.057,-1.654,-7.064,-0.0518,-0.1217
LEU,A,179,C,1426,-22.417,-3.006,-7.672,0.5973,-0.2645
LEU,A,179,O,1427,-21.563,-3.673,-8.261,-0.5679,0.4881
LEU,A,179,CB,1428,-21.47,-1.849,-5.664,-0.1102,0.2169
LEU,A,179,CG,1429,-20.824,-0.62,-5.022,0.3531,1.5299
LEU,A,179,CD1,1430,-20.491,-0.9,-3.56,-0.4121,-0.9227
LEU,A,179,CD2,1431,-19.574,-0.21,-5.792,-0.4121,-0.9227
