ResNum,Residue,X,Y,Z
2,SER,-15.327898352040672,-12.253243766600978,-6.943605803558679
3,HIS,-19.521618107515526,-7.781500678697216,-5.184328224653249
4,SER,-12.091585910947364,-7.469833354753949,-5.610180133093423
5,MET,-12.583542254658656,-2.629446746648262,1.1749442576249283
6,ARG,-8.148810556973212,-4.704611894394813,-4.999941565886241
7,TYR,-8.72,0.8900000000000001,0.9522857142857144
8,PHE,-5.276,0.6844285714285716,-6.2620000000000005
9,PHE,-2.7935714285714286,3.607285714285715,0.696857142857143
10,THR,0.6314876990809917,7.17699399321363,-6.007923326020578
11,SER,4.942227686859166,8.602653221660526,-0.7837298003598665
12,VAL,5.578333333333334,11.244,-6.400333333333332
13,SER,11.145931461171564,12.645211335789565,-2.968837853083141
14,ARG,5.88636841945801,17.169980556557423,-3.9522864175350683
15,PRO,13.251666666666665,16.202666666666666,-4.773999999999999
16,GLY,13.802999999999999,21.7315,-2.948
17,ARG,9.540710532702752,21.309762485668983,-6.692384396382702
18,GLY,8.166999999999998,20.9415,0.78
19,GLU,5.773479608065639,17.151223674810897,4.907608189111562
20,PRO,7.296333333333332,13.522666666666664,0.5073333333333333
21,ARG,0.6109750462282963,15.16935649663485,-5.466911274224932
22,PHE,2.790857142857144,11.470428571428572,1.469714285714286
23,ILE,-2.8435,11.13125,-4.9285000000000005
24,ALA,-4.842,7.443,0.252
25,VAL,-7.966333333333333,6.919,-4.924666666666666
26,GLY,-10.1295,3.0685000000000002,-1.6705
27,TYR,-10.443285714285716,2.973857142857143,-6.8337142857142865
28,VAL,-16.525333333333332,-1.4376666666666664,-3.239333333333333
29,ASP,-16.732826610830262,-4.64697567689144,-7.348958101276669
30,ASP,-14.472057978465141,-2.011883225516237,-12.484385542512781
31,THR,-18.21837583392885,2.3802471877545512,-8.221484835612946
32,GLN,-12.159525105566184,7.627493725690552,-6.977253822505865
33,PHE,-17.62728571428572,3.1427142857142862,-3.0575714285714293
34,VAL,-12.666666666666666,6.2763333333333335,0.573
35,ARG,-8.385115239560397,11.495326447678142,-4.564512944728781
36,PHE,-5.41957142857143,12.243142857142859,3.446
37,ASP,-5.840003405877816,14.499211814183301,-3.0462588217233595
38,SER,-0.08398187815954075,15.313522141775913,0.3914416145431698
39,ASP,-0.4168033123411303,18.86285345443121,-2.4095164189015508
40,ALA,-6.888,18.038,0.666
41,ALA,-8.053,23.358,1.6200000000000003
42,SER,-10.281384521463456,18.567981742495647,3.4233124410933087
43,GLN,-3.99140412064724,18.343795215080025,5.196298744653549
44,LYS,-11.734763282436278,16.90588275014931,8.07832925473572
45,MET,-11.934947693798732,9.09600656397304,3.667754577893948
46,GLU,-12.366351641438266,15.893969367266486,0.3977646571162309
47,PRO,-17.168,12.351666666666667,0.8726666666666666
48,ARG,-13.604891865914894,11.66438640667299,-4.257492808304945
49,ALA,-19.319,6.664000000000001,-3.594
50,PRO,-23.307666666666666,9.001333333333331,-4.557666666666666
51,TRP,-25.07162291731649,4.202540640361203,-3.511928798596555
52,ILE,-18.24575,6.078249999999999,1.4665
53,GLU,-22.12406008366675,12.056360784221495,-0.17245716561960725
54,GLN,-26.225658207238915,6.032580754988632,2.6096998113542966
55,GLU,-20.109272987044296,4.409767799764228,6.545181374004509
56,GLY,-21.794,8.5105,10.9045
57,PRO,-20.340666666666664,11.780666666666665,12.239999999999998
58,GLU,-16.041614980053446,7.291570209813646,15.910267151537955
59,TYR,-16.049285714285716,5.593285714285715,6.973714285714286
60,TRP,-16.98508862512415,10.285392299759282,6.182024495448194
61,ASP,-11.906719104332677,11.747795543798018,13.889464980864249
62,GLN,-12.650368258581198,4.956668111668323,13.71460172649129
63,GLU,-11.168541655519917,4.853058907746083,6.901766115257865
64,THR,-9.286117202296769,12.20357037984678,8.209755865611896
65,ARG,-7.648593525556665,10.494304890159246,14.214137940337212
66,ASN,-6.99561091497875,4.436574811570415,10.143416893492908
67,MET,-6.92623906371606,7.709653401665222,3.6666702741596793
68,LYS,-2.432192389002935,13.427949536782316,10.566938584777555
69,ALA,-0.733,6.994,10.602
70,HIS,-0.15832469048409178,4.050520782965725,3.8800237517730007
71,SER,0.26811759203724334,10.382900122811527,4.008050552651873
72,GLN,2.583161095071801,11.112975412157093,10.40557771830463
73,THR,4.510932196274993,4.5347710275002875,7.816676138266028
74,ASP,3.8950890454973863,5.379762434667122,2.1583387384685686
75,ARG,7.584460056076687,12.588644785541637,6.045811596445102
76,ALA,9.817,7.431,7.528
77,ASN,8.884006498835605,3.3596443953095547,4.3811518649355685
78,LEU,9.552,8.7675,-0.51625
79,GLY,14.565,9.1935,3.0420000000000003
80,THR,14.657130460203788,4.091996851684348,5.492641711684248
81,LEU,12.745249999999999,2.3865,0.17099999999999999
82,ARG,16.049964890990825,9.334155962684731,-1.4025148512330392
83,GLY,20.148,5.533,1.8929999999999998
84,TYR,18.553,0.12971428571428575,3.418571428571429
85,TYR,16.79257142857143,0.4567142857142857,-3.710571428571429
86,ASN,24.297858760638437,3.377559257823793,-2.605125515333306
87,GLN,18.558362822411073,5.671492339845733,-6.442142030922873
88,SER,20.97655320880816,12.512247443806586,-6.418756097735128
89,GLU,18.547162862073325,12.783796915560075,-0.357204601377591
90,ASP,19.981805422271727,17.042299699397365,-6.315498229229143
91,GLY,15.906500000000001,12.738999999999999,-8.408
92,SER,10.29643507411533,12.499101376631538,-7.723821502013539
93,HIS,14.19952785130404,7.936102273438458,-5.973108889750226
94,THR,6.454319758928973,7.089080486939486,-7.211097557806573
95,ILE,7.169,4.3815,-1.01325
96,GLN,1.346955654480055,3.073962499814504,-6.474242286316872
97,ILE,1.92875,0.7252500000000001,0.0045000000000000075
98,MET,-3.1668360328345497,-4.074941335408743,-4.381039178255187
99,TYR,-4.838285714285715,-3.6988571428571437,3.010714285714286
100,GLY,-7.5805,-4.806000000000001,-0.5945
101,CYS,-11.02847448782812,-7.451722984776641,1.4534423622297346
102,ASP,-9.850621747636593,-10.606075147088223,-4.537440454259846
103,VAL,-15.522999999999998,-10.813666666666666,0.38266666666666665
104,GLY,-17.061999999999998,-14.7285,-3.131
105,PRO,-20.382,-14.931666666666665,-4.7989999999999995
106,ASP,-21.793727619027216,-17.847440454259846,-0.6261581269814068
107,GLY,-19.6935,-12.248999999999999,2.0809999999999995
108,ARG,-16.678616746875218,-18.685539562300143,1.5364237686770534
109,PHE,-9.953142857142858,-13.241857142857144,3.2288571428571426
110,LEU,-13.081750000000001,-15.708250000000001,-2.5295
111,ARG,-5.284531834108666,-13.597269088168808,-3.6837271339552107
112,GLY,-6.263,-10.439,1.0835000000000001
113,TYR,-4.888285714285715,-9.11157142857143,-3.637000000000001
114,ARG,0.5933072469401653,-4.175453956552331,2.8601399506275023
115,GLN,0.7097365586529443,-6.900866488873113,-5.037415296141046
116,ASP,6.162643343186817,-1.1276306728929255,-0.36340421057892774
117,ALA,5.861,-1.05,-6.334999999999999
118,TYR,12.004428571428573,3.1277142857142866,-3.866285714285715
119,ASP,12.215294726244538,4.500557500071402,-7.859593950818267
120,GLY,7.0475,1.2025,-10.4595
121,LYS,13.120165597380467,-1.4296517520983631,-10.570111669256482
122,ASP,7.234350116385341,-7.071625357010252,-6.206016147573757
123,TYR,11.473285714285717,-2.535857142857143,-1.0035714285714288
124,ILE,8.85175,-6.53075,1.237
125,ALA,4.434,-8.393,-2.287
126,LEU,1.2462499999999999,-10.351750000000001,3.548
127,ASN,4.688500283000673,-14.722530226285782,-0.06501665280352052
128,GLU,-0.06593901969373142,-15.938251276608876,-3.0630460578729353
129,ASP,1.0865917016536715,-19.364962596035753,2.488605396566989
130,LEU,-2.97975,-13.3125,4.0562499999999995
131,ARG,1.1474390877530227,-18.165369216225297,8.923624510199232
132,SER,5.366741246108589,-16.148756233399023,3.8719752020678033
133,TRP,5.588046217285224,-9.107934522212414,4.601614654069759
134,THR,8.092073050917758,-13.035728780102644,-2.1399654784690187
135,ALA,12.669,-9.716,0.38399999999999995
136,ALA,12.122999999999998,-7.64,-5.084
137,ASP,16.00005389069774,-5.130980107388683,-3.8058206844600577
138,MET,20.722479052555837,-4.569139532151721,0.39262714577306573
139,ALA,16.755,-2.325,-0.36
140,ALA,13.127,-6.25,-0.674
141,GLN,17.69656882055096,-10.230410253071131,1.0919604804060137
142,ILE,17.9675,-4.4295,5.325499999999999
143,THR,11.576900628163932,-3.3197603482137055,4.215435152193576
144,LYS,11.523140782527332,-11.686192700361026,4.477325269287682
145,ARG,17.252715696541248,-9.410391362939427,7.586088136579837
146,LYS,11.257145392303139,-1.903492393160823,10.460219838474124
147,TRP,7.088766472040354,-5.121878303904438,6.683488035304865
148,GLU,11.395419409746617,-12.496286618904687,8.976162862073323
149,ALA,11.428,-8.048,14.518
150,VAL,6.956666666666666,-5.019999999999999,13.340333333333332
151,HIS,5.733930300083569,-11.34104419473272,15.543359950132452
152,ALA,4.403,-6.357,9.501
153,ALA,3.003,-11.466999999999999,8.168
154,GLU,0.13687382959145572,-13.506788778189023,12.420343562863248
155,GLN,0.9526485559927036,-5.159772204786434,12.969824716978444
156,LEU,-0.34349999999999997,-6.353,6.43625
157,ARG,-3.4412979587350607,-14.01777142738346,9.472569022061622
158,ALA,-5.952,-9.217,12.115
159,TYR,-5.196285714285715,-4.468714285714286,10.363
160,LEU,-5.25525,-8.7335,3.9562500000000003
161,GLU,-7.632519327726151,-14.156077810670888,7.970597867467859
162,GLY,-12.002,-9.6495,9.6465
163,ARG,-10.000409524205512,-2.2416436422837176,9.09817117797467
164,CYS,-10.306109966649274,-5.651370147696078,2.9657807019533995
165,VAL,-13.963,-9.865666666666666,4.718333333333334
166,ASP,-17.661807942764117,-5.796441000485534,9.196284098049293
167,GLY,-15.929500000000003,-2.5229999999999997,5.5685
168,LEU,-15.97225,-5.8095,-0.22149999999999997
169,ARG,-19.0853640523868,-9.709884517735,4.934268845464212
170,ARG,-20.66114185713176,-2.8835553667853113,7.950685647584541
171,TYR,-17.54957142857143,0.362,2.2971428571428576
172,LEU,-20.43225,-5.66275,-1.827
173,GLU,-26.150481345488434,-6.12051309828639,1.5507376726766011
174,ASN,-24.452127455803588,0.586736412913715,3.587748883082039
175,GLY,-24.3205,1.3985,-2.4604999999999997
176,LYS,-29.322421376763597,-3.353350951173185,-1.9779003573527083
177,GLU,-30.752625692690764,0.5514964384302634,-5.59125750310884
178,THR,-24.19256618209258,2.591875356684174,-8.046625310458905
179,LEU,-20.743750000000002,-1.172,-4.9895
